{
  "methodology": "Hanley-McNeil asymptotic method for AUC-ROC confidence intervals",
  "confidence_settings": {
    "confidence_level": 0.95,
    "z_score": 1.96,
    "reference": "Hanley & McNeil (1982), Radiology 143(1):29-36"
  },
  "sample_info": {
    "n_positive": 32,
    "n_negative": 190,
    "n_total": 222,
    "note": "Positive = Diabetic, Negative = Normal + Pre-diabetic"
  },
  "models": {
    "Logistic Regression": {
      "mean_auc": 0.6683,
      "ci_lower": 0.5595529235026327,
      "ci_upper": 0.7770470764973673,
      "ci_width": 0.2174941529947345,
      "standard_error": 0.05548320229457512,
      "method": "Hanley-McNeil asymptotic method",
      "n_positive": 32,
      "n_negative": 190,
      "n_total": 222,
      "status": "success",
      "accuracy": 0.4505,
      "f1_score": 0.4467,
      "recall": 0.4505,
      "precision": 0.4903,
      "brier_score": 0.2042
    },
    "Random Forest": {
      "mean_auc": 0.6534,
      "ci_lower": 0.5439814870047046,
      "ci_upper": 0.7628185129952954,
      "ci_width": 0.21883702599059074,
      "standard_error": 0.05582577193637519,
      "method": "Hanley-McNeil asymptotic method",
      "n_positive": 32,
      "n_negative": 190,
      "n_total": 222,
      "status": "success",
      "accuracy": 0.5135,
      "f1_score": 0.521,
      "recall": 0.5135,
      "precision": 0.5438,
      "brier_score": 0.2018
    },
    "XGBoost": {
      "mean_auc": 0.6732,
      "ci_lower": 0.5647065697238182,
      "ci_upper": 0.7816934302761819,
      "ci_width": 0.21698686055236371,
      "standard_error": 0.055353790957235624,
      "method": "Hanley-McNeil asymptotic method",
      "n_positive": 32,
      "n_negative": 190,
      "n_total": 222,
      "status": "success",
      "accuracy": 0.5225,
      "f1_score": 0.5171,
      "recall": 0.5225,
      "precision": 0.5178,
      "brier_score": 0.2006
    },
    "CatBoost": {
      "mean_auc": 0.6726,
      "ci_lower": 0.5640746259310557,
      "ci_upper": 0.7811253740689442,
      "ci_width": 0.2170507481378885,
      "standard_error": 0.05537008881068583,
      "method": "Hanley-McNeil asymptotic method",
      "n_positive": 32,
      "n_negative": 190,
      "n_total": 222,
      "status": "success",
      "accuracy": 0.5045,
      "f1_score": 0.505,
      "recall": 0.5045,
      "precision": 0.5199,
      "brier_score": 0.1966
    },
    "LightGBM": {
      "mean_auc": 0.6452,
      "ci_lower": 0.5354748897705667,
      "ci_upper": 0.7549251102294333,
      "ci_width": 0.21945022045886664,
      "standard_error": 0.05598219909664968,
      "method": "Hanley-McNeil asymptotic method",
      "n_positive": 32,
      "n_negative": 190,
      "n_total": 222,
      "status": "success",
      "accuracy": 0.5,
      "f1_score": 0.4972,
      "recall": 0.5,
      "precision": 0.499,
      "brier_score": 0.2207
    },
    "Voting Ensemble": {
      "mean_auc": 0.6632,
      "ci_lower": 0.5542063031857394,
      "ci_upper": 0.7721936968142606,
      "ci_width": 0.21798739362852126,
      "standard_error": 0.05560902898686764,
      "method": "Hanley-McNeil asymptotic method",
      "n_positive": 32,
      "n_negative": 190,
      "n_total": 222,
      "status": "success",
      "accuracy": 0.4955,
      "f1_score": 0.4922,
      "recall": 0.4955,
      "precision": 0.4963,
      "brier_score": 0.2006
    },
    "Stacking Ensemble": {
      "mean_auc": 0.6689,
      "ci_lower": 0.560183099505852,
      "ci_upper": 0.7776169004941481,
      "ci_width": 0.21743380098829612,
      "standard_error": 0.05546780637456533,
      "method": "Hanley-McNeil asymptotic method",
      "n_positive": 32,
      "n_negative": 190,
      "n_total": 222,
      "status": "success",
      "accuracy": 0.5,
      "f1_score": 0.5005,
      "recall": 0.5,
      "precision": 0.5016,
      "brier_score": 0.1964
    }
  }
}