specification,k,centroid_id,n,share_percent,cycle_counts,centroid_bmi,member_median_bmi,member_q1_bmi,member_q3_bmi,missing_percent_bmi,centroid_triglycerides,member_median_triglycerides,member_q1_triglycerides,member_q3_triglycerides,missing_percent_triglycerides,centroid_ldl,member_median_ldl,member_q1_ldl,member_q3_ldl,missing_percent_ldl,centroid_hdl,member_median_hdl,member_q1_hdl,member_q3_hdl,missing_percent_hdl,centroid_age,member_median_age,member_q1_age,member_q3_age,missing_percent_age,centroid_waist_circumference,member_median_waist_circumference,member_q1_waist_circumference,member_q3_waist_circumference,missing_percent_waist_circumference,centroid_fasting_insulin,member_median_fasting_insulin,member_q1_fasting_insulin,member_q3_fasting_insulin,missing_percent_fasting_insulin,centroid_crp,member_median_crp,member_q1_crp,member_q3_crp,missing_percent_crp
core6_all_equal,2,K02-C02,604,43.895348837209305,"{""2009-2010"": 99, ""2011-2012"": 75, ""2013-2014"": 107, ""2015-2016"": 103, ""2017-2018"": 103, ""2021-2023"": 117}",37.388311258278144,36.42,32.9,41.0,0.49668874172185434,163.68874172185429,140.0,100.0,199.0,1.490066225165563,122.30298013245033,120.0,96.75,145.0,4.635761589403973,49.82119205298013,48.0,42.0,56.0,1.1589403973509933,54.253311258278146,55.0,51.0,58.0,0.0,115.3294701986755,113.9,106.225,122.6,2.3178807947019866,,,,,,,,,,
core6_all_equal,2,K02-C01,772,56.104651162790695,"{""2009-2010"": 123, ""2011-2012"": 115, ""2013-2014"": 129, ""2015-2016"": 126, ""2017-2018"": 131, ""2021-2023"": 148}",26.14488341968912,26.1,23.0975,28.869999999999997,1.0362694300518136,97.80829015544042,88.0,65.0,119.0,3.4974093264248705,127.00647668393782,125.0,103.0,150.0,3.4974093264248705,65.85880829015544,64.0,54.0,75.0,2.7202072538860103,54.86139896373057,55.0,52.0,58.0,0.0,90.68652849740933,90.9,83.625,97.675,1.8134715025906734,,,,,,,,,,
core6_all_equal,3,K03-C02,323,23.473837209302324,"{""2009-2010"": 63, ""2011-2012"": 48, ""2013-2014"": 59, ""2015-2016"": 57, ""2017-2018"": 50, ""2021-2023"": 46}",29.86904024767802,29.55,27.0,33.0,0.9287925696594427,214.8575851393189,184.0,149.5,249.0,0.0,151.64705882352942,153.0,129.5,175.0,5.88235294117647,47.21052631578947,47.0,41.0,52.5,0.0,55.012383900928796,55.0,53.0,58.5,0.0,101.0374613003096,101.6,94.25,107.15,1.238390092879257,,,,,,,,,,
core6_all_equal,3,K03-C01,645,46.875,"{""2009-2010"": 99, ""2011-2012"": 89, ""2013-2014"": 109, ""2015-2016"": 106, ""2017-2018"": 109, ""2021-2023"": 133}",25.96663565891473,25.8,22.6,28.89,1.0852713178294573,85.99069767441861,81.0,62.0,103.0,4.186046511627907,120.36744186046512,120.0,99.0,141.0,4.186046511627907,68.53333333333333,66.0,58.0,77.25,3.255813953488372,54.775193798449614,55.0,52.0,58.0,0.0,90.20286821705426,90.4,83.0,97.375,1.7054263565891472,,,,,,,,,,
core6_all_equal,3,K03-C03,408,29.651162790697676,"{""2009-2010"": 60, ""2011-2012"": 53, ""2013-2014"": 68, ""2015-2016"": 66, ""2017-2018"": 75, ""2021-2023"": 86}",40.12306372549019,38.9,35.6,42.754999999999995,0.24509803921568626,121.35539215686275,112.0,82.5,144.0,2.2058823529411766,111.03186274509804,111.0,89.5,132.0,2.2058823529411766,52.65196078431372,51.0,44.0,59.0,1.715686274509804,53.97794117647059,54.0,51.0,58.0,0.0,119.73786764705882,118.6,111.3,126.7,3.1862745098039214,,,,,,,,,,
core6_all_equal,4,K04-C03,121,8.793604651162791,"{""2009-2010"": 21, ""2011-2012"": 13, ""2013-2014"": 26, ""2015-2016"": 17, ""2017-2018"": 17, ""2021-2023"": 27}",32.00694214876033,31.4,28.2,35.5,1.6528925619834711,315.5041322314049,284.0,240.0,351.0,0.0,117.90082644628099,115.0,90.5,145.75,15.702479338842975,42.14049586776859,41.0,36.0,46.0,0.0,54.107438016528924,55.0,51.0,58.0,0.0,106.42231404958677,105.8,100.05,112.7,1.6528925619834711,,,,,,,,,,
core6_all_equal,4,K04-C02,482,35.02906976744186,"{""2009-2010"": 81, ""2011-2012"": 71, ""2013-2014"": 75, ""2015-2016"": 77, ""2017-2018"": 88, ""2021-2023"": 90}",28.45661825726141,28.6,25.8,31.1,1.2448132780082988,126.7344398340249,121.0,91.0,162.0,4.356846473029045,149.201244813278,148.0,126.0,169.0,4.356846473029045,53.90248962655601,53.0,47.25,60.0,4.149377593360995,55.40871369294606,56.0,53.0,59.0,0.0,96.73609958506223,97.3,90.4,103.0,1.6597510373443984,,,,,,,,,,
core6_all_equal,4,K04-C04,378,27.47093023255814,"{""2009-2010"": 60, ""2011-2012"": 50, ""2013-2014"": 63, ""2015-2016"": 63, ""2017-2018"": 70, ""2021-2023"": 72}",40.54026455026455,39.2,35.9,42.9,0.26455026455026454,116.53174603174604,111.0,79.25,142.0,2.1164021164021163,111.94179894179895,112.0,90.0,132.0,2.1164021164021163,53.27513227513227,51.0,45.0,60.0,1.5873015873015872,53.923280423280424,54.0,51.0,58.0,0.0,120.30806878306879,119.1,112.1,127.7,3.439153439153439,,,,,,,,,,
core6_all_equal,4,K04-C01,395,28.706395348837212,"{""2009-2010"": 60, ""2011-2012"": 56, ""2013-2014"": 72, ""2015-2016"": 72, ""2017-2018"": 59, ""2021-2023"": 76}",24.944911392405064,24.5,21.8,27.7,0.5063291139240507,78.64556962025316,72.5,56.0,94.0,1.7721518987341773,109.9367088607595,110.0,91.0,129.0,1.7721518987341773,75.23291139240506,74.0,63.0,84.0,0.5063291139240507,54.392405063291136,55.0,51.0,58.0,0.0,87.81936708860759,86.9,80.4,94.35000000000001,1.2658227848101267,,,,,,,,,,
core6_all_equal,5,K05-C05,288,20.930232558139537,"{""2009-2010"": 43, ""2011-2012"": 33, ""2013-2014"": 48, ""2015-2016"": 47, ""2017-2018"": 56, ""2021-2023"": 61}",42.183125,40.769999999999996,37.752500000000005,44.6,0.0,120.39236111111111,112.0,84.5,151.0,2.083333333333333,113.53819444444444,113.0,90.25,134.0,2.083333333333333,53.52777777777778,51.0,44.75,61.0,1.3888888888888888,55.02430555555556,55.0,52.75,58.0,0.0,123.57274305555555,122.3,115.95,131.55,3.125,,,,,,,,,,
core6_all_equal,5,K05-C03,288,20.930232558139537,"{""2009-2010"": 53, ""2011-2012"": 43, ""2013-2014"": 55, ""2015-2016"": 43, ""2017-2018"": 43, ""2021-2023"": 51}",30.06857638888889,29.9,27.095,33.6,1.3888888888888888,100.64583333333333,95.0,69.0,122.0,3.125,114.58333333333334,115.0,95.0,134.5,3.125,55.229166666666664,55.0,48.0,63.0,3.125,50.00694444444444,50.0,48.0,52.0,0.0,99.17951388888889,99.55,92.475,106.725,2.7777777777777777,,,,,,,,,,
core6_all_equal,5,K05-C01,291,21.148255813953487,"{""2009-2010"": 45, ""2011-2012"": 37, ""2013-2014"": 49, ""2015-2016"": 57, ""2017-2018"": 48, ""2021-2023"": 55}",24.133333333333333,23.4,20.905,26.375,0.3436426116838488,77.76288659793815,71.0,53.0,92.0,2.405498281786942,112.48453608247424,112.0,92.0,133.0,2.405498281786942,79.49828178694158,78.0,68.0,88.0,0.6872852233676976,55.649484536082475,56.0,54.0,58.0,0.0,85.93917525773196,85.0,78.75,91.55,1.3745704467353952,,,,,,,,,,
core6_all_equal,5,K05-C04,109,7.921511627906977,"{""2009-2010"": 19, ""2011-2012"": 12, ""2013-2014"": 23, ""2015-2016"": 17, ""2017-2018"": 15, ""2021-2023"": 23}",32.19899082568807,31.8,28.15,36.0,1.834862385321101,327.4403669724771,296.0,252.0,354.0,0.0,118.5045871559633,115.5,92.25,145.75,17.431192660550458,42.220183486238525,41.0,36.0,47.0,0.0,54.357798165137616,55.0,51.0,58.0,0.0,107.03761467889908,106.2,100.45,113.2,1.834862385321101,,,,,,,,,,
core6_all_equal,5,K05-C02,400,29.069767441860467,"{""2009-2010"": 62, ""2011-2012"": 65, ""2013-2014"": 61, ""2015-2016"": 65, ""2017-2018"": 72, ""2021-2023"": 75}",28.563525,28.6,25.8,31.4,1.0,130.9925,125.5,93.0,168.0,3.5000000000000004,151.4275,150.5,127.0,170.0,3.5000000000000004,54.692499999999995,54.0,48.0,62.0,3.25,56.885,57.0,55.0,59.0,0.0,97.102375,97.8,90.4,103.45,1.25,,,,,,,,,,
core6_all_equal,6,K06-C05,100,7.267441860465117,"{""2009-2010"": 16, ""2011-2012"": 11, ""2013-2014"": 23, ""2015-2016"": 16, ""2017-2018"": 13, ""2021-2023"": 21}",32.1711,31.61,28.2,35.875,2.0,333.35,303.0,253.5,366.5,0.0,115.53999999999999,115.0,86.0,139.0,19.0,41.91,40.5,36.0,46.0,0.0,53.89,54.0,51.0,57.0,0.0,107.369,106.2,100.45,113.65,2.0,,,,,,,,,,
core6_all_equal,6,K06-C01,242,17.587209302325583,"{""2009-2010"": 39, ""2011-2012"": 30, ""2013-2014"": 36, ""2015-2016"": 49, ""2017-2018"": 41, ""2021-2023"": 47}",23.626487603305783,22.8,20.6,25.8,0.4132231404958678,78.26859504132231,71.0,52.5,94.0,2.8925619834710745,117.93801652892562,118.0,95.0,137.0,2.8925619834710745,82.23140495867769,80.0,72.0,90.0,0.8264462809917356,55.71487603305785,56.0,54.0,58.0,0.0,84.8495867768595,84.0,77.9,90.42500000000001,0.8264462809917356,,,,,,,,,,
core6_all_equal,6,K06-C03,272,19.767441860465116,"{""2009-2010"": 46, ""2011-2012"": 46, ""2013-2014"": 41, ""2015-2016"": 46, ""2017-2018"": 53, ""2021-2023"": 40}",28.501875000000002,28.2,25.0,31.175,0.7352941176470588,144.3933823529412,137.0,104.0,180.0,0.0,169.94117647058823,163.0,150.75,184.0,0.0,54.30882352941176,54.0,48.0,61.0,0.0,56.091911764705884,56.0,54.0,59.0,0.0,96.98198529411765,96.9,89.475,103.92500000000001,1.4705882352941175,,,,,,,,,,
core6_all_equal,6,K06-C02,239,17.36918604651163,"{""2009-2010"": 40, ""2011-2012"": 41, ""2013-2014"": 47, ""2015-2016"": 36, ""2017-2018"": 32, ""2021-2023"": 43}",28.821715481171548,28.6,25.3,32.4,0.8368200836820083,96.18828451882845,90.0,65.0,115.75,3.765690376569038,117.4518828451883,118.0,100.25,136.5,3.765690376569038,56.995815899581594,56.0,49.25,64.75,3.765690376569038,49.29707112970711,50.0,47.0,51.0,0.0,96.30523012552301,97.05,88.69999999999999,104.2,2.092050209205021,,,,,,,,,,
core6_all_equal,6,K06-C06,241,17.51453488372093,"{""2009-2010"": 37, ""2011-2012"": 29, ""2013-2014"": 40, ""2015-2016"": 44, ""2017-2018"": 50, ""2021-2023"": 41}",43.35025,41.5,38.9,46.1,0.0,120.9375,112.0,87.0,152.0,2.0746887966804977,118.85416666666667,118.5,99.0,138.0,2.0746887966804977,52.829166666666666,50.0,44.0,60.0,1.6597510373443984,53.829166666666666,54.0,51.0,57.0,0.0,126.13312499999999,124.30000000000001,118.95,133.0,2.0746887966804977,,,,,,,,,,
core6_all_equal,6,K06-C04,282,20.49418604651163,"{""2009-2010"": 44, ""2011-2012"": 33, ""2013-2014"": 49, ""2015-2016"": 38, ""2017-2018"": 45, ""2021-2023"": 73}",31.048445229681978,30.865,27.525,34.3,1.4184397163120568,108.87279151943463,102.0,79.5,136.0,5.319148936170213,102.49116607773851,105.0,85.0,121.0,5.319148936170213,55.72791519434629,55.0,48.0,62.0,4.609929078014184,57.56890459363958,58.0,56.0,60.0,0.0,101.52120141342756,101.65,94.675,108.0,3.546099290780142,,,,,,,,,,
core6_all_equal,7,K07-C07,172,12.5,"{""2009-2010"": 22, ""2011-2012"": 14, ""2013-2014"": 35, ""2015-2016"": 34, ""2017-2018"": 39, ""2021-2023"": 28}",44.05476744186046,41.75,38.9,48.05,0.0,118.87209302325581,108.5,80.0,140.0,2.3255813953488373,113.69767441860465,112.5,93.0,134.0,2.3255813953488373,54.58139534883721,52.0,45.0,61.0,1.744186046511628,56.72093023255814,57.0,55.0,59.0,0.0,127.26220930232557,125.25,118.8,134.025,2.3255813953488373,,,,,,,,,,
core6_all_equal,7,K07-C03,285,20.712209302325583,"{""2009-2010"": 42, ""2011-2012"": 33, ""2013-2014"": 49, ""2015-2016"": 40, ""2017-2018"": 49, ""2021-2023"": 72}",28.96782456140351,28.8,25.9,32.3,1.4035087719298245,105.3438596491228,99.0,78.0,130.0,5.263157894736842,102.69122807017544,106.0,86.0,121.0,5.263157894736842,56.93333333333333,57.5,49.0,64.0,4.56140350877193,57.54385964912281,58.0,56.0,60.0,0.0,96.84315789473685,98.3,90.4,103.7,2.807017543859649,,,,,,,,,,
core6_all_equal,7,K07-C04,256,18.6046511627907,"{""2009-2010"": 44, ""2011-2012"": 45, ""2013-2014"": 37, ""2015-2016"": 43, ""2017-2018"": 47, ""2021-2023"": 40}",28.8565625,28.6,26.0,31.4,0.78125,145.140625,137.5,104.0,180.0,0.0,171.265625,163.0,152.0,185.0,0.0,54.53125,54.0,48.0,62.0,0.0,56.3828125,57.0,54.0,59.0,0.0,97.985546875,98.5,90.8,104.725,1.5625,,,,,,,,,,
core6_all_equal,7,K07-C01,181,13.154069767441861,"{""2009-2010"": 31, ""2011-2012"": 23, ""2013-2014"": 25, ""2015-2016"": 39, ""2017-2018"": 31, ""2021-2023"": 32}",23.88690607734807,23.4,20.5,26.025,0.5524861878453038,74.88950276243094,67.0,50.0,89.0,2.209944751381215,119.31491712707182,120.0,95.0,140.0,2.209944751381215,88.03867403314916,85.0,78.0,95.0,0.0,55.54696132596685,56.0,53.0,58.0,0.0,85.63701657458563,84.8,78.3,91.30000000000001,1.1049723756906076,,,,,,,,,,
core6_all_equal,7,K07-C06,85,6.1773255813953485,"{""2009-2010"": 17, ""2011-2012"": 11, ""2013-2014"": 16, ""2015-2016"": 12, ""2017-2018"": 10, ""2021-2023"": 19}",31.61470588235294,31.1,28.0,35.45,2.3529411764705883,350.95294117647063,315.0,267.0,384.0,0.0,114.81176470588235,114.0,85.25,138.0,22.35294117647059,42.435294117647054,41.0,36.0,47.0,0.0,54.51764705882353,55.0,52.0,58.0,0.0,106.68588235294118,105.8,99.85,112.7,2.3529411764705883,,,,,,,,,,
core6_all_equal,7,K07-C02,206,14.970930232558139,"{""2009-2010"": 35, ""2011-2012"": 31, ""2013-2014"": 40, ""2015-2016"": 32, ""2017-2018"": 32, ""2021-2023"": 36}",25.971456310679613,25.75,22.98,28.869999999999997,0.9708737864077669,92.4126213592233,83.0,65.0,108.25,4.854368932038835,122.33009708737865,122.0,104.0,142.25,4.854368932038835,59.490291262135926,60.0,52.0,67.0,4.368932038834951,49.95145631067961,50.0,48.0,52.0,0.0,90.02135922330098,90.4,83.3,97.175,1.9417475728155338,,,,,,,,,,
core6_all_equal,7,K07-C05,191,13.880813953488373,"{""2009-2010"": 31, ""2011-2012"": 33, ""2013-2014"": 34, ""2015-2016"": 29, ""2017-2018"": 26, ""2021-2023"": 38}",37.61759162303665,37.0,34.405,40.55,0.0,127.3717277486911,118.5,89.0,163.5,1.5706806282722512,118.83769633507853,118.5,99.0,136.25,1.5706806282722512,50.073298429319365,48.0,41.75,56.0,1.5706806282722512,50.02094240837697,50.0,48.0,52.0,0.0,115.09057591623036,114.4,107.95,121.25,2.094240837696335,,,,,,,,,,
core6_all_equal,8,K08-C01,168,12.209302325581394,"{""2009-2010"": 29, ""2011-2012"": 20, ""2013-2014"": 24, ""2015-2016"": 37, ""2017-2018"": 29, ""2021-2023"": 29}",23.961190476190477,23.4,20.5,26.1,0.5952380952380952,73.58333333333333,65.5,50.0,86.25,2.380952380952381,118.95833333333333,120.0,95.0,140.0,2.380952380952381,89.45833333333334,86.5,79.0,96.0,0.0,55.398809523809526,56.0,53.0,58.0,0.0,85.77916666666667,84.69999999999999,78.3,91.475,1.1904761904761905,,,,,,,,,,
core6_all_equal,8,K08-C06,165,11.991279069767442,"{""2009-2010"": 26, ""2011-2012"": 26, ""2013-2014"": 31, ""2015-2016"": 26, ""2017-2018"": 24, ""2021-2023"": 32}",37.02490909090909,36.9,33.6,40.5,0.0,136.3030303030303,124.0,94.0,174.5,1.8181818181818181,124.0909090909091,122.5,103.0,143.75,1.8181818181818181,48.521212121212116,48.0,40.25,54.0,1.8181818181818181,49.43030303030303,50.0,47.0,51.0,0.0,114.53060606060606,114.1,106.975,121.45,0.6060606060606061,,,,,,,,,,
core6_all_equal,8,K08-C02,177,12.863372093023257,"{""2009-2010"": 30, ""2011-2012"": 27, ""2013-2014"": 36, ""2015-2016"": 25, ""2017-2018"": 28, ""2021-2023"": 31}",26.61225988700565,26.8,23.55,29.225,1.1299435028248588,86.5141242937853,79.5,64.0,100.75,3.954802259887006,118.14689265536724,119.5,101.25,138.0,3.954802259887006,60.65536723163842,60.0,53.0,68.75,3.954802259887006,49.44632768361582,50.0,48.0,51.0,0.0,91.23757062146892,91.94999999999999,83.85000000000001,98.225,2.824858757062147,,,,,,,,,,
core6_all_equal,8,K08-C03,273,19.84011627906977,"{""2009-2010"": 40, ""2011-2012"": 33, ""2013-2014"": 48, ""2015-2016"": 44, ""2017-2018"": 48, ""2021-2023"": 60}",26.382610294117647,26.7,23.4,28.86,1.465201465201465,105.11397058823529,97.0,74.0,128.0,5.86080586080586,110.70955882352942,113.0,95.0,128.0,5.86080586080586,57.99264705882353,59.0,52.0,65.0,5.128205128205128,57.31985294117647,57.0,56.0,59.0,0.0,91.56121323529412,92.0,84.9,98.9,1.8315018315018317,,,,,,,,,,
core6_all_equal,8,K08-C08,72,5.232558139534884,"{""2009-2010"": 7, ""2011-2012"": 10, ""2013-2014"": 20, ""2015-2016"": 13, ""2017-2018"": 14, ""2021-2023"": 8}",50.93083333333333,49.9,46.2925,53.975,0.0,111.66666666666667,103.0,76.0,123.0,4.166666666666666,111.23611111111111,110.0,88.0,132.0,4.166666666666666,54.30555555555556,51.5,45.0,60.5,2.7777777777777777,54.77777777777778,55.0,52.0,58.0,0.0,137.63611111111112,138.35,131.125,145.125,2.7777777777777777,,,,,,,,,,
core6_all_equal,8,K08-C04,216,15.69767441860465,"{""2009-2010"": 39, ""2011-2012"": 40, ""2013-2014"": 31, ""2015-2016"": 34, ""2017-2018"": 38, ""2021-2023"": 34}",28.692685185185184,28.6,26.0,31.07,0.9259259259259258,146.35185185185185,139.0,105.0,180.25,0.0,176.25,169.5,156.0,190.0,0.0,54.80555555555555,54.0,48.0,62.0,0.0,55.898148148148145,56.0,54.0,59.0,0.0,97.42685185185185,97.55,90.8,103.325,1.8518518518518516,,,,,,,,,,
core6_all_equal,8,K08-C07,79,5.741279069767442,"{""2009-2010"": 15, ""2011-2012"": 10, ""2013-2014"": 16, ""2015-2016"": 12, ""2017-2018"": 8, ""2021-2023"": 18}",31.331139240506328,30.6,28.0,34.2,2.5316455696202533,358.73417721518985,319.0,282.5,397.5,0.0,116.0,115.5,81.75,141.75,24.050632911392405,42.17721518987341,41.0,36.0,46.5,0.0,54.59493670886076,55.0,52.5,58.0,0.0,106.22658227848102,105.5,99.8,112.1,2.5316455696202533,,,,,,,,,,
core6_all_equal,8,K08-C05,226,16.424418604651162,"{""2009-2010"": 36, ""2011-2012"": 24, ""2013-2014"": 30, ""2015-2016"": 38, ""2017-2018"": 45, ""2021-2023"": 53}",37.028898678414095,36.8,34.4,39.3,0.0,121.70925110132158,114.0,86.5,153.0,1.3274336283185841,110.97797356828194,111.0,90.0,132.0,1.3274336283185841,54.22907488986784,53.0,45.0,61.0,0.8849557522123894,57.202643171806166,57.5,55.0,59.0,0.0,114.36541850220264,114.2,108.45,120.3,3.0973451327433628,,,,,,,,,,
core6_all_equal,9,K09-C02,197,14.31686046511628,"{""2009-2010"": 23, ""2011-2012"": 32, ""2013-2014"": 31, ""2015-2016"": 28, ""2017-2018"": 43, ""2021-2023"": 40}",25.10969543147208,24.6,22.3,27.9,0.5076142131979695,99.04060913705584,91.0,74.0,121.0,2.030456852791878,152.85786802030458,152.0,138.0,164.0,2.030456852791878,63.66497461928934,64.0,56.0,72.0,1.015228426395939,56.89340101522843,57.0,55.0,59.0,0.0,88.33096446700507,87.0,81.1,94.95,1.015228426395939,,,,,,,,,,
core6_all_equal,9,K09-C08,66,4.796511627906977,"{""2009-2010"": 13, ""2011-2012"": 8, ""2013-2014"": 14, ""2015-2016"": 8, ""2017-2018"": 7, ""2021-2023"": 16}",31.580000000000002,30.770000000000003,27.975,35.5,3.0303030303030303,379.5606060606061,333.5,302.5,418.0,0.0,111.95454545454545,110.0,77.5,133.0,28.78787878787879,42.166666666666664,40.5,35.25,47.0,0.0,54.60606060606061,55.0,52.25,57.75,0.0,107.17424242424242,106.1,100.02499999999999,113.45,3.0303030303030303,,,,,,,,,,
core6_all_equal,9,K09-C04,238,17.296511627906977,"{""2009-2010"": 43, ""2011-2012"": 28, ""2013-2014"": 39, ""2015-2016"": 37, ""2017-2018"": 36, ""2021-2023"": 55}",27.957215189873416,27.835,25.625,30.5375,1.680672268907563,108.52742616033755,99.0,75.0,134.0,5.46218487394958,99.03375527426161,103.0,83.0,115.0,5.46218487394958,56.74683544303797,57.5,49.25,64.0,5.042016806722689,56.89451476793249,57.0,55.0,59.0,0.0,95.15801687763712,96.0,89.69999999999999,101.3,2.941176470588235,,,,,,,,,,
core6_all_equal,9,K09-C09,57,4.142441860465116,"{""2009-2010"": 7, ""2011-2012"": 6, ""2013-2014"": 16, ""2015-2016"": 11, ""2017-2018"": 9, ""2021-2023"": 8}",52.22666666666667,50.65,48.2,54.9,0.0,114.28070175438597,102.0,66.75,136.25,1.7543859649122806,106.91228070175438,104.0,87.75,125.0,1.7543859649122806,53.24561403508772,51.0,43.0,58.0,1.7543859649122806,54.43859649122807,55.0,52.0,57.0,0.0,140.15877192982455,140.2,133.92499999999998,147.8,1.7543859649122806,,,,,,,,,,
core6_all_equal,9,K09-C05,156,11.337209302325581,"{""2009-2010"": 31, ""2011-2012"": 22, ""2013-2014"": 23, ""2015-2016"": 32, ""2017-2018"": 28, ""2021-2023"": 20}",30.77198717948718,30.3,27.755,33.25,0.641025641025641,181.75641025641028,176.5,142.75,212.25,0.0,174.8076923076923,170.0,151.0,190.0,0.0,49.08333333333333,49.0,42.75,54.0,0.0,55.35897435897436,55.0,53.0,58.0,0.0,102.81217948717949,103.0,97.3,108.65,1.282051282051282,,,,,,,,,,
core6_all_equal,9,K09-C03,165,11.991279069767442,"{""2009-2010"": 28, ""2011-2012"": 24, ""2013-2014"": 33, ""2015-2016"": 27, ""2017-2018"": 23, ""2021-2023"": 30}",26.175030303030304,26.33,23.35,28.9,1.2121212121212122,90.98181818181817,83.0,64.0,107.75,4.242424242424243,123.24848484848485,121.5,104.5,142.75,4.242424242424243,59.07878787878788,59.0,51.0,67.0,4.242424242424243,49.12121212121212,49.0,47.0,51.0,0.0,90.39393939393939,91.2,83.7,97.3,2.4242424242424243,,,,,,,,,,
core6_all_equal,9,K09-C01,139,10.101744186046512,"{""2009-2010"": 25, ""2011-2012"": 18, ""2013-2014"": 22, ""2015-2016"": 29, ""2017-2018"": 23, ""2021-2023"": 22}",24.225251798561153,23.515,20.5,26.2,0.7194244604316548,73.34532374100719,62.0,49.0,86.25,2.158273381294964,111.4748201438849,110.5,91.0,132.0,2.158273381294964,92.17985611510792,89.0,82.0,97.5,0.0,54.96402877697842,55.0,52.0,58.0,0.0,86.65683453237409,85.3,78.3,93.5,1.4388489208633095,,,,,,,,,,
core6_all_equal,9,K09-C06,196,14.244186046511627,"{""2009-2010"": 27, ""2011-2012"": 22, ""2013-2014"": 29, ""2015-2016"": 32, ""2017-2018"": 42, ""2021-2023"": 44}",38.204263959390865,37.8,35.375,40.849999999999994,0.0,120.23350253807106,112.0,87.0,148.5,2.5510204081632653,114.28426395939087,117.0,94.0,135.0,2.5510204081632653,54.847715736040605,53.0,45.0,62.0,1.530612244897959,57.51776649746193,58.0,56.0,60.0,0.0,116.63832487309645,116.6,111.2,122.65,2.5510204081632653,,,,,,,,,,
core6_all_equal,9,K09-C07,162,11.773255813953488,"{""2009-2010"": 25, ""2011-2012"": 30, ""2013-2014"": 29, ""2015-2016"": 25, ""2017-2018"": 23, ""2021-2023"": 30}",37.77691358024691,37.25,34.349999999999994,41.075,0.0,125.50617283950618,117.0,81.0,159.5,1.8518518518518516,118.75308641975309,118.0,99.5,135.0,1.8518518518518516,50.01851851851852,48.0,42.0,56.0,1.8518518518518516,49.45061728395061,50.0,47.0,51.0,0.0,115.28425925925926,114.5,107.95,122.0,1.8518518518518516,,,,,,,,,,
core6_all_equal,10,K10-C01,137,9.956395348837209,"{""2009-2010"": 27, ""2011-2012"": 17, ""2013-2014"": 20, ""2015-2016"": 27, ""2017-2018"": 24, ""2021-2023"": 22}",23.57,23.2,20.4,25.9,0.7299270072992701,74.02189781021897,65.0,51.0,85.75,2.18978102189781,116.82481751824818,117.5,95.0,137.0,2.18978102189781,91.63503649635037,88.0,81.0,97.0,0.0,54.824817518248175,55.0,52.0,57.0,0.0,85.01386861313868,84.0,78.1,90.75,1.4598540145985401,,,,,,,,,,
core6_all_equal,10,K10-C08,133,9.665697674418606,"{""2009-2010"": 22, ""2011-2012"": 26, ""2013-2014"": 21, ""2015-2016"": 21, ""2017-2018"": 21, ""2021-2023"": 22}",38.83984962406015,38.9,35.6,41.6,0.0,125.41353383458646,116.5,82.75,161.5,2.2556390977443606,121.90225563909775,121.0,103.0,138.0,2.2556390977443606,49.17293233082707,48.0,42.0,55.0,2.2556390977443606,48.87218045112782,49.0,47.0,51.0,0.0,116.60601503759398,117.0,109.6,123.0,3.007518796992481,,,,,,,,,,
core6_all_equal,10,K10-C07,146,10.61046511627907,"{""2009-2010"": 22, ""2011-2012"": 15, ""2013-2014"": 21, ""2015-2016"": 24, ""2017-2018"": 24, ""2021-2023"": 40}",35.14075342465753,34.75,32.0775,38.287499999999994,0.0,141.75342465753425,133.0,100.0,177.5,0.0,86.58219178082192,88.0,74.5,100.75,0.0,47.821917808219176,47.0,42.0,54.0,0.0,56.56164383561644,57.0,55.0,59.0,0.0,111.44383561643835,111.0,105.875,117.725,4.10958904109589,,,,,,,,,,
core6_all_equal,10,K10-C06,146,10.61046511627907,"{""2009-2010"": 31, ""2011-2012"": 14, ""2013-2014"": 24, ""2015-2016"": 31, ""2017-2018"": 23, ""2021-2023"": 23}",33.2677397260274,33.0,29.88,36.3,1.36986301369863,192.4931506849315,183.0,154.0,225.75,0.0,156.54794520547944,152.5,139.25,169.75,0.0,47.10958904109589,47.0,41.0,52.0,0.0,56.24657534246575,56.0,54.0,59.0,0.0,109.0404109589041,107.75,103.0,114.5,0.0,,,,,,,,,,
core6_all_equal,10,K10-C04,167,12.136627906976743,"{""2009-2010"": 28, ""2011-2012"": 24, ""2013-2014"": 33, ""2015-2016"": 24, ""2017-2018"": 25, ""2021-2023"": 33}",26.487185628742516,27.0,23.7,29.11,1.1976047904191618,91.50299401197606,83.0,64.0,108.25,4.191616766467066,118.67664670658682,119.0,101.75,137.25,4.191616766467066,58.778443113772454,58.0,51.0,67.0,4.191616766467066,49.1497005988024,49.0,47.0,51.0,0.0,91.20299401197605,92.5,84.3,98.05000000000001,2.3952095808383236,,,,,,,,,,
core6_all_equal,10,K10-C09,48,3.488372093023256,"{""2009-2010"": 11, ""2011-2012"": 6, ""2013-2014"": 9, ""2015-2016"": 6, ""2017-2018"": 6, ""2021-2023"": 10}",30.957083333333333,30.049999999999997,27.425,34.0025,0.0,415.375,372.0,326.0,469.75,0.0,113.8125,107.0,82.0,120.0,39.58333333333333,41.29166666666667,39.5,34.0,45.25,0.0,53.958333333333336,54.5,51.75,57.0,0.0,105.01041666666667,104.15,97.82499999999999,112.175,4.166666666666666,,,,,,,,,,
core6_all_equal,10,K10-C02,197,14.31686046511628,"{""2009-2010"": 28, ""2011-2012"": 25, ""2013-2014"": 40, ""2015-2016"": 35, ""2017-2018"": 27, ""2021-2023"": 42}",24.99253807106599,25.09,22.5,27.3,0.0,102.42131979695432,90.0,69.0,127.0,6.091370558375635,106.26395939086294,108.0,91.0,122.0,6.091370558375635,59.441624365482234,60.0,52.75,66.25,4.568527918781726,57.55329949238579,58.0,56.0,60.0,0.0,88.31167512690355,89.2,83.5,94.0,0.0,,,,,,,,,,
core6_all_equal,10,K10-C05,166,12.063953488372094,"{""2009-2010"": 21, ""2011-2012"": 22, ""2013-2014"": 24, ""2015-2016"": 25, ""2017-2018"": 34, ""2021-2023"": 40}",33.993012048192774,33.6,31.3,36.8,3.0120481927710845,89.74698795180723,88.0,65.25,111.75,4.819277108433735,128.66265060240963,127.0,116.0,143.75,4.819277108433735,66.86144578313252,66.0,60.0,73.0,4.216867469879518,56.54819277108434,57.0,54.0,59.0,0.0,107.63343373493976,106.1,101.5,113.9,4.216867469879518,,,,,,,,,,
core6_all_equal,10,K10-C03,162,11.773255813953488,"{""2009-2010"": 24, ""2011-2012"": 34, ""2013-2014"": 24, ""2015-2016"": 22, ""2017-2018"": 34, ""2021-2023"": 24}",25.808395061728397,26.0,23.6,28.2,0.6172839506172839,125.23456790123457,116.0,89.0,162.75,0.0,176.18518518518516,167.5,156.0,190.75,0.0,57.7962962962963,56.0,51.0,65.0,0.0,55.65432098765432,55.5,53.25,58.0,0.0,90.3537037037037,91.05,83.425,95.85,1.2345679012345678,,,,,,,,,,
core6_all_equal,10,K10-C10,74,5.377906976744186,"{""2009-2010"": 8, ""2011-2012"": 7, ""2013-2014"": 20, ""2015-2016"": 14, ""2017-2018"": 16, ""2021-2023"": 9}",50.369324324324324,49.05,46.0,53.075,0.0,110.44594594594595,101.0,77.0,121.0,4.054054054054054,109.3108108108108,105.0,88.5,126.5,4.054054054054054,54.2027027027027,51.0,44.75,59.5,2.7027027027027026,55.432432432432435,56.0,53.0,58.0,0.0,137.15608108108108,136.2,129.5,144.7,1.3513513513513513,,,,,,,,,,
core6_all_equal,11,K11-C02,150,10.901162790697674,"{""2009-2010"": 16, ""2011-2012"": 31, ""2013-2014"": 26, ""2015-2016"": 17, ""2017-2018"": 34, ""2021-2023"": 26}",24.422,24.3,22.3,26.5675,0.0,119.8,110.5,85.0,144.25,1.3333333333333335,158.44666666666666,155.0,141.0,169.0,1.3333333333333335,58.7,56.0,52.0,66.0,1.3333333333333335,57.06666666666667,57.0,55.0,59.0,0.0,86.608,86.35,81.0,92.5,0.0,,,,,,,,,,
core6_all_equal,11,K11-C11,73,5.305232558139535,"{""2009-2010"": 7, ""2011-2012"": 10, ""2013-2014"": 19, ""2015-2016"": 13, ""2017-2018"": 16, ""2021-2023"": 8}",50.94,50.0,46.3,53.9,0.0,112.0958904109589,104.0,78.25,128.25,4.10958904109589,113.35616438356165,112.0,95.0,132.75,4.10958904109589,54.16438356164384,51.0,45.0,58.5,2.73972602739726,54.73972602739726,55.0,52.0,58.0,0.0,136.90342465753423,138.35,130.65,145.125,4.10958904109589,,,,,,,,,,
core6_all_equal,11,K11-C01,134,9.738372093023257,"{""2009-2010"": 27, ""2011-2012"": 17, ""2013-2014"": 19, ""2015-2016"": 28, ""2017-2018"": 22, ""2021-2023"": 21}",23.461044776119405,23.09,20.4,25.9,0.7462686567164178,74.37313432835822,65.0,51.0,86.75,2.9850746268656714,115.32089552238807,116.0,95.0,135.75,2.9850746268656714,91.77611940298507,88.0,82.0,97.0,0.0,54.88059701492537,55.0,53.0,57.0,0.0,84.80970149253731,84.0,77.9,90.575,1.4925373134328357,,,,,,,,,,
core6_all_equal,11,K11-C07,136,9.883720930232558,"{""2009-2010"": 31, ""2011-2012"": 11, ""2013-2014"": 20, ""2015-2016"": 29, ""2017-2018"": 20, ""2021-2023"": 25}",33.38764705882353,33.105000000000004,30.025,36.45,1.4705882352941175,194.7279411764706,185.0,154.75,227.75,0.0,145.4485294117647,145.0,128.0,157.0,0.0,45.97794117647059,45.0,41.0,51.0,0.0,57.26470588235294,58.0,55.0,60.0,0.0,109.26617647058823,108.3,103.2,114.3,0.0,,,,,,,,,,
core6_all_equal,11,K11-C10,47,3.4156976744186043,"{""2009-2010"": 10, ""2011-2012"": 6, ""2013-2014"": 9, ""2015-2016"": 6, ""2017-2018"": 6, ""2021-2023"": 10}",30.715744680851063,29.9,27.1,33.72,0.0,416.5531914893617,373.0,326.5,474.5,0.0,109.72340425531915,99.5,76.75,114.25,40.42553191489361,42.234042553191486,40.0,35.0,47.5,0.0,54.51063829787234,55.0,53.0,57.0,0.0,104.30425531914894,103.0,97.1,111.0,4.25531914893617,,,,,,,,,,
core6_all_equal,11,K11-C09,133,9.665697674418606,"{""2009-2010"": 25, ""2011-2012"": 23, ""2013-2014"": 26, ""2015-2016"": 17, ""2017-2018"": 18, ""2021-2023"": 24}",37.67781954887218,37.3,34.3,41.0,0.0,135.47368421052633,122.5,91.5,172.0,2.2556390977443606,118.25563909774436,117.5,100.25,134.75,2.2556390977443606,47.53383458646616,47.5,40.0,53.0,2.2556390977443606,48.92481203007519,49.0,47.0,51.0,0.0,115.65225563909775,114.75,107.85000000000001,122.42500000000001,0.7518796992481203,,,,,,,,,,
core6_all_equal,11,K11-C06,77,5.59593023255814,"{""2009-2010"": 18, ""2011-2012"": 10, ""2013-2014"": 12, ""2015-2016"": 17, ""2017-2018"": 14, ""2021-2023"": 6}",29.10168831168831,28.88,27.17,30.8,0.0,160.7922077922078,164.0,115.0,197.0,0.0,191.68831168831167,183.0,170.0,199.0,0.0,50.831168831168824,50.0,46.0,56.0,0.0,51.84415584415584,52.0,50.0,54.0,0.0,98.77077922077922,99.75,92.5,103.1,1.2987012987012987,,,,,,,,,,
core6_all_equal,11,K11-C03,172,12.5,"{""2009-2010"": 27, ""2011-2012"": 21, ""2013-2014"": 31, ""2015-2016"": 33, ""2017-2018"": 23, ""2021-2023"": 37}",25.79360465116279,25.95,23.3,27.8,0.5813953488372093,94.43023255813952,87.0,66.0,114.5,5.232558139534884,97.45930232558139,99.0,80.0,113.0,5.232558139534884,58.93604651162791,60.0,53.0,66.0,4.069767441860465,57.418604651162795,58.0,56.0,60.0,0.0,90.2968023255814,90.8,84.9,95.7,0.5813953488372093,,,,,,,,,,
core6_all_equal,11,K11-C08,126,9.156976744186046,"{""2009-2010"": 16, ""2011-2012"": 13, ""2013-2014"": 22, ""2015-2016"": 17, ""2017-2018"": 24, ""2021-2023"": 34}",37.12444444444444,37.3,34.225,39.875,0.0,126.42063492063492,115.0,94.0,152.0,0.7936507936507936,88.14285714285714,89.0,78.0,100.0,0.7936507936507936,49.547619047619044,48.0,43.0,55.0,0.7936507936507936,56.76190476190476,57.0,55.0,59.0,0.0,114.97222222222223,115.3,108.4,121.625,4.761904761904762,,,,,,,,,,
core6_all_equal,11,K11-C05,169,12.281976744186046,"{""2009-2010"": 19, ""2011-2012"": 24, ""2013-2014"": 22, ""2015-2016"": 28, ""2017-2018"": 32, ""2021-2023"": 44}",33.599763313609465,33.05,30.765,36.324999999999996,2.9585798816568047,92.18343195266272,88.0,68.0,114.0,4.142011834319527,134.3905325443787,134.0,121.0,148.0,4.142011834319527,67.62130177514793,67.0,60.5,74.0,3.5502958579881656,56.30177514792899,56.0,54.0,59.0,0.0,107.18964497041421,105.85,101.1,113.44999999999999,4.142011834319527,,,,,,,,,,
core6_all_equal,11,K11-C04,159,11.555232558139535,"{""2009-2010"": 26, ""2011-2012"": 24, ""2013-2014"": 30, ""2015-2016"": 24, ""2017-2018"": 25, ""2021-2023"": 30}",26.48937106918239,26.5,23.5,29.1,1.257861635220126,88.34591194968553,82.5,63.75,103.0,4.40251572327044,115.83647798742139,118.0,101.0,135.0,4.40251572327044,60.35220125786164,60.0,53.0,68.0,4.40251572327044,49.18238993710692,49.0,47.0,51.0,0.0,90.79968553459119,91.75,83.92500000000001,97.625,3.1446540880503147,,,,,,,,,,
core6_all_equal,12,K12-C07,135,9.811046511627906,"{""2009-2010"": 27, ""2011-2012"": 15, ""2013-2014"": 17, ""2015-2016"": 28, ""2017-2018"": 25, ""2021-2023"": 23}",34.51814814814815,34.0,31.39,37.25,0.0,158.3777777777778,154.5,124.0,185.0,0.7407407407407408,150.94814814814816,149.5,135.0,162.75,0.7407407407407408,48.977777777777774,48.5,43.0,54.0,0.7407407407407408,57.837037037037035,58.0,56.0,60.0,0.0,110.39444444444445,109.6,103.85,115.775,0.7407407407407408,,,,,,,,,,
core6_all_equal,12,K12-C06,71,5.159883720930233,"{""2009-2010"": 17, ""2011-2012"": 9, ""2013-2014"": 11, ""2015-2016"": 15, ""2017-2018"": 13, ""2021-2023"": 6}",29.006338028169015,28.7,27.135,30.7,0.0,162.94366197183098,169.0,119.0,197.5,0.0,193.30985915492957,184.0,170.0,199.5,0.0,51.112676056338024,51.0,47.0,56.0,0.0,51.605633802816904,51.0,50.0,53.0,0.0,98.55704225352113,99.7,92.5,103.0,1.4084507042253522,,,,,,,,,,
core6_all_equal,12,K12-C05,127,9.229651162790697,"{""2009-2010"": 12, ""2011-2012"": 19, ""2013-2014"": 20, ""2015-2016"": 27, ""2017-2018"": 22, ""2021-2023"": 27}",34.36267716535433,33.705,31.875,36.8,0.7874015748031495,87.7244094488189,80.0,64.0,104.0,0.7874015748031495,127.34645669291339,125.5,115.0,141.5,0.7874015748031495,72.14173228346456,71.0,64.0,77.5,0.0,54.889763779527556,54.0,53.0,57.0,0.0,108.00590551181102,106.9,102.3,112.975,3.937007874015748,,,,,,,,,,
core6_all_equal,12,K12-C11,20,1.4534883720930232,"{""2009-2010"": 5, ""2011-2012"": 2, ""2013-2014"": 2, ""2015-2016"": 3, ""2017-2018"": 4, ""2021-2023"": 4}",29.739,28.66,26.675,33.385000000000005,0.0,527.7,491.0,429.5,538.5,0.0,125.45,172.0,172.0,172.0,95.0,44.65,41.0,35.75,48.0,0.0,53.8,54.0,50.75,58.0,0.0,104.5525,105.0,99.19999999999999,112.1,5.0,,,,,,,,,,
core6_all_equal,12,K12-C12,65,4.723837209302325,"{""2009-2010"": 7, ""2011-2012"": 7, ""2013-2014"": 18, ""2015-2016"": 13, ""2017-2018"": 13, ""2021-2023"": 7}",51.39415384615385,50.2,46.42,54.2,0.0,111.55384615384615,101.0,73.0,129.75,4.615384615384616,110.46153846153847,108.0,88.25,130.25,4.615384615384616,54.38461538461539,51.0,45.0,60.0,3.076923076923077,55.16923076923077,56.0,53.0,58.0,0.0,138.48846153846154,138.95,130.95,145.325,1.5384615384615385,,,,,,,,,,
core6_all_equal,12,K12-C04,149,10.828488372093023,"{""2009-2010"": 26, ""2011-2012"": 22, ""2013-2014"": 28, ""2015-2016"": 20, ""2017-2018"": 23, ""2021-2023"": 30}",25.9948322147651,26.0,23.25,28.7,1.342281879194631,90.00671140939598,83.5,64.0,106.5,4.697986577181208,116.08724832214764,118.0,101.0,135.0,4.697986577181208,58.87248322147651,58.0,51.25,66.0,4.697986577181208,49.100671140939596,49.0,47.0,51.0,0.0,89.83087248322147,90.6,83.6,97.0,2.684563758389262,,,,,,,,,,
core6_all_equal,12,K12-C08,87,6.3226744186046515,"{""2009-2010"": 16, ""2011-2012"": 9, ""2013-2014"": 20, ""2015-2016"": 13, ""2017-2018"": 10, ""2021-2023"": 19}",31.32183908045977,30.6,27.81,34.3,2.2988505747126435,269.98850574712645,263.0,221.5,315.5,0.0,108.91954022988506,111.0,91.5,124.5,0.0,42.42528735632183,41.0,36.5,47.0,0.0,54.632183908045974,55.0,53.0,57.0,0.0,105.47988505747126,105.1,97.9,112.175,1.1494252873563218,,,,,,,,,,
core6_all_equal,12,K12-C01,129,9.375,"{""2009-2010"": 26, ""2011-2012"": 16, ""2013-2014"": 20, ""2015-2016"": 27, ""2017-2018"": 19, ""2021-2023"": 21}",23.22,22.700000000000003,20.3,25.71,0.7751937984496124,71.62015503875969,64.0,50.0,83.0,3.10077519379845,115.10077519379846,116.0,95.0,136.0,3.10077519379845,91.84496124031008,88.0,82.0,97.0,0.0,54.89922480620155,55.0,53.0,57.0,0.0,84.02170542635659,83.8,77.5,89.15,1.550387596899225,,,,,,,,,,
core6_all_equal,12,K12-C09,118,8.575581395348838,"{""2009-2010"": 16, ""2011-2012"": 14, ""2013-2014"": 21, ""2015-2016"": 14, ""2017-2018"": 21, ""2021-2023"": 32}",37.11254237288136,37.150000000000006,34.225,39.75,0.0,121.29661016949153,114.0,92.0,146.0,0.847457627118644,87.11016949152541,88.0,78.0,99.0,0.847457627118644,50.110169491525426,48.0,44.0,55.0,0.847457627118644,56.64406779661017,57.0,55.0,59.0,0.0,114.94661016949152,115.35,108.375,122.025,5.084745762711865,,,,,,,,,,
core6_all_equal,12,K12-C10,121,8.793604651162791,"{""2009-2010"": 22, ""2011-2012"": 23, ""2013-2014"": 21, ""2015-2016"": 15, ""2017-2018"": 18, ""2021-2023"": 22}",38.948760330578516,38.9,35.79,41.6,0.0,126.26446280991736,117.5,91.0,161.5,2.479338842975207,122.26446280991736,122.0,103.0,138.0,2.479338842975207,48.01652892561983,48.0,41.25,53.75,2.479338842975207,48.84297520661157,49.0,47.0,51.0,0.0,117.28264462809918,117.5,109.8,123.35,1.6528925619834711,,,,,,,,,,
core6_all_equal,12,K12-C02,165,11.991279069767442,"{""2009-2010"": 18, ""2011-2012"": 33, ""2013-2014"": 26, ""2015-2016"": 20, ""2017-2018"": 37, ""2021-2023"": 31}",24.913757575757575,24.7,22.55,27.15,1.2121212121212122,116.13939393939394,108.5,83.0,138.0,0.6060606060606061,159.11515151515152,156.0,143.75,168.25,0.6060606060606061,59.32121212121212,58.0,53.0,66.25,0.6060606060606061,57.012121212121215,57.0,55.0,59.0,0.0,88.13454545454545,88.4,81.3,94.4,1.2121212121212122,,,,,,,,,,
core6_all_equal,12,K12-C03,189,13.73546511627907,"{""2009-2010"": 30, ""2011-2012"": 21, ""2013-2014"": 32, ""2015-2016"": 34, ""2017-2018"": 29, ""2021-2023"": 43}",26.196137566137565,26.6,23.4,28.575000000000003,1.5873015873015872,93.05291005291005,86.5,65.25,113.75,7.936507936507936,100.56613756613757,102.0,84.25,115.75,7.936507936507936,59.6931216931217,60.5,53.75,67.0,6.878306878306878,57.48677248677249,58.0,56.0,60.0,0.0,91.32910052910053,91.6,85.65,97.2,1.0582010582010581,,,,,,,,,,
core6_all_equal,13,K13-C13,59,4.287790697674419,"{""2009-2010"": 6, ""2011-2012"": 6, ""2013-2014"": 16, ""2015-2016"": 13, ""2017-2018"": 10, ""2021-2023"": 8}",52.13389830508474,50.4,48.1,54.7,0.0,108.9322033898305,101.0,67.0,123.0,3.389830508474576,109.4406779661017,105.0,89.0,128.0,3.389830508474576,54.47457627118644,51.0,45.0,60.5,1.694915254237288,54.66101694915254,55.0,52.5,57.5,0.0,139.4822033898305,140.14999999999998,133.0,147.225,1.694915254237288,,,,,,,,,,
core6_all_equal,13,K13-C03,158,11.482558139534884,"{""2009-2010"": 15, ""2011-2012"": 32, ""2013-2014"": 26, ""2015-2016"": 21, ""2017-2018"": 35, ""2021-2023"": 29}",25.162974683544306,24.85,23.075000000000003,27.424999999999997,1.2658227848101267,118.25949367088607,111.0,85.0,143.0,0.6329113924050633,159.77848101265823,157.0,145.0,169.0,0.6329113924050633,58.54430379746835,56.0,52.0,66.0,0.0,57.12658227848101,57.0,55.0,59.0,0.0,88.80316455696203,89.25,82.3,94.8,1.2658227848101267,,,,,,,,,,
core6_all_equal,13,K13-C10,134,9.738372093023257,"{""2009-2010"": 24, ""2011-2012"": 26, ""2013-2014"": 24, ""2015-2016"": 17, ""2017-2018"": 18, ""2021-2023"": 25}",38.28917910447761,38.004999999999995,34.7,41.3,0.0,126.61194029850746,118.0,91.0,156.0,2.2388059701492535,118.94029850746269,118.0,100.0,135.5,2.2388059701492535,48.156716417910445,48.0,42.0,54.0,2.2388059701492535,49.17910447761194,49.0,47.0,51.0,0.0,116.16567164179104,115.4,108.425,122.5,1.4925373134328357,,,,,,,,,,
core6_all_equal,13,K13-C08,108,7.848837209302325,"{""2009-2010"": 19, ""2011-2012"": 15, ""2013-2014"": 14, ""2015-2016"": 24, ""2017-2018"": 20, ""2021-2023"": 16}",34.041666666666664,33.7,31.275,36.3,0.0,163.48148148148147,160.0,128.75,190.0,0.0,157.97222222222223,154.5,143.75,170.25,0.0,48.81481481481481,49.0,42.75,53.25,0.0,57.5462962962963,58.0,56.0,60.0,0.0,110.03888888888889,108.9,103.95,114.64999999999999,0.0,,,,,,,,,,
core6_all_equal,13,K13-C07,70,5.087209302325581,"{""2009-2010"": 17, ""2011-2012"": 8, ""2013-2014"": 11, ""2015-2016"": 15, ""2017-2018"": 13, ""2021-2023"": 6}",28.929285714285715,28.689999999999998,27.1175,30.625,0.0,163.85714285714286,171.0,117.0,201.0,0.0,193.4714285714286,184.0,170.0,199.75,0.0,50.74285714285714,50.5,46.25,56.0,0.0,51.471428571428575,51.0,50.0,53.0,0.0,98.33642857142857,99.7,92.5,103.0,1.4285714285714286,,,,,,,,,,
core6_all_equal,13,K13-C05,171,12.42732558139535,"{""2009-2010"": 33, ""2011-2012"": 19, ""2013-2014"": 23, ""2015-2016"": 26, ""2017-2018"": 26, ""2021-2023"": 44}",28.924269005847954,28.76,26.8,31.049999999999997,2.3391812865497075,104.42690058479533,99.0,80.0,131.0,8.187134502923977,97.12865497076024,99.0,79.0,113.0,8.187134502923977,54.3625730994152,55.0,48.0,60.0,8.187134502923977,56.98830409356725,57.0,55.0,59.0,0.0,97.46140350877192,97.3,92.4,102.2,3.508771929824561,,,,,,,,,,
core6_all_equal,13,K13-C01,74,5.377906976744186,"{""2009-2010"": 14, ""2011-2012"": 8, ""2013-2014"": 8, ""2015-2016"": 18, ""2017-2018"": 14, ""2021-2023"": 12}",24.06797297297297,23.53,20.5,26.1,1.3513513513513513,70.1081081081081,61.0,50.0,82.0,4.054054054054054,118.41891891891892,116.0,95.0,141.0,4.054054054054054,100.48648648648648,96.0,90.0,107.5,0.0,54.148648648648646,55.0,52.0,57.0,0.0,85.94662162162162,84.8,80.3,91.7,1.3513513513513513,,,,,,,,,,
core6_all_equal,13,K13-C04,136,9.883720930232558,"{""2009-2010"": 22, ""2011-2012"": 19, ""2013-2014"": 27, ""2015-2016"": 20, ""2017-2018"": 21, ""2021-2023"": 27}",25.72404411764706,25.605,23.025,28.175,1.4705882352941175,89.35294117647058,83.0,64.0,105.0,4.411764705882353,118.31617647058823,119.5,104.0,135.75,4.411764705882353,59.36764705882353,59.0,52.0,67.0,4.411764705882353,48.845588235294116,49.0,47.0,51.0,0.0,89.2764705882353,90.2,83.3,95.275,2.941176470588235,,,,,,,,,,
core6_all_equal,13,K13-C12,15,1.0901162790697674,"{""2009-2010"": 4, ""2011-2012"": 1, ""2013-2014"": 2, ""2015-2016"": 2, ""2017-2018"": 2, ""2021-2023"": 4}",29.540666666666667,28.72,27.4,32.27,0.0,566.3333333333334,511.0,487.5,600.5,0.0,123.0,,,,100.0,43.06666666666666,41.0,35.5,46.0,0.0,52.733333333333334,53.0,49.5,55.5,0.0,104.24333333333334,104.19999999999999,98.475,110.15,6.666666666666667,,,,,,,,,,
core6_all_equal,13,K13-C02,136,9.883720930232558,"{""2009-2010"": 25, ""2011-2012"": 17, ""2013-2014"": 24, ""2015-2016"": 23, ""2017-2018"": 18, ""2021-2023"": 29}",22.887058823529415,22.5,20.675,25.3,0.0,78.53676470588235,73.0,53.75,92.5,2.941176470588235,109.00735294117648,111.0,91.75,128.0,2.941176470588235,72.75735294117646,74.0,66.0,80.0,1.4705882352941175,56.544117647058826,56.0,55.0,59.0,0.0,83.1033088235294,82.9,77.65,88.30000000000001,0.7352941176470588,,,,,,,,,,
core6_all_equal,13,K13-C11,108,7.848837209302325,"{""2009-2010"": 14, ""2011-2012"": 9, ""2013-2014"": 21, ""2015-2016"": 14, ""2017-2018"": 25, ""2021-2023"": 25}",38.90277777777778,38.9,36.0,41.125,0.0,131.57407407407408,126.0,99.0,159.75,1.8518518518518516,99.39814814814815,98.0,85.0,116.0,1.8518518518518516,48.55555555555556,47.0,43.0,54.0,1.8518518518518516,57.657407407407405,58.0,56.0,60.0,0.0,118.37962962962962,117.7,113.2,124.92500000000001,3.7037037037037033,,,,,,,,,,
core6_all_equal,13,K13-C09,82,5.959302325581396,"{""2009-2010"": 14, ""2011-2012"": 10, ""2013-2014"": 20, ""2015-2016"": 12, ""2017-2018"": 11, ""2021-2023"": 15}",31.077439024390245,30.450000000000003,27.5,34.125,2.4390243902439024,290.5975609756098,285.5,249.0,326.75,0.0,110.60975609756098,110.5,90.75,129.5,4.878048780487805,43.548780487804876,41.0,37.0,47.75,0.0,54.81707317073171,55.0,53.0,57.0,0.0,105.34939024390243,104.7,98.5,112.1,1.2195121951219512,,,,,,,,,,
core6_all_equal,13,K13-C06,125,9.084302325581394,"{""2009-2010"": 15, ""2011-2012"": 20, ""2013-2014"": 20, ""2015-2016"": 24, ""2017-2018"": 21, ""2021-2023"": 25}",34.81032,34.5,32.1,37.2,0.0,86.08,77.5,63.0,104.0,0.8,125.904,126.0,113.0,142.25,0.8,72.256,72.0,65.0,77.0,0.0,54.92,55.0,53.0,57.0,0.0,108.9424,107.4,103.3,114.3,3.2,,,,,,,,,,
core6_all_equal,14,K14-C02,140,10.174418604651162,"{""2009-2010"": 25, ""2011-2012"": 17, ""2013-2014"": 23, ""2015-2016"": 27, ""2017-2018"": 19, ""2021-2023"": 29}",22.957500000000003,22.5,20.675,25.325,0.0,78.85714285714285,73.0,53.0,94.25,2.857142857142857,107.89285714285714,108.5,91.0,127.25,2.857142857142857,73.32857142857142,75.0,66.0,80.0,1.4285714285714286,56.44285714285714,56.0,55.0,59.0,0.0,83.25178571428572,82.9,77.45,88.55,0.7142857142857143,,,,,,,,,,
core6_all_equal,14,K14-C12,102,7.412790697674419,"{""2009-2010"": 16, ""2011-2012"": 17, ""2013-2014"": 18, ""2015-2016"": 17, ""2017-2018"": 16, ""2021-2023"": 18}",39.83598039215686,40.1,36.9,41.9375,0.0,125.1470588235294,117.0,83.5,164.0,2.941176470588235,126.07843137254902,127.0,110.0,141.0,2.941176470588235,48.64705882352941,48.0,41.5,53.5,2.941176470588235,48.68627450980392,49.0,47.0,51.0,0.0,119.39607843137256,120.35,113.95,124.625,1.9607843137254901,,,,,,,,,,
core6_all_equal,14,K14-C10,79,5.741279069767442,"{""2009-2010"": 14, ""2011-2012"": 10, ""2013-2014"": 18, ""2015-2016"": 11, ""2017-2018"": 9, ""2021-2023"": 17}",31.923417721518987,31.19,28.0,35.51,2.5316455696202533,295.22784810126586,287.0,249.0,332.0,0.0,108.0379746835443,106.0,85.25,123.0,6.329113924050633,43.20253164556962,41.0,36.0,47.5,0.0,54.74683544303797,55.0,53.0,57.0,0.0,107.18037974683544,105.9,100.175,114.175,1.2658227848101267,,,,,,,,,,
core6_all_equal,14,K14-C05,136,9.883720930232558,"{""2009-2010"": 26, ""2011-2012"": 13, ""2013-2014"": 22, ""2015-2016"": 26, ""2017-2018"": 17, ""2021-2023"": 32}",27.28058823529412,27.2,24.994999999999997,29.59,0.7352941176470588,117.63235294117646,111.0,84.0,145.5,9.558823529411764,106.16176470588235,109.0,90.5,121.5,9.558823529411764,52.36764705882353,53.0,47.0,57.25,8.823529411764707,58.0514705882353,59.0,56.75,60.0,0.0,93.82279411764706,94.0,89.275,99.8,0.0,,,,,,,,,,
core6_all_equal,14,K14-C11,124,9.011627906976743,"{""2009-2010"": 17, ""2011-2012"": 11, ""2013-2014"": 24, ""2015-2016"": 20, ""2017-2018"": 30, ""2021-2023"": 22}",39.773387096774194,39.3,37.2,42.4,0.0,123.15322580645162,114.0,93.0,151.0,2.4193548387096775,109.74193548387098,109.0,89.0,130.0,2.4193548387096775,50.61290322580645,49.0,44.25,56.0,1.6129032258064515,57.83870967741935,58.0,56.0,60.0,0.0,120.37701612903226,120.7,115.0,126.0,2.4193548387096775,,,,,,,,,,
core6_all_equal,14,K14-C07,60,4.3604651162790695,"{""2009-2010"": 13, ""2011-2012"": 6, ""2013-2014"": 11, ""2015-2016"": 14, ""2017-2018"": 11, ""2021-2023"": 5}",28.864166666666666,28.555,26.86,30.7,0.0,161.78333333333333,169.5,108.75,199.25,0.0,196.25,183.5,170.0,207.5,0.0,50.65,50.0,45.75,56.0,0.0,51.0,51.0,49.0,53.0,0.0,98.01416666666667,99.7,91.15,103.0,1.6666666666666667,,,,,,,,,,
core6_all_equal,14,K14-C14,48,3.488372093023256,"{""2009-2010"": 3, ""2011-2012"": 6, ""2013-2014"": 13, ""2015-2016"": 10, ""2017-2018"": 9, ""2021-2023"": 7}",53.41729166666667,51.95,49.075,55.9375,0.0,108.125,101.0,69.5,125.5,2.083333333333333,104.375,104.0,85.0,117.5,2.083333333333333,54.729166666666664,52.0,44.0,60.0,2.083333333333333,54.416666666666664,54.5,52.0,57.0,0.0,141.39479166666666,142.6,135.2,149.15,2.083333333333333,,,,,,,,,,
core6_all_equal,14,K14-C08,110,7.994186046511628,"{""2009-2010"": 22, ""2011-2012"": 18, ""2013-2014"": 20, ""2015-2016"": 10, ""2017-2018"": 17, ""2021-2023"": 23}",32.909,33.004999999999995,30.25,35.9,1.8181818181818181,109.04545454545455,101.5,74.75,142.0,1.8181818181818181,87.5,89.0,70.75,103.25,1.8181818181818181,53.372727272727275,53.0,45.0,59.0,1.8181818181818181,52.14545454545455,52.0,51.0,54.0,0.0,104.36318181818181,106.1,99.2,108.75,6.363636363636363,,,,,,,,,,
core6_all_equal,14,K14-C01,73,5.305232558139535,"{""2009-2010"": 12, ""2011-2012"": 9, ""2013-2014"": 8, ""2015-2016"": 17, ""2017-2018"": 14, ""2021-2023"": 13}",24.66794520547945,24.655,21.325,26.45,1.36986301369863,70.17808219178082,60.0,50.25,76.0,4.10958904109589,118.87671232876713,116.5,95.0,141.0,4.10958904109589,100.87671232876713,97.0,90.0,108.0,0.0,54.082191780821915,54.0,52.0,57.0,0.0,87.22671232876712,85.65,80.7,93.5,1.36986301369863,,,,,,,,,,
core6_all_equal,14,K14-C04,132,9.593023255813954,"{""2009-2010"": 23, ""2011-2012"": 21, ""2013-2014"": 24, ""2015-2016"": 19, ""2017-2018"": 20, ""2021-2023"": 25}",25.808939393939394,25.7,23.0,28.205,0.7575757575757576,86.81818181818181,83.0,64.0,103.0,3.787878787878788,121.9469696969697,122.0,109.0,138.0,3.787878787878788,60.53030303030303,60.0,54.0,68.0,3.787878787878788,48.803030303030305,49.0,47.0,51.0,0.0,89.4905303030303,90.0,83.3,97.0,2.272727272727273,,,,,,,,,,
core6_all_equal,14,K14-C03,127,9.229651162790697,"{""2009-2010"": 12, ""2011-2012"": 29, ""2013-2014"": 23, ""2015-2016"": 14, ""2017-2018"": 28, ""2021-2023"": 21}",24.807716535433073,24.6,22.725,26.8,0.7874015748031495,116.03149606299212,109.0,84.0,135.0,0.0,165.40944881889766,161.0,152.0,173.5,0.0,59.01574803149607,57.0,53.0,65.5,0.0,56.83464566929134,57.0,55.0,59.0,0.0,87.90354330708661,87.95,81.6,93.675,0.7874015748031495,,,,,,,,,,
core6_all_equal,14,K14-C06,123,8.938953488372094,"{""2009-2010"": 14, ""2011-2012"": 18, ""2013-2014"": 18, ""2015-2016"": 19, ""2017-2018"": 22, ""2021-2023"": 32}",33.07658536585366,32.7,30.2,35.3,1.6260162601626018,86.54471544715446,83.0,64.0,108.0,1.6260162601626018,131.2520325203252,128.0,119.0,145.0,1.6260162601626018,70.1219512195122,69.0,64.0,75.0,0.8130081300813009,56.6910569105691,57.0,54.5,59.0,0.0,106.35325203252033,105.35,101.0,111.375,4.0650406504065035,,,,,,,,,,
core6_all_equal,14,K14-C09,108,7.848837209302325,"{""2009-2010"": 21, ""2011-2012"": 14, ""2013-2014"": 13, ""2015-2016"": 23, ""2017-2018"": 20, ""2021-2023"": 17}",33.055,33.0,30.25,35.6,0.9259259259259258,176.47222222222223,173.5,139.0,203.0,0.0,160.33333333333331,156.0,144.75,173.5,0.0,48.72222222222222,49.0,42.0,53.25,0.0,56.80555555555556,57.0,55.0,59.0,0.0,107.86805555555556,107.0,103.0,112.5,0.9259259259259258,,,,,,,,,,
core6_all_equal,14,K14-C13,14,1.0174418604651163,"{""2009-2010"": 4, ""2011-2012"": 1, ""2013-2014"": 1, ""2015-2016"": 2, ""2017-2018"": 2, ""2021-2023"": 4}",29.479285714285716,28.66,27.2,32.735,0.0,576.0,517.5,491.0,626.25,0.0,123.0,,,,100.0,44.5,42.0,36.25,47.0,0.0,52.714285714285715,53.5,49.25,55.75,0.0,104.175,103.3,97.6,111.0,7.142857142857142,,,,,,,,,,
core6_all_equal,15,K15-C12,116,8.430232558139535,"{""2009-2010"": 15, ""2011-2012"": 10, ""2013-2014"": 22, ""2015-2016"": 17, ""2017-2018"": 30, ""2021-2023"": 22}",39.650689655172414,39.2,37.175000000000004,42.175,0.0,125.56896551724138,116.0,96.0,155.0,2.586206896551724,107.61206896551724,107.0,88.0,128.0,2.586206896551724,49.655172413793096,48.5,44.0,55.0,1.7241379310344827,57.92241379310345,58.0,56.75,60.0,0.0,120.11508620689655,119.5,114.9,126.0,2.586206896551724,,,,,,,,,,
core6_all_equal,15,K15-C08,109,7.921511627906977,"{""2009-2010"": 15, ""2011-2012"": 16, ""2013-2014"": 17, ""2015-2016"": 24, ""2017-2018"": 15, ""2021-2023"": 22}",35.29807339449541,34.9,32.5,37.4,0.0,85.29357798165137,77.0,62.5,104.5,0.9174311926605505,124.5045871559633,125.5,113.0,138.0,0.9174311926605505,72.03669724770641,71.0,65.0,77.0,0.0,54.84403669724771,55.0,53.0,57.0,0.0,109.59449541284404,108.0,103.7,115.6,3.669724770642202,,,,,,,,,,
core6_all_equal,15,K15-C11,72,5.232558139534884,"{""2009-2010"": 14, ""2011-2012"": 8, ""2013-2014"": 14, ""2015-2016"": 11, ""2017-2018"": 8, ""2021-2023"": 17}",32.44236111111111,31.950000000000003,28.424999999999997,35.6,2.7777777777777777,298.97222222222223,296.0,253.5,333.25,0.0,107.15277777777779,104.5,81.75,123.5,5.555555555555555,43.291666666666664,41.0,36.0,47.25,0.0,55.041666666666664,55.5,53.0,58.0,0.0,108.22013888888888,106.3,100.69999999999999,114.95,1.3888888888888888,,,,,,,,,,
core6_all_equal,15,K15-C05,117,8.502906976744185,"{""2009-2010"": 17, ""2011-2012"": 22, ""2013-2014"": 21, ""2015-2016"": 17, ""2017-2018"": 26, ""2021-2023"": 14}",25.36991452991453,25.53,23.4,27.35,0.8547008547008548,149.3760683760684,144.0,116.5,180.5,2.564102564102564,142.02564102564102,141.5,131.25,153.0,2.564102564102564,50.78632478632478,51.0,47.0,55.0,1.7094017094017095,56.58974358974359,56.0,55.0,59.0,0.0,89.49358974358974,89.95,84.15,94.47500000000001,0.8547008547008548,,,,,,,,,,
core6_all_equal,15,K15-C04,107,7.776162790697675,"{""2009-2010"": 20, ""2011-2012"": 15, ""2013-2014"": 20, ""2015-2016"": 16, ""2017-2018"": 17, ""2021-2023"": 19}",25.15785046728972,25.369999999999997,22.75,27.7,0.9345794392523363,83.57943925233644,80.0,63.0,99.5,3.7383177570093453,122.06542056074767,121.0,107.0,139.0,3.7383177570093453,62.570093457943926,63.0,57.0,71.0,3.7383177570093453,48.4392523364486,48.0,47.0,50.5,0.0,87.6429906542056,87.0,82.3,94.1,1.8691588785046727,,,,,,,,,,
core6_all_equal,15,K15-C02,123,8.938953488372094,"{""2009-2010"": 21, ""2011-2012"": 18, ""2013-2014"": 21, ""2015-2016"": 23, ""2017-2018"": 18, ""2021-2023"": 22}",22.590243902439024,22.2,20.55,24.605,0.0,77.41463414634146,72.0,53.0,91.25,2.4390243902439024,106.61788617886178,108.0,91.75,123.25,2.4390243902439024,72.70731707317073,74.0,65.25,80.0,0.8130081300813009,56.08130081300813,56.0,54.0,58.0,0.0,82.96178861788619,82.2,77.4,87.6,1.6260162601626018,,,,,,,,,,
core6_all_equal,15,K15-C06,130,9.44767441860465,"{""2009-2010"": 22, ""2011-2012"": 16, ""2013-2014"": 25, ""2015-2016"": 18, ""2017-2018"": 13, ""2021-2023"": 36}",28.761923076923075,28.635,26.7,31.25,1.5384615384615385,97.32307692307693,89.0,74.5,115.75,9.230769230769232,99.02307692307691,100.0,80.0,113.0,9.230769230769232,56.66923076923077,57.0,51.0,62.0,9.230769230769232,58.269230769230774,59.0,57.0,60.0,0.0,96.90384615384616,97.6,91.9,101.5,1.5384615384615385,,,,,,,,,,
core6_all_equal,15,K15-C01,70,5.087209302325581,"{""2009-2010"": 13, ""2011-2012"": 8, ""2013-2014"": 7, ""2015-2016"": 17, ""2017-2018"": 14, ""2021-2023"": 11}",24.183857142857143,23.9,20.6,26.1,1.4285714285714286,70.77142857142857,62.0,50.5,82.0,4.285714285714286,117.92857142857143,116.0,95.0,140.5,4.285714285714286,101.4,97.0,91.25,108.0,0.0,54.214285714285715,55.0,52.0,57.0,0.0,86.125,85.0,80.3,93.3,1.4285714285714286,,,,,,,,,,
core6_all_equal,15,K15-C15,48,3.488372093023256,"{""2009-2010"": 3, ""2011-2012"": 6, ""2013-2014"": 13, ""2015-2016"": 10, ""2017-2018"": 9, ""2021-2023"": 7}",53.41729166666667,51.95,49.075,55.9375,0.0,108.125,101.0,69.5,125.5,2.083333333333333,104.375,104.0,85.0,117.5,2.083333333333333,54.729166666666664,52.0,44.0,60.0,2.083333333333333,54.416666666666664,54.5,52.0,57.0,0.0,141.39479166666666,142.6,135.2,149.15,2.083333333333333,,,,,,,,,,
core6_all_equal,15,K15-C13,104,7.55813953488372,"{""2009-2010"": 18, ""2011-2012"": 18, ""2013-2014"": 17, ""2015-2016"": 16, ""2017-2018"": 15, ""2021-2023"": 20}",39.88817307692308,40.1,37.1,42.075,0.0,125.65384615384616,116.0,88.0,165.0,2.8846153846153846,123.59615384615385,122.0,108.0,141.0,2.8846153846153846,48.18269230769231,48.0,42.0,54.0,2.8846153846153846,48.769230769230774,49.0,47.0,51.0,0.0,119.5875,120.35,114.0,124.875,1.9230769230769231,,,,,,,,,,
core6_all_equal,15,K15-C10,93,6.758720930232558,"{""2009-2010"": 16, ""2011-2012"": 13, ""2013-2014"": 13, ""2015-2016"": 21, ""2017-2018"": 18, ""2021-2023"": 12}",33.928064516129034,33.5,31.3,35.73,0.0,173.63440860215053,171.0,139.0,202.0,0.0,162.68817204301075,157.0,148.0,175.0,0.0,48.1505376344086,48.0,41.0,53.0,0.0,57.075268817204304,57.0,55.0,59.0,0.0,109.8741935483871,109.0,104.2,114.0,0.0,,,,,,,,,,
core6_all_equal,15,K15-C03,99,7.194767441860465,"{""2009-2010"": 12, ""2011-2012"": 15, ""2013-2014"": 13, ""2015-2016"": 13, ""2017-2018"": 17, ""2021-2023"": 29}",25.857979797979798,26.05,23.7,28.6,1.0101010101010102,95.03030303030303,89.0,75.0,111.0,0.0,167.27272727272728,162.0,153.0,178.5,0.0,68.38383838383838,68.0,62.0,74.0,0.0,57.494949494949495,58.0,56.0,59.0,0.0,90.76717171717172,91.55,83.825,96.775,1.0101010101010102,,,,,,,,,,
core6_all_equal,15,K15-C09,110,7.994186046511628,"{""2009-2010"": 17, ""2011-2012"": 18, ""2013-2014"": 20, ""2015-2016"": 10, ""2017-2018"": 21, ""2021-2023"": 24}",31.156545454545455,30.94,28.6,33.5,2.727272727272727,118.38181818181818,116.0,89.5,146.0,2.727272727272727,95.39999999999999,98.0,80.0,112.0,2.727272727272727,49.24545454545454,51.0,42.5,54.5,2.727272727272727,51.8,52.0,50.0,53.0,0.0,101.31545454545454,102.15,96.975,106.92500000000001,5.454545454545454,,,,,,,,,,
core6_all_equal,15,K15-C07,63,4.578488372093023,"{""2009-2010"": 15, ""2011-2012"": 6, ""2013-2014"": 11, ""2015-2016"": 14, ""2017-2018"": 11, ""2021-2023"": 6}",28.807936507936507,28.5,26.72,30.549999999999997,0.0,160.44444444444446,169.0,108.5,200.0,0.0,195.84126984126982,184.0,170.0,203.5,0.0,50.98412698412698,50.0,46.5,56.0,0.0,51.06349206349206,51.0,49.0,53.0,0.0,98.13095238095238,99.7,91.75,102.95,1.5873015873015872,,,,,,,,,,
core6_all_equal,15,K15-C14,15,1.0901162790697674,"{""2009-2010"": 4, ""2011-2012"": 1, ""2013-2014"": 2, ""2015-2016"": 2, ""2017-2018"": 2, ""2021-2023"": 4}",29.540666666666667,28.72,27.4,32.27,0.0,566.3333333333334,511.0,487.5,600.5,0.0,123.0,,,,100.0,43.06666666666666,41.0,35.5,46.0,0.0,52.733333333333334,53.0,49.5,55.5,0.0,104.24333333333334,104.19999999999999,98.475,110.15,6.666666666666667,,,,,,,,,,
core6_all_equal,16,K16-C11,99,7.194767441860465,"{""2009-2010"": 17, ""2011-2012"": 10, ""2013-2014"": 13, ""2015-2016"": 18, ""2017-2018"": 21, ""2021-2023"": 20}",39.46939393939394,39.2,36.05,42.0,0.0,119.23232323232324,114.0,92.0,140.0,4.040404040404041,141.2929292929293,138.0,128.0,155.0,4.040404040404041,57.63636363636364,56.0,50.0,66.0,2.0202020202020203,57.09090909090909,57.0,55.0,59.0,0.0,119.21464646464646,118.5,113.9,124.35000000000001,1.0101010101010102,,,,,,,,,,
core6_all_equal,16,K16-C08,65,4.723837209302325,"{""2009-2010"": 14, ""2011-2012"": 6, ""2013-2014"": 12, ""2015-2016"": 16, ""2017-2018"": 11, ""2021-2023"": 6}",28.69076923076923,28.3,26.4,30.7,0.0,158.73846153846154,162.0,115.0,196.0,0.0,197.16923076923078,188.0,173.0,207.0,0.0,51.353846153846156,51.0,47.0,56.0,0.0,51.55384615384615,51.0,50.0,53.0,0.0,98.01923076923077,99.55000000000001,91.375,103.0,1.5384615384615385,,,,,,,,,,
core6_all_equal,16,K16-C01,61,4.433139534883721,"{""2009-2010"": 10, ""2011-2012"": 8, ""2013-2014"": 8, ""2015-2016"": 14, ""2017-2018"": 12, ""2021-2023"": 9}",24.65196721311475,24.48,20.5,26.45,1.639344262295082,70.57377049180329,60.0,50.0,79.25,4.918032786885246,123.29508196721312,123.5,100.75,141.0,4.918032786885246,103.18032786885246,100.0,94.0,109.0,0.0,53.90163934426229,55.0,52.0,56.0,0.0,86.9483606557377,85.25,80.375,93.35,1.639344262295082,,,,,,,,,,
core6_all_equal,16,K16-C10,75,5.450581395348837,"{""2009-2010"": 13, ""2011-2012"": 12, ""2013-2014"": 15, ""2015-2016"": 5, ""2017-2018"": 14, ""2021-2023"": 16}",29.961066666666667,29.955,27.725,32.48,1.3333333333333335,141.53333333333333,135.0,107.5,172.5,0.0,86.4,90.0,71.0,104.0,0.0,44.99999999999999,45.0,39.0,51.0,0.0,51.61333333333333,52.0,50.0,53.0,0.0,100.22066666666667,100.05,93.175,106.825,4.0,,,,,,,,,,
core6_all_equal,16,K16-C12,64,4.651162790697675,"{""2009-2010"": 14, ""2011-2012"": 7, ""2013-2014"": 12, ""2015-2016"": 9, ""2017-2018"": 7, ""2021-2023"": 15}",32.21640625,31.305,28.175,35.8775,3.125,307.921875,306.0,262.75,350.25,0.0,110.078125,109.0,85.75,129.0,6.25,43.890625,41.5,37.0,48.0,0.0,55.234375,56.0,53.0,58.0,0.0,107.73984375,106.3,100.5,114.6,1.5625,,,,,,,,,,
core6_all_equal,16,K16-C05,123,8.938953488372094,"{""2009-2010"": 12, ""2011-2012"": 22, ""2013-2014"": 19, ""2015-2016"": 17, ""2017-2018"": 36, ""2021-2023"": 17}",24.494959349593497,24.5,22.5,26.95,0.8130081300813009,105.48780487804878,101.0,77.0,127.5,7.317073170731707,137.26829268292684,139.0,126.25,152.0,7.317073170731707,54.829268292682926,55.0,50.75,59.0,5.691056910569105,54.86178861788618,55.0,53.0,56.0,0.0,86.8020325203252,86.44999999999999,80.95,91.775,2.4390243902439024,,,,,,,,,,
core6_all_equal,16,K16-C02,103,7.4854651162790695,"{""2009-2010"": 16, ""2011-2012"": 12, ""2013-2014"": 17, ""2015-2016"": 22, ""2017-2018"": 14, ""2021-2023"": 22}",22.58242718446602,22.2,20.5,24.325000000000003,0.0,76.72815533980582,68.5,51.0,92.0,0.9708737864077669,97.6504854368932,99.0,86.0,114.75,0.9708737864077669,76.35922330097087,77.0,69.0,83.0,0.0,56.300970873786405,56.0,55.0,59.0,0.0,82.99271844660194,82.65,77.225,88.15,0.9708737864077669,,,,,,,,,,
core6_all_equal,16,K16-C06,126,9.156976744186046,"{""2009-2010"": 21, ""2011-2012"": 16, ""2013-2014"": 26, ""2015-2016"": 16, ""2017-2018"": 12, ""2021-2023"": 35}",29.060396825396825,28.95,26.8,32.0,1.5873015873015872,95.51587301587301,87.5,69.75,113.75,7.936507936507936,100.21428571428571,102.0,81.0,114.0,7.936507936507936,57.84920634920635,58.0,52.0,63.25,7.936507936507936,58.46825396825397,59.0,57.0,60.0,0.0,97.34087301587302,98.8,92.0,102.1,0.7936507936507936,,,,,,,,,,
core6_all_equal,16,K16-C03,101,7.340116279069768,"{""2009-2010"": 16, ""2011-2012"": 14, ""2013-2014"": 13, ""2015-2016"": 14, ""2017-2018"": 14, ""2021-2023"": 30}",26.084752475247527,26.1,23.349999999999998,28.7025,0.9900990099009901,89.61386138613861,85.0,71.0,108.0,0.0,159.07920792079207,156.0,140.0,169.0,0.0,72.18811881188118,72.0,66.0,78.0,0.0,57.910891089108915,58.0,57.0,59.0,0.0,91.27376237623761,91.85,83.65,97.8,0.9900990099009901,,,,,,,,,,
core6_all_equal,16,K16-C14,97,7.049418604651163,"{""2009-2010"": 14, ""2011-2012"": 19, ""2013-2014"": 16, ""2015-2016"": 14, ""2017-2018"": 17, ""2021-2023"": 17}",39.58030927835051,39.7,36.5,41.75,0.0,126.58762886597938,118.0,91.0,161.5,3.0927835051546393,123.6082474226804,122.0,108.25,139.5,3.0927835051546393,47.14432989690721,47.0,40.25,51.0,3.0927835051546393,48.31958762886598,48.0,47.0,50.0,0.0,118.34123711340206,119.1,112.35,123.6,2.0618556701030926,,,,,,,,,,
core6_all_equal,16,K16-C16,49,3.561046511627907,"{""2009-2010"": 4, ""2011-2012"": 6, ""2013-2014"": 13, ""2015-2016"": 10, ""2017-2018"": 9, ""2021-2023"": 7}",53.27142857142857,51.7,49.0,55.7,0.0,111.14285714285714,102.0,70.75,133.0,2.0408163265306123,105.06122448979592,104.0,86.0,119.75,2.0408163265306123,54.38775510204081,51.5,43.0,59.5,2.0408163265306123,54.48979591836735,55.0,52.0,57.0,0.0,141.37244897959184,142.6,135.45,149.075,2.0408163265306123,,,,,,,,,,
core6_all_equal,16,K16-C09,115,8.357558139534884,"{""2009-2010"": 23, ""2011-2012"": 18, ""2013-2014"": 17, ""2015-2016"": 23, ""2017-2018"": 20, ""2021-2023"": 14}",30.25486956521739,30.14,27.5,33.0,0.0,181.9304347826087,175.0,149.5,207.5,0.0,158.3913043478261,155.0,142.0,173.0,0.0,47.47826086956521,48.0,41.0,52.0,0.0,57.61739130434783,58.0,56.0,60.0,0.0,101.4095652173913,102.6,95.75,106.9,0.0,,,,,,,,,,
core6_all_equal,16,K16-C13,94,6.831395348837209,"{""2009-2010"": 10, ""2011-2012"": 10, ""2013-2014"": 16, ""2015-2016"": 15, ""2017-2018"": 19, ""2021-2023"": 24}",38.497021276595746,38.349999999999994,35.9,41.1,0.0,129.18085106382978,116.5,94.25,159.5,0.0,89.77659574468083,90.0,78.5,100.0,0.0,48.744680851063826,47.0,43.0,54.0,0.0,57.24468085106383,58.0,55.0,59.0,0.0,118.01702127659574,117.75,113.2,124.57499999999999,4.25531914893617,,,,,,,,,,
core6_all_equal,16,K16-C04,84,6.104651162790697,"{""2009-2010"": 16, ""2011-2012"": 14, ""2013-2014"": 15, ""2015-2016"": 14, ""2017-2018"": 11, ""2021-2023"": 14}",24.730833333333333,24.8,22.354999999999997,27.6,1.1904761904761905,84.78571428571428,82.0,65.0,99.0,3.571428571428571,119.63095238095238,119.0,102.0,137.0,3.571428571428571,62.42857142857143,63.0,57.0,71.0,3.571428571428571,47.642857142857146,48.0,46.0,49.0,0.0,86.86964285714285,86.4,80.35,94.0,1.1904761904761905,,,,,,,,,,
core6_all_equal,16,K16-C07,105,7.630813953488372,"{""2009-2010"": 18, ""2011-2012"": 15, ""2013-2014"": 22, ""2015-2016"": 20, ""2017-2018"": 15, ""2021-2023"": 15}",33.12533333333333,32.84,30.595,35.849999999999994,1.9047619047619049,88.15238095238095,79.0,63.5,103.5,1.9047619047619049,121.4095238095238,122.0,112.0,134.5,1.9047619047619049,67.18095238095238,67.0,60.0,73.5,1.9047619047619049,52.42857142857143,52.0,51.0,54.0,0.0,105.22380952380952,104.6,100.4,108.5,5.714285714285714,,,,,,,,,,
core6_all_equal,16,K16-C15,15,1.0901162790697674,"{""2009-2010"": 4, ""2011-2012"": 1, ""2013-2014"": 2, ""2015-2016"": 2, ""2017-2018"": 2, ""2021-2023"": 4}",29.540666666666667,28.72,27.4,32.27,0.0,566.3333333333334,511.0,487.5,600.5,0.0,123.0,,,,100.0,43.06666666666666,41.0,35.5,46.0,0.0,52.733333333333334,53.0,49.5,55.5,0.0,104.24333333333333,104.19999999999999,98.475,110.15,6.666666666666667,,,,,,,,,,
core6_all_equal,17,K17-C03,128,9.30232558139535,"{""2009-2010"": 14, ""2011-2012"": 19, ""2013-2014"": 20, ""2015-2016"": 21, ""2017-2018"": 30, ""2021-2023"": 24}",24.026171875000003,23.7,22.0,26.424999999999997,0.0,95.859375,89.0,70.0,112.0,9.375,123.3671875,123.5,111.0,135.0,9.375,57.328125,57.0,51.0,63.0,7.03125,56.0390625,56.0,54.0,58.0,0.0,85.387109375,84.9,80.2,90.4,0.78125,,,,,,,,,,
core6_all_equal,17,K17-C15,74,5.377906976744186,"{""2009-2010"": 11, ""2011-2012"": 13, ""2013-2014"": 11, ""2015-2016"": 14, ""2017-2018"": 12, ""2021-2023"": 13}",41.472972972972975,41.2,38.925,42.885,0.0,137.4189189189189,121.0,94.0,173.0,2.7027027027027026,125.8108108108108,125.5,109.0,141.5,2.7027027027027026,46.78378378378378,47.0,41.5,51.0,2.7027027027027026,48.32432432432432,48.0,46.25,50.0,0.0,122.71621621621622,122.05000000000001,117.0,129.025,2.7027027027027026,,,,,,,,,,
core6_all_equal,17,K17-C06,109,7.921511627906977,"{""2009-2010"": 17, ""2011-2012"": 16, ""2013-2014"": 17, ""2015-2016"": 10, ""2017-2018"": 16, ""2021-2023"": 33}",31.214311926605504,31.2,28.77,33.25,1.834862385321101,88.44036697247708,83.0,63.75,102.5,8.256880733944955,125.0,122.0,113.0,136.0,8.256880733944955,68.22935779816514,68.0,62.0,75.0,7.339449541284404,58.24770642201835,59.0,57.0,60.0,0.0,103.13761467889908,102.1,99.15,106.1,1.834862385321101,,,,,,,,,,
core6_all_equal,17,K17-C14,60,4.3604651162790695,"{""2009-2010"": 10, ""2011-2012"": 7, ""2013-2014"": 14, ""2015-2016"": 8, ""2017-2018"": 7, ""2021-2023"": 14}",32.175333333333334,31.305,28.025,35.875,3.3333333333333335,316.4666666666667,310.0,282.75,351.5,0.0,108.91666666666667,108.0,81.5,125.5,8.333333333333332,43.13333333333333,41.0,36.75,48.0,0.0,55.13333333333333,55.5,53.0,57.25,0.0,107.90083333333334,106.2,100.25,114.95,1.6666666666666667,,,,,,,,,,
core6_all_equal,17,K17-C05,99,7.194767441860465,"{""2009-2010"": 13, ""2011-2012"": 18, ""2013-2014"": 14, ""2015-2016"": 12, ""2017-2018"": 18, ""2021-2023"": 24}",25.328989898989896,25.0,23.4,27.575000000000003,1.0101010101010102,109.03030303030303,105.0,79.0,131.5,0.0,171.95959595959596,166.0,159.0,184.0,0.0,63.161616161616166,64.0,56.0,69.5,0.0,57.18181818181818,58.0,55.0,59.0,0.0,88.92070707070707,89.8,82.225,94.7,1.0101010101010102,,,,,,,,,,
core6_all_equal,17,K17-C01,88,6.395348837209303,"{""2009-2010"": 18, ""2011-2012"": 12, ""2013-2014"": 11, ""2015-2016"": 20, ""2017-2018"": 14, ""2021-2023"": 13}",23.616704545454546,22.8,20.3,25.77,1.1363636363636365,72.80681818181819,63.0,51.0,89.0,3.4090909090909087,116.51136363636364,114.0,95.0,136.0,3.4090909090909087,97.18181818181819,94.0,87.0,103.25,0.0,55.48863636363637,56.0,54.0,58.0,0.0,85.54545454545455,84.05,77.6,91.35000000000001,2.272727272727273,,,,,,,,,,
core6_all_equal,17,K17-C07,76,5.523255813953488,"{""2009-2010"": 14, ""2011-2012"": 13, ""2013-2014"": 14, ""2015-2016"": 15, ""2017-2018"": 15, ""2021-2023"": 5}",27.637894736842107,27.85,25.875,29.45,0.0,133.05263157894737,116.0,93.0,170.0,3.9473684210526314,157.93421052631578,159.0,146.0,174.0,3.9473684210526314,51.0921052631579,51.0,47.0,56.0,3.9473684210526314,49.21052631578947,49.5,47.75,51.0,0.0,94.48289473684211,94.7,90.1,99.92500000000001,0.0,,,,,,,,,,
core6_all_equal,17,K17-C11,117,8.502906976744185,"{""2009-2010"": 26, ""2011-2012"": 14, ""2013-2014"": 16, ""2015-2016"": 31, ""2017-2018"": 16, ""2021-2023"": 14}",30.731538461538463,30.5,28.2275,33.1325,0.8547008547008548,172.991452991453,171.0,142.0,202.0,0.0,140.4957264957265,141.0,127.0,155.0,0.0,46.059829059829056,47.0,41.0,51.0,0.0,57.205128205128204,58.0,55.0,59.0,0.0,102.59700854700854,103.05,98.175,108.175,0.8547008547008548,,,,,,,,,,
core6_all_equal,17,K17-C08,105,7.630813953488372,"{""2009-2010"": 17, ""2011-2012"": 14, ""2013-2014"": 24, ""2015-2016"": 18, ""2017-2018"": 12, ""2021-2023"": 20}",32.66142857142857,32.4,30.45,35.05,1.9047619047619049,88.04761904761904,78.5,63.0,105.5,2.857142857142857,118.93333333333334,120.0,107.25,133.75,2.857142857142857,65.29523809523809,64.0,57.25,72.0,2.857142857142857,51.55238095238095,52.0,50.0,53.0,0.0,104.68904761904761,104.2,99.6,108.675,4.761904761904762,,,,,,,,,,
core6_all_equal,17,K17-C02,73,5.305232558139535,"{""2009-2010"": 17, ""2011-2012"": 7, ""2013-2014"": 15, ""2015-2016"": 13, ""2017-2018"": 10, ""2021-2023"": 11}",22.65808219178082,22.45,20.375,24.802500000000002,1.36986301369863,73.98630136986301,72.0,59.0,87.0,0.0,118.08219178082192,118.0,106.0,133.0,0.0,72.61643835616438,73.0,64.0,79.0,0.0,49.013698630136986,49.0,47.0,51.0,0.0,81.82397260273973,81.9,76.15,86.075,1.36986301369863,,,,,,,,,,
core6_all_equal,17,K17-C12,94,6.831395348837209,"{""2009-2010"": 11, ""2011-2012"": 9, ""2013-2014"": 16, ""2015-2016"": 13, ""2017-2018"": 18, ""2021-2023"": 27}",37.94212765957447,37.95,35.01,40.55,0.0,125.46808510638297,114.5,92.5,155.0,0.0,87.09574468085106,87.5,78.0,99.0,0.0,49.191489361702125,48.0,43.0,54.0,0.0,57.329787234042556,58.0,55.0,60.0,0.0,116.4404255319149,116.69999999999999,110.5,123.175,4.25531914893617,,,,,,,,,,
core6_all_equal,17,K17-C13,94,6.831395348837209,"{""2009-2010"": 17, ""2011-2012"": 8, ""2013-2014"": 12, ""2015-2016"": 17, ""2017-2018"": 22, ""2021-2023"": 18}",40.32446808510638,40.215,37.425,42.8,0.0,124.53191489361703,116.0,93.5,142.0,3.1914893617021276,142.1595744680851,140.0,130.0,155.0,3.1914893617021276,56.68085106382979,56.0,48.0,64.25,2.127659574468085,56.276595744680854,56.0,54.0,58.0,0.0,120.32978723404256,119.55,115.0,125.075,2.127659574468085,,,,,,,,,,
core6_all_equal,17,K17-C17,46,3.343023255813953,"{""2009-2010"": 4, ""2011-2012"": 5, ""2013-2014"": 13, ""2015-2016"": 8, ""2017-2018"": 9, ""2021-2023"": 7}",53.50978260869566,51.95,49.2,56.4125,0.0,106.80434782608695,101.0,67.0,119.0,2.1739130434782608,103.80434782608695,103.0,87.0,116.0,2.1739130434782608,54.80434782608695,52.0,43.0,61.0,2.1739130434782608,54.93478260869565,55.0,53.0,57.0,0.0,141.02065217391305,140.2,134.7,149.0,2.1739130434782608,,,,,,,,,,
core6_all_equal,17,K17-C04,79,5.741279069767442,"{""2009-2010"": 8, ""2011-2012"": 8, ""2013-2014"": 16, ""2015-2016"": 18, ""2017-2018"": 11, ""2021-2023"": 18}",25.28708860759494,25.5,23.2,27.35,0.0,87.25316455696203,80.0,57.5,110.5,0.0,78.0886075949367,79.0,68.0,91.5,0.0,64.39240506329114,64.0,55.0,73.5,0.0,57.962025316455694,59.0,57.0,60.0,0.0,89.2012658227848,90.0,84.4,94.0,0.0,,,,,,,,,,
core6_all_equal,17,K17-C09,81,5.886627906976744,"{""2009-2010"": 15, ""2011-2012"": 19, ""2013-2014"": 16, ""2015-2016"": 4, ""2017-2018"": 12, ""2021-2023"": 15}",30.889876543209876,30.884999999999998,27.8,33.824999999999996,1.2345679012345678,126.76543209876543,121.0,97.0,154.0,0.0,87.12345679012346,90.0,78.0,104.0,0.0,46.81481481481481,46.0,40.0,53.0,0.0,50.19753086419753,50.0,48.0,52.0,0.0,100.82037037037037,100.05,93.525,106.975,3.7037037037037033,,,,,,,,,,
core6_all_equal,17,K17-C10,39,2.8343023255813953,"{""2009-2010"": 6, ""2011-2012"": 7, ""2013-2014"": 6, ""2015-2016"": 5, ""2017-2018"": 10, ""2021-2023"": 5}",30.584102564102565,30.2,27.450000000000003,33.599999999999994,0.0,191.5897435897436,184.0,159.5,225.5,0.0,219.4871794871795,208.0,192.5,221.5,0.0,48.743589743589745,49.0,43.5,53.5,0.0,55.35897435897436,55.0,53.0,58.0,0.0,103.7448717948718,102.9,97.975,112.375,2.564102564102564,,,,,,,,,,
core6_all_equal,17,K17-C16,14,1.0174418604651163,"{""2009-2010"": 4, ""2011-2012"": 1, ""2013-2014"": 1, ""2015-2016"": 2, ""2017-2018"": 2, ""2021-2023"": 4}",29.479285714285716,28.66,27.2,32.735,0.0,576.0,517.5,491.0,626.25,0.0,123.0,,,,100.0,44.5,42.0,36.25,47.0,0.0,52.714285714285715,53.5,49.25,55.75,0.0,104.175,103.3,97.6,111.0,7.142857142857142,,,,,,,,,,
core6_all_equal,18,K18-C17,44,3.1976744186046515,"{""2009-2010"": 3, ""2011-2012"": 5, ""2013-2014"": 12, ""2015-2016"": 8, ""2017-2018"": 9, ""2021-2023"": 7}",53.662045454545456,51.95,49.4,56.6625,0.0,99.5,101.0,64.5,114.0,2.272727272727273,104.97727272727272,104.0,87.5,116.0,2.272727272727273,55.56818181818182,52.0,45.0,61.0,2.272727272727273,54.86363636363637,55.0,52.75,57.0,0.0,141.07386363636363,142.6,134.45,149.15,2.272727272727273,,,,,,,,,,
core6_all_equal,18,K18-C05,115,8.357558139534884,"{""2009-2010"": 16, ""2011-2012"": 20, ""2013-2014"": 17, ""2015-2016"": 15, ""2017-2018"": 19, ""2021-2023"": 28}",29.79408695652174,29.45,27.5,32.4,1.7391304347826086,82.70434782608696,80.0,59.5,100.5,0.0,137.34782608695653,136.0,122.0,152.5,0.0,73.34782608695652,72.0,67.0,78.5,0.0,56.686956521739134,57.0,55.0,59.0,0.0,99.08652173913043,99.55,94.85,103.85000000000001,4.3478260869565215,,,,,,,,,,
core6_all_equal,18,K18-C13,88,6.395348837209303,"{""2009-2010"": 13, ""2011-2012"": 8, ""2013-2014"": 12, ""2015-2016"": 11, ""2017-2018"": 19, ""2021-2023"": 25}",37.62352272727273,37.8,34.625,40.087500000000006,0.0,110.60227272727272,104.0,80.0,136.5,0.0,83.43181818181819,86.5,74.75,96.25,0.0,50.76136363636363,49.0,44.0,57.0,0.0,57.17045454545455,57.0,55.0,60.0,0.0,115.52784090909091,116.1,109.75,122.44999999999999,5.681818181818182,,,,,,,,,,
core6_all_equal,18,K18-C06,99,7.194767441860465,"{""2009-2010"": 17, ""2011-2012"": 12, ""2013-2014"": 19, ""2015-2016"": 16, ""2017-2018"": 14, ""2021-2023"": 21}",26.87909090909091,26.94,24.799999999999997,28.55,0.0,95.94949494949495,89.0,70.5,119.5,4.040404040404041,91.26262626262626,94.0,76.5,106.5,4.040404040404041,55.505050505050505,55.0,50.0,61.0,4.040404040404041,57.5959595959596,58.0,56.0,60.0,0.0,93.04848484848485,92.7,89.6,97.15,0.0,,,,,,,,,,
core6_all_equal,18,K18-C11,103,7.4854651162790695,"{""2009-2010"": 20, ""2011-2012"": 14, ""2013-2014"": 17, ""2015-2016"": 13, ""2017-2018"": 20, ""2021-2023"": 19}",30.461747572815533,30.34,28.3,32.324999999999996,2.912621359223301,162.88349514563106,166.0,133.5,199.0,3.8834951456310676,120.1747572815534,122.0,104.5,136.5,3.8834951456310676,46.68932038834951,47.0,39.0,52.5,3.8834951456310676,52.57281553398058,53.0,51.0,54.0,0.0,101.80631067961166,101.45,97.65,106.125,2.912621359223301,,,,,,,,,,
core6_all_equal,18,K18-C12,40,2.9069767441860463,"{""2009-2010"": 11, ""2011-2012"": 5, ""2013-2014"": 8, ""2015-2016"": 5, ""2017-2018"": 4, ""2021-2023"": 7}",28.6955,28.05,26.25,31.122500000000002,0.0,384.225,360.5,314.25,433.75,0.0,114.80000000000001,110.0,81.0,122.0,37.5,44.55,43.0,38.0,47.25,0.0,55.275,56.0,53.0,58.0,0.0,99.80875,100.8,93.95,105.75,2.5,,,,,,,,,,
core6_all_equal,18,K18-C02,98,7.122093023255814,"{""2009-2010"": 16, ""2011-2012"": 12, ""2013-2014"": 17, ""2015-2016"": 22, ""2017-2018"": 12, ""2021-2023"": 19}",22.053265306122448,21.955,20.225,23.6,0.0,76.1938775510204,71.0,52.0,92.0,1.0204081632653061,102.68367346938776,104.0,89.0,119.0,1.0204081632653061,74.79591836734693,75.0,68.0,81.75,0.0,56.142857142857146,56.0,55.0,58.0,0.0,81.70051020408164,81.4,76.9,86.6,1.0204081632653061,,,,,,,,,,
core6_all_equal,18,K18-C04,86,6.25,"{""2009-2010"": 15, ""2011-2012"": 11, ""2013-2014"": 15, ""2015-2016"": 15, ""2017-2018"": 12, ""2021-2023"": 18}",24.143720930232558,24.5,22.4,26.0,1.1627906976744187,81.13953488372093,76.5,63.0,96.5,4.651162790697675,111.52325581395348,116.0,96.5,128.0,4.651162790697675,61.96511627906977,62.0,57.0,70.75,4.651162790697675,48.593023255813954,48.0,47.0,51.0,0.0,85.71976744186047,85.9,80.425,91.10000000000001,2.3255813953488373,,,,,,,,,,
core6_all_equal,18,K18-C01,66,4.796511627906977,"{""2009-2010"": 10, ""2011-2012"": 8, ""2013-2014"": 6, ""2015-2016"": 16, ""2017-2018"": 14, ""2021-2023"": 12}",24.23439393939394,23.53,20.6,26.0,1.5151515151515151,70.48484848484847,61.0,50.0,78.5,4.545454545454546,119.8030303030303,117.0,95.0,142.0,4.545454545454546,102.4090909090909,99.0,93.0,108.0,0.0,54.13636363636363,55.0,52.0,57.0,0.0,86.34318181818182,85.0,80.4,91.7,1.5151515151515151,,,,,,,,,,
core6_all_equal,18,K18-C09,52,3.77906976744186,"{""2009-2010"": 7, ""2011-2012"": 8, ""2013-2014"": 9, ""2015-2016"": 7, ""2017-2018"": 13, ""2021-2023"": 8}",30.39730769230769,30.45,27.525000000000002,33.425,0.0,179.6346153846154,179.5,130.5,217.5,0.0,208.76923076923077,196.0,188.75,213.25,0.0,49.19230769230769,49.0,43.0,54.0,0.0,56.84615384615385,57.0,55.0,59.0,0.0,102.16826923076923,102.6,94.5,111.35,1.9230769230769231,,,,,,,,,,
core6_all_equal,18,K18-C08,81,5.886627906976744,"{""2009-2010"": 14, ""2011-2012"": 17, ""2013-2014"": 17, ""2015-2016"": 15, ""2017-2018"": 8, ""2021-2023"": 10}",34.0820987654321,33.849999999999994,31.55,36.324999999999996,1.2345679012345678,83.96296296296298,75.0,60.75,104.25,1.2345679012345678,104.60493827160494,105.0,88.0,119.25,1.2345679012345678,63.75308641975309,63.0,55.0,72.0,1.2345679012345678,50.39506172839506,51.0,49.0,52.0,0.0,106.89938271604939,106.85,102.25,111.625,3.7037037037037033,,,,,,,,,,
core6_all_equal,18,K18-C16,43,3.125,"{""2009-2010"": 8, ""2011-2012"": 4, ""2013-2014"": 12, ""2015-2016"": 5, ""2017-2018"": 3, ""2021-2023"": 11}",38.595813953488374,38.275,35.5,41.495000000000005,2.3255813953488373,268.67441860465124,263.0,228.0,307.5,0.0,99.74418604651163,94.0,76.0,118.0,0.0,41.116279069767444,40.0,35.5,45.0,0.0,55.0,56.0,52.0,57.5,0.0,122.16511627906976,121.8,113.95,129.05,0.0,,,,,,,,,,
core6_all_equal,18,K18-C15,77,5.59593023255814,"{""2009-2010"": 11, ""2011-2012"": 11, ""2013-2014"": 12, ""2015-2016"": 15, ""2017-2018"": 14, ""2021-2023"": 14}",40.82077922077922,40.4,37.71,42.6,0.0,128.97402597402598,118.0,92.0,165.5,2.5974025974025974,126.03896103896103,123.0,110.0,142.0,2.5974025974025974,46.0,45.0,40.0,49.5,2.5974025974025974,48.14285714285714,48.0,46.0,50.0,0.0,121.3025974025974,121.3,114.55,127.65,2.5974025974025974,,,,,,,,,,
core6_all_equal,18,K18-C07,66,4.796511627906977,"{""2009-2010"": 14, ""2011-2012"": 10, ""2013-2014"": 13, ""2015-2016"": 13, ""2017-2018"": 10, ""2021-2023"": 6}",28.05257575757576,28.2,26.3775,29.775,0.0,138.72727272727272,125.5,99.25,173.75,0.0,170.969696969697,170.0,154.0,183.0,0.0,52.53030303030303,52.0,48.0,59.0,0.0,49.5,50.0,48.0,51.0,0.0,95.49545454545455,96.5,90.8,100.94999999999999,0.0,,,,,,,,,,
core6_all_equal,18,K18-C18,4,0.29069767441860467,"{""2013-2014"": 1, ""2017-2018"": 1, ""2021-2023"": 2}",33.0,32.85,29.8,36.05,0.0,767.5,771.0,732.25,806.25,0.0,123.0,,,,100.0,39.5,40.5,31.25,48.75,0.0,51.75,50.5,49.25,53.0,0.0,108.5125,111.0,103.5,119.0,25.0,,,,,,,,,,
core6_all_equal,18,K18-C10,106,7.703488372093023,"{""2009-2010"": 20, ""2011-2012"": 17, ""2013-2014"": 15, ""2015-2016"": 19, ""2017-2018"": 12, ""2021-2023"": 23}",31.278584905660377,31.4,29.03,33.425,1.8867924528301887,150.83962264150944,144.5,119.0,179.5,7.547169811320755,136.25471698113208,136.5,123.25,151.0,7.547169811320755,50.32075471698113,49.0,43.25,55.0,7.547169811320755,58.59433962264151,59.0,58.0,60.0,0.0,103.37924528301886,103.2,99.625,108.475,0.0,,,,,,,,,,
core6_all_equal,18,K18-C14,92,6.686046511627906,"{""2009-2010"": 14, ""2011-2012"": 8, ""2013-2014"": 14, ""2015-2016"": 19, ""2017-2018"": 21, ""2021-2023"": 16}",40.303695652173914,40.215,37.375,42.8,0.0,118.96739130434783,114.5,91.75,140.0,4.3478260869565215,141.94565217391303,143.5,128.0,155.0,4.3478260869565215,58.46739130434783,57.5,50.0,66.75,2.1739130434782608,56.47826086956522,57.0,54.75,58.25,0.0,120.1608695652174,119.5,115.0,125.15,2.1739130434782608,,,,,,,,,,
core6_all_equal,18,K18-C03,116,8.430232558139535,"{""2009-2010"": 13, ""2011-2012"": 20, ""2013-2014"": 20, ""2015-2016"": 15, ""2017-2018"": 29, ""2021-2023"": 19}",23.565000000000005,23.65,21.869999999999997,25.0,0.0,114.01724137931035,108.0,84.5,135.25,3.4482758620689653,155.14655172413794,154.5,141.0,165.25,3.4482758620689653,57.87931034482759,56.0,52.0,65.0,1.7241379310344827,56.76724137931034,57.0,55.0,59.0,0.0,84.6396551724138,84.4,80.375,89.92500000000001,0.0,,,,,,,,,,
core6_all_equal,19,K19-C11,42,3.0523255813953485,"{""2009-2010"": 9, ""2011-2012"": 7, ""2013-2014"": 7, ""2015-2016"": 4, ""2017-2018"": 10, ""2021-2023"": 5}",30.372857142857143,29.62,27.2925,33.3,0.0,191.16666666666669,185.0,158.75,225.75,0.0,217.90476190476187,207.5,192.0,221.0,0.0,48.666666666666664,48.5,43.25,52.75,0.0,55.19047619047619,55.0,53.0,58.0,0.0,102.71309523809524,102.6,94.3,111.0,2.380952380952381,,,,,,,,,,
core6_all_equal,19,K19-C05,99,7.194767441860465,"{""2009-2010"": 12, ""2011-2012"": 14, ""2013-2014"": 20, ""2015-2016"": 20, ""2017-2018"": 14, ""2021-2023"": 19}",24.90030303030303,24.6,22.810000000000002,26.9,0.0,90.42424242424244,82.5,62.0,108.0,1.0101010101010102,91.11111111111111,92.0,78.0,104.5,1.0101010101010102,60.45454545454545,60.0,54.0,67.5,0.0,58.313131313131315,59.0,57.0,60.0,0.0,88.55252525252526,89.2,84.1,92.9,0.0,,,,,,,,,,
core6_all_equal,19,K19-C19,45,3.2703488372093026,"{""2009-2010"": 3, ""2011-2012"": 4, ""2013-2014"": 12, ""2015-2016"": 10, ""2017-2018"": 9, ""2021-2023"": 7}",53.745111111111115,52.2,49.5,56.65,0.0,100.82222222222222,101.0,65.75,117.5,2.2222222222222223,106.71111111111111,104.0,88.75,119.75,2.2222222222222223,55.51111111111111,53.0,45.0,61.0,2.2222222222222223,54.48888888888889,54.0,52.0,57.0,0.0,141.4588888888889,143.05,134.575,149.425,2.2222222222222223,,,,,,,,,,
core6_all_equal,19,K19-C16,89,6.468023255813954,"{""2009-2010"": 13, ""2011-2012"": 17, ""2013-2014"": 14, ""2015-2016"": 14, ""2017-2018"": 16, ""2021-2023"": 15}",39.79483146067416,39.7,36.5,42.3,0.0,126.46067415730337,118.0,89.5,164.5,3.3707865168539324,123.42696629213484,122.0,108.25,140.75,3.3707865168539324,46.9438202247191,47.0,40.0,51.0,3.3707865168539324,48.10112359550562,48.0,46.0,50.0,0.0,118.68089887640448,119.1,112.45,123.75,2.247191011235955,,,,,,,,,,
core6_all_equal,19,K19-C13,44,3.1976744186046515,"{""2009-2010"": 10, ""2011-2012"": 7, ""2013-2014"": 9, ""2015-2016"": 6, ""2017-2018"": 4, ""2021-2023"": 8}",29.936363636363637,29.9,26.799999999999997,32.85,2.272727272727273,334.06818181818176,322.5,294.25,366.5,0.0,113.22727272727273,111.0,82.0,134.0,15.909090909090908,41.20454545454545,40.0,35.75,46.25,0.0,54.18181818181818,55.0,52.0,57.0,0.0,101.88295454545455,102.9,95.75,106.75,2.272727272727273,,,,,,,,,,
core6_all_equal,19,K19-C07,116,8.430232558139535,"{""2009-2010"": 13, ""2011-2012"": 16, ""2013-2014"": 19, ""2015-2016"": 15, ""2017-2018"": 17, ""2021-2023"": 36}",30.91387931034483,30.6,28.7,32.8,2.586206896551724,95.46551724137932,91.0,74.25,114.0,12.068965517241379,131.33620689655172,125.5,119.0,147.75,12.068965517241379,62.560344827586206,64.0,58.0,69.0,11.206896551724139,58.13793103448276,58.5,57.0,60.0,0.0,102.34741379310344,101.5,98.92500000000001,105.4,1.7241379310344827,,,,,,,,,,
core6_all_equal,19,K19-C06,74,5.377906976744186,"{""2009-2010"": 15, ""2011-2012"": 12, ""2013-2014"": 12, ""2015-2016"": 12, ""2017-2018"": 11, ""2021-2023"": 12}",24.98351351351351,24.9,22.6,27.7,1.3513513513513513,81.17567567567566,76.0,62.0,95.5,4.054054054054054,126.60810810810811,128.0,112.0,143.0,4.054054054054054,61.13513513513514,61.0,54.0,68.0,4.054054054054054,47.31081081081081,47.0,46.0,48.0,0.0,87.80472972972973,87.9,82.3,94.2,1.3513513513513513,,,,,,,,,,
core6_all_equal,19,K19-C14,79,5.741279069767442,"{""2009-2010"": 9, ""2011-2012"": 7, ""2013-2014"": 13, ""2015-2016"": 11, ""2017-2018"": 17, ""2021-2023"": 22}",38.22177215189873,38.2,35.1,40.5,0.0,109.9873417721519,104.0,80.0,137.0,0.0,86.03797468354429,87.0,78.0,98.0,0.0,50.79746835443038,49.0,44.5,57.0,0.0,57.43037974683544,58.0,55.0,60.0,0.0,116.77341772151898,117.0,111.2,123.65,5.063291139240507,,,,,,,,,,
core6_all_equal,19,K19-C08,107,7.776162790697675,"{""2009-2010"": 18, ""2011-2012"": 19, ""2013-2014"": 17, ""2015-2016"": 21, ""2017-2018"": 19, ""2021-2023"": 13}",29.160841121495327,29.11,27.6,30.98,1.8691588785046727,133.14018691588785,129.0,99.5,171.0,3.7383177570093453,153.7570093457944,153.0,141.0,168.0,3.7383177570093453,54.41121495327103,54.0,50.0,60.0,3.7383177570093453,52.08411214953271,52.0,51.0,54.0,0.0,98.27289719626168,99.4,93.85,102.8,3.7383177570093453,,,,,,,,,,
core6_all_equal,19,K19-C10,85,6.1773255813953485,"{""2009-2010"": 19, ""2011-2012"": 13, ""2013-2014"": 14, ""2015-2016"": 5, ""2017-2018"": 14, ""2021-2023"": 20}",29.41458823529412,29.0,27.4,31.8,2.3529411764705883,129.54117647058823,126.0,99.0,156.0,0.0,88.4,94.0,76.0,106.0,0.0,47.24705882352941,48.0,42.0,53.0,0.0,51.98823529411764,52.0,50.0,54.0,0.0,98.79764705882353,98.8,93.0,105.8,4.705882352941177,,,,,,,,,,
core6_all_equal,19,K19-C12,85,6.1773255813953485,"{""2009-2010"": 19, ""2011-2012"": 9, ""2013-2014"": 11, ""2015-2016"": 21, ""2017-2018"": 13, ""2021-2023"": 12}",31.309176470588234,31.4,28.7,34.324999999999996,1.1764705882352942,192.83529411764704,193.0,162.0,219.0,0.0,132.9294117647059,132.0,120.0,147.0,0.0,43.95294117647059,43.0,40.0,48.0,0.0,58.01176470588236,59.0,57.0,60.0,0.0,104.14823529411764,104.5,100.0,109.1,0.0,,,,,,,,,,
core6_all_equal,19,K19-C04,102,7.412790697674419,"{""2009-2010"": 10, ""2011-2012"": 21, ""2013-2014"": 17, ""2015-2016"": 13, ""2017-2018"": 22, ""2021-2023"": 19}",24.15401960784314,24.3,22.22,26.0,0.0,119.5,115.5,89.25,140.0,0.0,162.86274509803923,161.0,146.25,173.0,0.0,57.35294117647059,56.0,52.0,65.0,0.0,57.34313725490196,57.0,56.0,59.0,0.0,85.90098039215687,85.25,80.525,92.1,0.0,,,,,,,,,,
core6_all_equal,19,K19-C17,12,0.872093023255814,"{""2009-2010"": 3, ""2011-2012"": 1, ""2013-2014"": 1, ""2015-2016"": 1, ""2017-2018"": 2, ""2021-2023"": 4}",30.2,29.46,27.9,33.385000000000005,0.0,596.4166666666666,529.5,499.25,678.75,0.0,123.0,,,,100.0,45.333333333333336,42.0,36.5,48.75,0.0,53.0,53.5,49.75,55.75,0.0,105.82916666666667,105.1,101.3,112.6,8.333333333333332,,,,,,,,,,
core6_all_equal,19,K19-C01,35,2.5436046511627906,"{""2009-2010"": 2, ""2011-2012"": 5, ""2013-2014"": 3, ""2015-2016"": 11, ""2017-2018"": 7, ""2021-2023"": 7}",23.825714285714287,22.700000000000003,20.4,25.849999999999998,2.857142857142857,69.4,59.0,50.0,74.0,5.714285714285714,106.48571428571428,96.0,87.0,123.0,5.714285714285714,110.88571428571429,108.0,100.0,121.0,0.0,54.22857142857143,55.0,51.5,57.0,0.0,87.49,85.8,80.725,93.5,2.857142857142857,,,,,,,,,,
core6_all_equal,19,K19-C15,93,6.758720930232558,"{""2009-2010"": 15, ""2011-2012"": 10, ""2013-2014"": 12, ""2015-2016"": 16, ""2017-2018"": 22, ""2021-2023"": 18}",40.02225806451613,40.2,37.2,42.4,0.0,124.01075268817205,117.0,94.5,141.5,3.225806451612903,142.25806451612902,141.0,130.0,155.0,3.225806451612903,56.365591397849464,56.0,48.0,63.5,2.1505376344086025,56.18279569892473,56.0,54.0,58.0,0.0,120.06612903225806,118.8,114.825,124.85,1.0752688172043012,,,,,,,,,,
core6_all_equal,19,K19-C09,72,5.232558139534884,"{""2009-2010"": 11, ""2011-2012"": 8, ""2013-2014"": 19, ""2015-2016"": 19, ""2017-2018"": 8, ""2021-2023"": 7}",34.522222222222226,34.4,32.0,36.525,0.0,78.18055555555554,71.0,57.75,92.0,0.0,110.77777777777779,114.0,95.75,123.75,0.0,72.38888888888889,72.0,64.0,78.25,0.0,52.375,52.0,51.0,54.0,0.0,107.41458333333333,106.8,102.4,111.8,4.166666666666666,,,,,,,,,,
core6_all_equal,19,K19-C03,89,6.468023255813954,"{""2009-2010"": 15, ""2011-2012"": 8, ""2013-2014"": 17, ""2015-2016"": 16, ""2017-2018"": 15, ""2021-2023"": 18}",22.673483146067415,22.31,20.3,25.1,0.0,78.1685393258427,73.0,57.0,95.0,4.49438202247191,108.12359550561798,112.0,94.0,122.0,4.49438202247191,72.32584269662921,73.0,64.0,81.0,2.247191011235955,53.06741573033708,53.0,51.0,55.0,0.0,81.8129213483146,81.3,77.2,86.69999999999999,1.1235955056179776,,,,,,,,,,
core6_all_equal,19,K19-C18,29,2.1075581395348837,"{""2009-2010"": 6, ""2011-2012"": 3, ""2013-2014"": 9, ""2015-2016"": 1, ""2017-2018"": 2, ""2021-2023"": 8}",40.74758620689655,41.03,38.25,42.1,0.0,266.44827586206895,262.0,221.0,298.0,0.0,95.27586206896552,94.0,75.0,103.0,0.0,42.172413793103445,41.0,37.0,46.0,0.0,55.310344827586206,56.0,52.0,58.0,0.0,126.68275862068965,125.9,120.5,133.2,0.0,,,,,,,,,,
core6_all_equal,19,K19-C02,79,5.741279069767442,"{""2009-2010"": 20, ""2011-2012"": 9, ""2013-2014"": 10, ""2015-2016"": 13, ""2017-2018"": 12, ""2021-2023"": 15}",24.617594936708862,24.5,21.8,27.25,0.0,74.24050632911391,71.0,52.25,95.5,1.2658227848101267,138.0506329113924,137.5,122.5,152.5,1.2658227848101267,84.30379746835443,83.0,78.0,90.0,0.0,57.0,58.0,55.5,59.0,0.0,86.93101265822784,86.1,81.125,93.2,1.2658227848101267,,,,,,,,,,
core6_all_equal,20,K20-C10,60,4.3604651162790695,"{""2009-2010"": 6, ""2011-2012"": 11, ""2013-2014"": 4, ""2015-2016"": 16, ""2017-2018"": 9, ""2021-2023"": 14}",36.801,36.349999999999994,33.6,39.15,0.0,85.88333333333333,78.0,61.5,108.0,1.6666666666666667,131.6,130.0,120.5,147.5,1.6666666666666667,74.51666666666667,73.0,68.75,78.0,0.0,57.1,58.0,55.0,59.0,0.0,113.6075,113.6,108.05,120.15,1.6666666666666667,,,,,,,,,,
core6_all_equal,20,K20-C06,66,4.796511627906977,"{""2009-2010"": 12, ""2011-2012"": 12, ""2013-2014"": 12, ""2015-2016"": 12, ""2017-2018"": 13, ""2021-2023"": 5}",26.785454545454545,26.950000000000003,24.725,28.6775,0.0,110.36363636363637,102.5,78.5,132.75,0.0,166.28787878787878,164.0,150.0,179.0,0.0,55.04545454545455,55.5,50.0,60.0,0.0,49.92424242424242,50.0,48.0,52.0,0.0,91.66515151515152,90.9,86.475,97.175,0.0,,,,,,,,,,
core6_all_equal,20,K20-C11,89,6.468023255813954,"{""2009-2010"": 15, ""2011-2012"": 21, ""2013-2014"": 16, ""2015-2016"": 5, ""2017-2018"": 11, ""2021-2023"": 21}",30.81393258426966,30.75,27.875,33.65,1.1235955056179776,115.52808988764045,113.0,80.0,142.0,4.49438202247191,92.02247191011236,92.0,79.0,107.0,4.49438202247191,48.38202247191011,48.0,41.0,54.0,4.49438202247191,49.58426966292135,50.0,48.0,51.0,0.0,100.51966292134831,99.75,93.525,106.975,3.3707865168539324,,,,,,,,,,
core6_all_equal,20,K20-C02,72,5.232558139534884,"{""2009-2010"": 8, ""2011-2012"": 10, ""2013-2014"": 11, ""2015-2016"": 19, ""2017-2018"": 11, ""2021-2023"": 13}",23.981944444444444,23.75,21.65,26.225,0.0,75.09722222222223,66.0,49.0,92.25,0.0,86.16666666666669,89.0,71.5,101.0,0.0,80.54166666666667,80.0,73.75,87.0,0.0,57.125,57.0,56.0,59.0,0.0,85.8861111111111,86.4,78.825,92.77499999999999,0.0,,,,,,,,,,
core6_all_equal,20,K20-C17,23,1.6715116279069766,"{""2009-2010"": 6, ""2011-2012"": 2, ""2013-2014"": 3, ""2015-2016"": 3, ""2017-2018"": 4, ""2021-2023"": 5}",29.8,28.72,26.55,33.150000000000006,0.0,508.52173913043475,484.0,415.0,529.5,0.0,122.1304347826087,109.5,98.25,129.25,82.6086956521739,44.43478260869565,41.0,35.5,48.0,0.0,53.78260869565217,54.0,51.5,57.0,0.0,103.67608695652174,102.4,98.07499999999999,110.15,4.3478260869565215,,,,,,,,,,
core6_all_equal,20,K20-C09,107,7.776162790697675,"{""2009-2010"": 18, ""2011-2012"": 11, ""2013-2014"": 23, ""2015-2016"": 19, ""2017-2018"": 19, ""2021-2023"": 17}",31.92841121495327,31.65,29.2625,34.575,2.803738317757009,90.5981308411215,83.0,65.0,107.0,3.7383177570093453,118.86915887850468,121.0,108.5,130.0,3.7383177570093453,64.95327102803738,64.0,58.0,71.5,3.7383177570093453,52.598130841121495,53.0,51.0,54.0,0.0,102.58644859813084,102.80000000000001,98.75,106.9,6.5420560747663545,,,,,,,,,,
core6_all_equal,20,K20-C13,78,5.6686046511627906,"{""2009-2010"": 18, ""2011-2012"": 8, ""2013-2014"": 14, ""2015-2016"": 16, ""2017-2018"": 9, ""2021-2023"": 13}",29.92628205128205,29.9,27.5,32.6,1.282051282051282,236.35897435897436,234.0,196.0,269.25,0.0,116.67948717948718,118.5,103.25,133.0,0.0,44.192307692307686,44.0,39.25,48.0,0.0,57.47435897435898,58.0,56.0,59.0,0.0,101.75897435897436,103.95,97.55,107.675,0.0,,,,,,,,,,
core6_all_equal,20,K20-C08,106,7.703488372093023,"{""2009-2010"": 19, ""2011-2012"": 11, ""2013-2014"": 19, ""2015-2016"": 15, ""2017-2018"": 10, ""2021-2023"": 32}",28.947735849056603,28.85,26.985,30.974999999999998,1.8867924528301887,100.25471698113208,93.0,77.5,126.0,10.377358490566039,100.71698113207547,100.0,82.0,113.5,10.377358490566039,55.16981132075472,55.0,49.5,61.5,10.377358490566039,58.43396226415094,59.0,57.0,60.0,0.0,97.75990566037736,98.9,93.1,102.2,0.9433962264150944,,,,,,,,,,
core6_all_equal,20,K20-C19,29,2.1075581395348837,"{""2009-2010"": 4, ""2011-2012"": 4, ""2013-2014"": 9, ""2015-2016"": 2, ""2017-2018"": 1, ""2021-2023"": 9}",40.59655172413793,41.2,37.6,42.4,0.0,277.0,277.0,235.0,322.0,0.0,93.6896551724138,88.0,76.0,103.0,0.0,41.103448275862064,40.0,35.0,45.0,0.0,54.310344827586206,55.0,52.0,57.0,0.0,126.16379310344827,126.2,121.475,133.27499999999998,3.4482758620689653,,,,,,,,,,
core6_all_equal,20,K20-C03,80,5.813953488372093,"{""2009-2010"": 12, ""2011-2012"": 10, ""2013-2014"": 13, ""2015-2016"": 12, ""2017-2018"": 11, ""2021-2023"": 22}",24.112,24.3,21.8,26.5,0.0,81.32499999999999,79.0,62.0,98.5,1.25,152.8,151.0,136.0,162.0,1.25,76.94999999999999,75.0,71.75,81.25,0.0,57.6125,58.0,56.0,59.0,0.0,85.821875,84.9,80.6,91.5,1.25,,,,,,,,,,
core6_all_equal,20,K20-C18,69,5.0145348837209305,"{""2009-2010"": 13, ""2011-2012"": 11, ""2013-2014"": 9, ""2015-2016"": 12, ""2017-2018"": 11, ""2021-2023"": 13}",41.653333333333336,41.2,38.9,43.3,0.0,112.43478260869566,112.0,83.5,132.0,2.898550724637681,125.3768115942029,127.0,109.0,141.0,2.898550724637681,49.59420289855072,48.0,44.0,54.0,2.898550724637681,48.63768115942029,49.0,47.0,50.0,0.0,123.4536231884058,122.5,119.1,130.2,2.898550724637681,,,,,,,,,,
core6_all_equal,20,K20-C16,74,5.377906976744186,"{""2009-2010"": 14, ""2011-2012"": 8, ""2013-2014"": 10, ""2015-2016"": 8, ""2017-2018"": 20, ""2021-2023"": 14}",38.68432432432432,37.9,35.7,41.0825,0.0,140.94594594594594,139.0,112.0,170.0,1.3513513513513513,149.3918918918919,150.0,135.0,162.0,1.3513513513513513,50.62162162162162,50.0,45.0,55.0,1.3513513513513513,56.851351351351354,57.0,55.0,59.0,0.0,117.38851351351352,116.9,112.4,121.8,1.3513513513513513,,,,,,,,,,
core6_all_equal,20,K20-C12,36,2.616279069767442,"{""2009-2010"": 6, ""2011-2012"": 6, ""2013-2014"": 6, ""2015-2016"": 5, ""2017-2018"": 10, ""2021-2023"": 3}",30.365555555555556,30.45,27.525000000000002,33.1,0.0,188.83333333333331,179.5,157.25,219.0,0.0,221.72222222222223,208.5,194.5,224.0,0.0,48.861111111111114,49.0,42.75,54.5,0.0,55.77777777777778,55.0,53.0,59.0,0.0,103.22638888888889,103.0,97.15,111.5,2.7777777777777777,,,,,,,,,,
core6_all_equal,20,K20-C15,79,5.741279069767442,"{""2009-2010"": 9, ""2011-2012"": 6, ""2013-2014"": 14, ""2015-2016"": 11, ""2017-2018"": 18, ""2021-2023"": 21}",38.42746835443038,38.55,35.9,40.825,0.0,113.0,108.0,89.5,140.0,0.0,88.30379746835445,89.0,79.0,100.0,0.0,49.24050632911392,48.0,43.0,55.0,0.0,57.24050632911393,57.0,55.0,59.0,0.0,117.29240506329114,117.0,112.9,124.3,5.063291139240507,,,,,,,,,,
core6_all_equal,20,K20-C05,89,6.468023255813954,"{""2009-2010"": 12, ""2011-2012"": 11, ""2013-2014"": 15, ""2015-2016"": 14, ""2017-2018"": 19, ""2021-2023"": 18}",22.85438202247191,22.5,21.15,24.6,0.0,88.38202247191012,83.0,65.5,105.5,6.741573033707865,120.12359550561798,118.0,107.5,132.5,6.741573033707865,57.78651685393258,58.0,53.0,63.0,4.49438202247191,55.56179775280899,55.0,54.0,57.0,0.0,82.57808988764046,82.9,78.7,86.35,1.1235955056179776,,,,,,,,,,
core6_all_equal,20,K20-C04,61,4.433139534883721,"{""2009-2010"": 15, ""2011-2012"": 6, ""2013-2014"": 11, ""2015-2016"": 12, ""2017-2018"": 10, ""2021-2023"": 7}",22.68327868852459,22.5,20.375,24.8,1.639344262295082,74.44262295081967,74.0,59.0,87.0,0.0,113.45901639344262,116.0,102.0,127.0,0.0,70.9344262295082,72.0,63.0,78.0,0.0,48.52459016393443,48.0,46.0,51.0,0.0,82.45819672131148,81.94999999999999,76.425,86.55000000000001,1.639344262295082,,,,,,,,,,
core6_all_equal,20,K20-C07,113,8.212209302325581,"{""2009-2010"": 12, ""2011-2012"": 27, ""2013-2014"": 17, ""2015-2016"": 19, ""2017-2018"": 21, ""2021-2023"": 17}",27.45716814159292,27.55,25.0,29.84,0.8849557522123894,131.8849557522124,127.0,105.0,163.0,0.0,160.24778761061947,157.0,147.0,170.0,0.0,54.76991150442478,54.0,50.0,61.0,0.0,57.230088495575224,57.0,56.0,59.0,0.0,94.39867256637169,94.7,90.15,100.075,0.8849557522123894,,,,,,,,,,
core6_all_equal,20,K20-C14,54,3.9244186046511627,"{""2009-2010"": 13, ""2011-2012"": 5, ""2013-2014"": 11, ""2015-2016"": 11, ""2017-2018"": 8, ""2021-2023"": 6}",32.54796296296296,32.68,29.5,35.51,1.8518518518518516,224.03703703703704,207.0,183.0,254.25,0.0,145.7037037037037,146.0,133.25,159.75,0.0,43.96296296296296,42.5,38.25,50.0,0.0,50.64814814814815,51.0,49.0,53.0,0.0,106.79814814814814,106.15,100.725,113.175,0.0,,,,,,,,,,
core6_all_equal,20,K20-C01,43,3.125,"{""2009-2010"": 7, ""2011-2012"": 5, ""2013-2014"": 4, ""2015-2016"": 9, ""2017-2018"": 10, ""2021-2023"": 8}",23.85325581395349,23.235,20.5,25.775,2.3255813953488373,73.37209302325581,62.0,50.75,81.5,6.976744186046512,117.25581395348837,116.5,95.0,140.0,6.976744186046512,106.55813953488372,103.0,94.5,119.5,0.0,53.44186046511628,54.0,51.0,55.0,0.0,86.97790697674418,86.4,80.325,93.45,2.3255813953488373,,,,,,,,,,
core6_all_equal,20,K20-C20,48,3.488372093023256,"{""2009-2010"": 3, ""2011-2012"": 5, ""2013-2014"": 15, ""2015-2016"": 9, ""2017-2018"": 9, ""2021-2023"": 7}",52.94437500000001,51.3,48.85,55.9375,0.0,99.62500000000001,99.0,67.0,111.0,6.25,106.5625,104.0,88.0,119.0,6.25,55.8125,53.0,45.5,61.75,4.166666666666666,55.229166666666664,55.0,53.0,58.0,0.0,140.54479166666667,140.2,133.64999999999998,149.0,2.083333333333333,,,,,,,,,,
core6_operational_positive_weighted,2,K02-C02,291,39.6457765667575,"{""2009-2010"": 36, ""2011-2012"": 37, ""2013-2014"": 56, ""2015-2016"": 54, ""2017-2018"": 57, ""2021-2023"": 51}",40.57003436426117,39.3,36.0,43.1,0.6872852233676976,142.46048109965636,117.0,89.25,172.0,1.718213058419244,108.1958762886598,106.0,86.75,129.25,2.405498281786942,50.36769759450172,48.0,42.5,57.0,1.3745704467353952,54.264604810996566,55.0,51.0,58.0,0.0,121.09896907216495,120.5,113.9,128.375,4.4673539518900345,,,,,,,,,,
core6_operational_positive_weighted,2,K02-C01,443,60.3542234332425,"{""2009-2010"": 81, ""2011-2012"": 75, ""2013-2014"": 76, ""2015-2016"": 69, ""2017-2018"": 75, ""2021-2023"": 67}",28.23230248306998,28.2,24.9,31.1,0.9029345372460496,143.51467268623026,121.0,83.0,175.0,2.9345372460496613,134.02257336343115,135.0,107.0,158.5,5.417607223476298,56.70880361173815,54.0,47.0,65.75,2.9345372460496613,55.223476297968396,56.0,53.0,58.0,0.0,96.23273137697517,97.8,89.0,103.025,0.6772009029345373,,,,,,,,,,
core6_operational_positive_weighted,3,K03-C03,268,36.51226158038147,"{""2009-2010"": 32, ""2011-2012"": 36, ""2013-2014"": 52, ""2015-2016"": 46, ""2017-2018"": 53, ""2021-2023"": 49}",41.09186567164179,40.1,36.41,43.44,0.3731343283582089,129.36194029850745,115.0,86.5,154.0,1.8656716417910446,107.98880597014926,106.0,88.0,129.0,1.8656716417910446,51.223880597014926,49.0,43.0,57.0,1.4925373134328357,54.33955223880597,55.0,51.0,58.0,0.0,121.79477611940298,120.7,114.2,129.0,4.104477611940299,,,,,,,,,,
core6_operational_positive_weighted,3,K03-C01,289,39.3732970027248,"{""2009-2010"": 49, ""2011-2012"": 48, ""2013-2014"": 55, ""2015-2016"": 41, ""2017-2018"": 50, ""2021-2023"": 46}",27.425397923875433,27.5,23.7,30.4525,1.0380622837370241,102.19723183391004,93.0,70.0,125.0,4.498269896193772,117.78892733564014,118.0,95.0,141.0,4.498269896193772,62.15916955017301,59.0,52.0,72.0,4.498269896193772,55.49480968858131,56.0,53.0,59.0,0.0,93.73771626297578,94.1,86.525,100.75,1.0380622837370241,,,,,,,,,,
core6_operational_positive_weighted,3,K03-C02,177,24.114441416893733,"{""2009-2010"": 36, ""2011-2012"": 28, ""2013-2014"": 25, ""2015-2016"": 36, ""2017-2018"": 29, ""2021-2023"": 23}",30.362881355932203,30.1,27.5,33.150000000000006,1.1299435028248588,230.6723163841808,196.0,161.0,258.0,0.0,157.4858757062147,157.0,138.5,178.25,7.344632768361582,45.68926553672316,46.0,39.0,51.0,0.0,54.54237288135593,55.0,51.0,58.0,0.0,102.48418079096045,103.0,97.4,108.6,1.1299435028248588,,,,,,,,,,
core6_operational_positive_weighted,4,K04-C01,229,31.19891008174387,"{""2009-2010"": 45, ""2011-2012"": 37, ""2013-2014"": 40, ""2015-2016"": 34, ""2017-2018"": 34, ""2021-2023"": 39}",28.361528384279477,28.15,24.525,31.895,1.3100436681222707,97.764192139738,87.5,66.75,120.0,5.676855895196507,101.76855895196506,104.0,83.0,119.25,5.676855895196507,62.29694323144105,60.0,52.0,72.0,5.676855895196507,55.34934497816594,56.0,53.0,59.0,0.0,95.27772925764192,96.0,87.80000000000001,102.35,2.6200873362445414,,,,,,,,,,
core6_operational_positive_weighted,4,K04-C04,225,30.65395095367847,"{""2009-2010"": 26, ""2011-2012"": 29, ""2013-2014"": 44, ""2015-2016"": 39, ""2017-2018"": 48, ""2021-2023"": 39}",42.08573333333333,41.0,37.4,44.4,0.0,119.92,112.0,85.75,142.0,2.2222222222222223,113.07555555555555,114.5,95.0,132.0,2.2222222222222223,51.72,49.0,44.0,58.0,1.7777777777777777,54.324444444444445,55.0,51.0,58.0,0.0,123.60177777777778,122.0,116.15,130.39999999999998,2.666666666666667,,,,,,,,,,
core6_operational_positive_weighted,4,K04-C03,77,10.490463215258854,"{""2009-2010"": 14, ""2011-2012"": 11, ""2013-2014"": 15, ""2015-2016"": 15, ""2017-2018"": 8, ""2021-2023"": 14}",32.10688311688312,31.34,28.05,36.0,2.5974025974025974,336.32467532467535,307.0,257.0,365.0,0.0,110.23376623376623,104.0,81.75,132.5,16.883116883116884,41.714285714285715,41.0,36.0,46.0,0.0,54.36363636363637,55.0,51.0,58.0,0.0,107.43506493506493,106.4,100.0,113.5,2.5974025974025974,,,,,,,,,,
core6_operational_positive_weighted,4,K04-C02,203,27.656675749318797,"{""2009-2010"": 32, ""2011-2012"": 35, ""2013-2014"": 33, ""2015-2016"": 35, ""2017-2018"": 42, ""2021-2023"": 26}",28.948177339901477,28.89,25.825,31.7075,0.49261083743842365,146.63054187192117,140.0,101.0,180.0,0.0,165.6256157635468,159.0,146.0,176.5,0.0,52.532019704433495,51.0,46.0,57.0,0.0,55.029556650246306,55.0,53.0,58.0,0.0,98.37142857142857,99.7,90.4,106.0,0.9852216748768473,,,,,,,,,,
core6_operational_positive_weighted,5,K05-C04,64,8.71934604904632,"{""2009-2010"": 11, ""2011-2012"": 9, ""2013-2014"": 14, ""2015-2016"": 11, ""2017-2018"": 7, ""2021-2023"": 12}",32.33890625,31.380000000000003,28.0,36.875,3.125,358.328125,318.5,279.75,381.0,0.0,109.40625,104.0,78.0,127.5,20.3125,42.15625,41.0,36.0,46.25,0.0,54.0,55.0,51.0,57.25,0.0,108.009375,107.4,100.175,114.575,3.125,,,,,,,,,,
core6_operational_positive_weighted,5,K05-C01,112,15.258855585831062,"{""2009-2010"": 17, ""2011-2012"": 20, ""2013-2014"": 21, ""2015-2016"": 19, ""2017-2018"": 17, ""2021-2023"": 18}",25.204464285714284,24.0,22.1075,27.5,0.0,88.58035714285714,79.0,62.0,106.0,2.6785714285714284,119.47321428571429,122.0,99.0,137.0,2.6785714285714284,73.33928571428571,73.0,64.0,80.0,2.6785714285714284,55.88392857142857,56.5,54.0,59.0,0.0,88.68303571428572,86.9,81.475,95.825,0.0,,,,,,,,,,
core6_operational_positive_weighted,5,K05-C03,213,29.01907356948229,"{""2009-2010"": 37, ""2011-2012"": 30, ""2013-2014"": 39, ""2015-2016"": 33, ""2017-2018"": 31, ""2021-2023"": 43}",32.478685446009386,32.7,28.9,35.9,1.4084507042253522,115.84037558685445,110.0,80.0,141.75,5.164319248826291,97.47887323943662,99.0,81.25,114.0,5.164319248826291,52.43192488262911,52.0,45.0,59.0,4.694835680751173,54.89201877934272,56.0,52.0,59.0,0.0,104.48638497652583,104.3,99.0,111.2,3.755868544600939,,,,,,,,,,
core6_operational_positive_weighted,5,K05-C02,187,25.47683923705722,"{""2009-2010"": 33, ""2011-2012"": 34, ""2013-2014"": 27, ""2015-2016"": 33, ""2017-2018"": 38, ""2021-2023"": 22}",29.28283422459893,29.05,26.125,31.9,0.53475935828877,154.7433155080214,154.0,115.0,189.0,0.0,167.11764705882354,160.0,147.0,178.5,0.0,50.51336898395722,50.0,43.5,56.0,0.0,54.962566844919785,55.0,52.5,58.0,0.0,99.27807486631016,100.0,91.8,106.5,1.06951871657754,,,,,,,,,,
core6_operational_positive_weighted,5,K05-C05,158,21.525885558583106,"{""2009-2010"": 19, ""2011-2012"": 19, ""2013-2014"": 31, ""2015-2016"": 27, ""2017-2018"": 39, ""2021-2023"": 23}",44.47056962025316,42.2,40.247499999999995,47.875,0.0,117.51898734177215,109.5,80.5,140.0,2.5316455696202533,116.83544303797468,118.0,97.25,135.0,2.5316455696202533,52.234177215189874,49.0,44.0,57.0,2.5316455696202533,54.24050632911393,55.0,51.0,58.0,0.0,127.88101265822786,126.1,120.875,134.60000000000002,2.5316455696202533,,,,,,,,,,
core6_operational_positive_weighted,6,K06-C03,162,22.070844686648503,"{""2009-2010"": 30, ""2011-2012"": 23, ""2013-2014"": 32, ""2015-2016"": 23, ""2017-2018"": 22, ""2021-2023"": 32}",30.851543209876542,30.8,27.7,34.2,1.2345679012345678,121.21604938271605,112.0,80.0,151.25,6.172839506172839,86.81481481481481,87.0,70.0,101.25,6.172839506172839,52.20987654320988,52.0,45.0,58.0,6.172839506172839,55.04320987654321,56.0,52.0,59.0,0.0,101.48456790123457,101.0,95.2,106.9,4.320987654320987,,,,,,,,,,
core6_operational_positive_weighted,6,K06-C01,112,15.258855585831062,"{""2009-2010"": 18, ""2011-2012"": 20, ""2013-2014"": 21, ""2015-2016"": 14, ""2017-2018"": 19, ""2021-2023"": 20}",25.17267857142857,24.3,22.1,27.5,0.8928571428571428,88.76785714285714,79.0,64.0,102.0,2.6785714285714284,125.33928571428571,124.0,108.0,141.0,2.6785714285714284,72.97321428571428,72.0,63.0,80.0,2.6785714285714284,55.973214285714285,56.5,54.0,59.0,0.0,88.52767857142857,87.0,81.45,94.45,0.8928571428571428,,,,,,,,,,
core6_operational_positive_weighted,6,K06-C04,158,21.525885558583106,"{""2009-2010"": 16, ""2011-2012"": 26, ""2013-2014"": 21, ""2015-2016"": 33, ""2017-2018"": 37, ""2021-2023"": 25}",37.68778481012659,37.2,34.7,40.5,0.6329113924050633,114.50632911392404,112.0,82.75,140.0,1.2658227848101267,132.6012658227848,131.0,118.0,145.25,1.2658227848101267,55.449367088607595,54.0,48.0,64.0,0.6329113924050633,54.379746835443036,54.5,51.25,58.0,0.0,114.56582278481012,115.0,109.64999999999999,120.3,2.5316455696202533,,,,,,,,,,
core6_operational_positive_weighted,6,K06-C06,93,12.670299727520437,"{""2009-2010"": 13, ""2011-2012"": 10, ""2013-2014"": 23, ""2015-2016"": 14, ""2017-2018"": 18, ""2021-2023"": 15}",46.89784946236559,44.6,41.5,50.4,0.0,123.6236559139785,108.5,92.25,151.5,3.225806451612903,101.95698924731182,98.0,83.0,116.75,3.225806451612903,49.064516129032256,46.0,42.0,54.0,3.225806451612903,54.26881720430107,55.0,51.0,58.0,0.0,133.10322580645163,131.6,126.45,140.14999999999998,2.1505376344086025,,,,,,,,,,
core6_operational_positive_weighted,6,K06-C05,55,7.493188010899182,"{""2009-2010"": 11, ""2011-2012"": 7, ""2013-2014"": 12, ""2015-2016"": 10, ""2017-2018"": 6, ""2021-2023"": 9}",32.59981818181818,31.34,28.1,37.3,3.6363636363636362,374.30909090909097,331.0,296.0,397.5,0.0,114.92727272727272,115.0,88.0,134.75,23.636363636363637,41.981818181818184,41.0,36.5,46.5,0.0,53.89090909090909,55.0,51.0,57.5,0.0,108.67272727272727,107.7,100.1,114.7,3.6363636363636362,,,,,,,,,,
core6_operational_positive_weighted,6,K06-C02,154,20.98092643051771,"{""2009-2010"": 29, ""2011-2012"": 26, ""2013-2014"": 23, ""2015-2016"": 29, ""2017-2018"": 30, ""2021-2023"": 17}",28.48272727272727,28.450000000000003,25.9,30.775,0.0,164.14285714285714,167.5,123.5,201.5,0.0,168.83766233766232,160.0,147.25,182.0,0.0,48.798701298701296,49.0,43.0,54.0,0.0,54.97402597402598,55.0,52.25,58.0,0.0,97.78116883116883,99.5,90.875,103.65,0.0,,,,,,,,,,
core6_operational_positive_weighted,7,K07-C06,62,8.446866485013624,"{""2009-2010"": 12, ""2011-2012"": 10, ""2013-2014"": 12, ""2015-2016"": 10, ""2017-2018"": 6, ""2021-2023"": 12}",31.93274193548387,31.065,27.975,36.0,3.225806451612903,361.4354838709677,320.5,283.25,383.0,0.0,110.01612903225806,104.0,78.0,134.0,20.967741935483872,42.41935483870968,41.0,36.25,46.75,0.0,54.58064516129032,55.0,52.0,58.0,0.0,107.57741935483871,107.1,100.02499999999999,114.325,3.225806451612903,,,,,,,,,,
core6_operational_positive_weighted,7,K07-C03,133,18.11989100817439,"{""2009-2010"": 24, ""2011-2012"": 18, ""2013-2014"": 26, ""2015-2016"": 21, ""2017-2018"": 18, ""2021-2023"": 26}",29.775563909774437,29.1,27.0,33.1,0.0,107.87969924812029,101.5,76.25,131.5,5.263157894736842,86.93233082706766,86.5,70.0,102.0,5.263157894736842,53.38345864661654,53.0,46.25,58.0,5.263157894736842,56.37593984962406,57.0,54.0,59.0,0.0,99.0,99.0,92.25,104.65,4.511278195488721,,,,,,,,,,
core6_operational_positive_weighted,7,K07-C07,102,13.896457765667575,"{""2009-2010"": 13, ""2011-2012"": 10, ""2013-2014"": 26, ""2015-2016"": 16, ""2017-2018"": 20, ""2021-2023"": 17}",46.64607843137255,44.6,41.4,50.3,0.0,122.6078431372549,109.0,86.0,149.5,2.941176470588235,103.8529411764706,100.0,83.5,118.5,2.941176470588235,49.40196078431373,47.0,43.0,54.0,2.941176470588235,54.28431372549019,55.0,51.0,58.0,0.0,132.06960784313725,131.5,124.9,139.0,2.941176470588235,,,,,,,,,,
core6_operational_positive_weighted,7,K07-C01,76,10.354223433242508,"{""2009-2010"": 12, ""2011-2012"": 13, ""2013-2014"": 16, ""2015-2016"": 13, ""2017-2018"": 10, ""2021-2023"": 12}",24.504342105263156,23.55,21.7,27.2025,0.0,81.98684210526318,75.0,60.0,91.5,1.3157894736842104,122.75,122.0,106.0,140.0,1.3157894736842104,78.9078947368421,76.0,70.0,84.0,1.3157894736842104,55.69736842105263,56.0,54.0,58.0,0.0,87.00394736842105,85.6,80.625,93.475,0.0,,,,,,,,,,
core6_operational_positive_weighted,7,K07-C02,140,19.07356948228883,"{""2009-2010"": 25, ""2011-2012"": 25, ""2013-2014"": 19, ""2015-2016"": 25, ""2017-2018"": 33, ""2021-2023"": 13}",27.806714285714285,27.75,24.849999999999998,30.225,0.0,157.0857142857143,153.0,118.0,190.0,0.0,171.35,162.5,151.75,183.25,0.0,50.635714285714286,51.0,46.0,56.0,0.0,55.59285714285714,56.0,53.0,58.0,0.0,95.66714285714285,96.0,89.07499999999999,102.6,0.0,,,,,,,,,,
core6_operational_positive_weighted,7,K07-C05,112,15.258855585831062,"{""2009-2010"": 17, ""2011-2012"": 23, ""2013-2014"": 19, ""2015-2016"": 20, ""2017-2018"": 18, ""2021-2023"": 15}",34.03142857142857,34.4,30.575,37.375,1.7857142857142856,133.32142857142856,124.5,94.75,172.25,3.571428571428571,125.14285714285714,124.0,109.75,138.0,3.571428571428571,48.58035714285714,48.0,40.0,55.0,3.571428571428571,49.6875,50.0,47.75,52.0,0.0,108.02857142857142,107.30000000000001,100.225,114.5,1.7857142857142856,,,,,,,,,,
core6_operational_positive_weighted,7,K07-C04,109,14.850136239782016,"{""2009-2010"": 14, ""2011-2012"": 13, ""2013-2014"": 14, ""2015-2016"": 18, ""2017-2018"": 27, ""2021-2023"": 23}",37.13871559633027,36.7,34.35,40.215,1.834862385321101,115.73394495412843,108.5,80.0,140.0,2.7522935779816518,133.45871559633028,132.5,118.25,150.0,2.7522935779816518,59.477064220183486,58.0,50.5,68.5,1.834862385321101,57.38532110091743,58.0,56.0,59.0,0.0,114.29449541284404,114.95,109.9,119.5,2.7522935779816518,,,,,,,,,,
core6_operational_positive_weighted,8,K08-C01,68,9.264305177111716,"{""2009-2010"": 11, ""2011-2012"": 13, ""2013-2014"": 14, ""2015-2016"": 12, ""2017-2018"": 7, ""2021-2023"": 11}",24.235882352941175,23.4,21.65,27.1175,0.0,78.8529411764706,75.0,60.5,90.5,1.4705882352941175,124.36764705882354,128.0,107.5,140.5,1.4705882352941175,79.70588235294117,79.0,71.0,85.0,1.4705882352941175,55.5735294117647,55.5,53.0,58.0,0.0,86.11911764705883,85.0,80.15,90.275,0.0,,,,,,,,,,
core6_operational_positive_weighted,8,K08-C04,106,14.441416893732969,"{""2009-2010"": 14, ""2011-2012"": 13, ""2013-2014"": 13, ""2015-2016"": 18, ""2017-2018"": 28, ""2021-2023"": 20}",37.186037735849055,36.8,34.425,40.2075,1.8867924528301887,111.16037735849058,104.0,77.0,137.0,2.8301886792452833,135.0754716981132,135.0,119.5,151.5,2.8301886792452833,60.028301886792455,58.5,51.0,69.0,1.8867924528301887,57.29245283018868,58.0,56.0,59.0,0.0,114.02641509433963,114.6,109.19999999999999,119.5,2.8301886792452833,,,,,,,,,,
core6_operational_positive_weighted,8,K08-C02,130,17.71117166212534,"{""2009-2010"": 22, ""2011-2012"": 24, ""2013-2014"": 19, ""2015-2016"": 20, ""2017-2018"": 32, ""2021-2023"": 13}",27.46746153846154,27.6,24.5125,30.130000000000003,0.0,151.46153846153845,143.5,115.25,181.75,0.0,172.83846153846153,164.0,153.0,184.75,0.0,51.253846153846155,51.0,47.0,56.0,0.0,55.723076923076924,56.0,54.0,58.75,0.0,94.98846153846154,95.30000000000001,88.69999999999999,102.07499999999999,0.0,,,,,,,,,,
core6_operational_positive_weighted,8,K08-C06,76,10.354223433242508,"{""2009-2010"": 13, ""2011-2012"": 11, ""2013-2014"": 14, ""2015-2016"": 17, ""2017-2018"": 5, ""2021-2023"": 16}",32.3175,31.41,28.25,35.9,2.631578947368421,282.38157894736844,279.5,239.0,323.0,0.0,108.0,106.5,82.75,129.0,2.631578947368421,43.48684210526316,41.0,37.0,47.0,0.0,55.776315789473685,56.0,53.75,59.0,0.0,107.91184210526316,106.3,100.6,115.2,1.3157894736842104,,,,,,,,,,
core6_operational_positive_weighted,8,K08-C05,113,15.39509536784741,"{""2009-2010"": 17, ""2011-2012"": 23, ""2013-2014"": 20, ""2015-2016"": 20, ""2017-2018"": 18, ""2021-2023"": 15}",33.94088495575221,34.0,30.4,37.349999999999994,1.7699115044247788,133.23893805309734,126.0,95.0,172.0,3.5398230088495577,126.83185840707965,126.0,110.0,142.0,3.5398230088495577,48.88495575221239,48.0,41.0,55.0,3.5398230088495577,49.5929203539823,49.0,48.0,52.0,0.0,107.86814159292035,107.2,100.25,114.2,1.7699115044247788,,,,,,,,,,
core6_operational_positive_weighted,8,K08-C03,129,17.574931880108995,"{""2009-2010"": 24, ""2011-2012"": 17, ""2013-2014"": 26, ""2015-2016"": 19, ""2017-2018"": 19, ""2021-2023"": 24}",29.58480620155039,28.9,26.53,33.0,0.0,100.88372093023256,95.5,74.0,127.0,5.426356589147287,86.52713178294573,84.5,69.25,102.0,5.426356589147287,54.50387596899225,54.0,47.25,59.0,5.426356589147287,56.35658914728682,57.0,54.0,60.0,0.0,98.48837209302326,98.7,91.35,103.8,4.651162790697675,,,,,,,,,,
core6_operational_positive_weighted,8,K08-C07,11,1.4986376021798364,"{""2009-2010"": 3, ""2011-2012"": 1, ""2013-2014"": 1, ""2015-2016"": 2, ""2017-2018"": 2, ""2021-2023"": 2}",29.579090909090908,28.72,27.4,32.27,0.0,592.7272727272726,524.0,491.0,705.5,0.0,122.0,,,,100.0,43.09090909090909,41.0,36.5,46.0,0.0,51.90909090909091,51.0,48.0,55.0,0.0,103.51818181818182,102.19999999999999,96.4,110.15,9.090909090909092,,,,,,,,,,
core6_operational_positive_weighted,8,K08-C08,101,13.760217983651227,"{""2009-2010"": 13, ""2011-2012"": 10, ""2013-2014"": 25, ""2015-2016"": 15, ""2017-2018"": 21, ""2021-2023"": 17}",46.72277227722772,44.6,41.37,50.3,0.0,120.26732673267327,109.0,83.0,140.75,2.9702970297029703,104.64356435643565,101.5,85.5,119.0,2.9702970297029703,49.495049504950494,47.0,43.0,54.0,2.9702970297029703,54.20792079207921,55.0,51.0,57.0,0.0,132.13267326732674,131.55,124.9,139.2,2.9702970297029703,,,,,,,,,,
core6_operational_positive_weighted,9,K09-C08,72,9.809264305177113,"{""2009-2010"": 13, ""2011-2012"": 8, ""2013-2014"": 16, ""2015-2016"": 14, ""2017-2018"": 4, ""2021-2023"": 17}",33.517361111111114,33.75,30.025,36.875,2.7777777777777777,272.9722222222222,270.0,220.75,318.25,0.0,103.70833333333334,101.5,81.75,120.0,0.0,42.22222222222222,41.0,37.0,46.25,0.0,55.84722222222222,56.5,54.0,58.25,0.0,110.075,108.7,103.25,117.05,1.3888888888888888,,,,,,,,,,
core6_operational_positive_weighted,9,K09-C01,64,8.71934604904632,"{""2009-2010"": 10, ""2011-2012"": 12, ""2013-2014"": 12, ""2015-2016"": 13, ""2017-2018"": 7, ""2021-2023"": 10}",24.3575,23.4,21.65,27.3,0.0,78.87500000000001,71.5,59.75,87.25,0.0,122.96875,122.0,106.5,140.0,0.0,81.3125,79.0,71.75,87.25,0.0,55.390625,55.0,53.0,58.0,0.0,86.271875,85.25,80.15,90.275,0.0,,,,,,,,,,
core6_operational_positive_weighted,9,K09-C04,101,13.760217983651227,"{""2009-2010"": 17, ""2011-2012"": 15, ""2013-2014"": 21, ""2015-2016"": 17, ""2017-2018"": 16, ""2021-2023"": 15}",29.964455445544555,29.4,26.53,33.7,0.0,96.9009900990099,92.0,73.0,120.0,0.0,78.20792079207921,80.0,67.0,94.0,0.0,55.2970297029703,55.0,48.0,61.0,0.0,55.94059405940594,56.0,53.0,59.0,0.0,98.75544554455445,97.3,91.75,105.25,5.9405940594059405,,,,,,,,,,
core6_operational_positive_weighted,9,K09-C09,94,12.806539509536785,"{""2009-2010"": 13, ""2011-2012"": 9, ""2013-2014"": 24, ""2015-2016"": 14, ""2017-2018"": 19, ""2021-2023"": 15}",47.29255319148936,45.4,41.712500000000006,50.925,0.0,117.38297872340425,108.0,79.5,139.5,3.1914893617021276,104.98936170212767,102.0,84.5,120.5,3.1914893617021276,49.702127659574465,47.0,43.0,54.0,3.1914893617021276,54.09574468085106,54.0,51.0,57.75,0.0,132.88404255319148,132.5,126.7,140.14999999999998,3.1914893617021276,,,,,,,,,,
core6_operational_positive_weighted,9,K09-C05,102,13.896457765667575,"{""2009-2010"": 13, ""2011-2012"": 15, ""2013-2014"": 11, ""2015-2016"": 17, ""2017-2018"": 28, ""2021-2023"": 18}",37.49411764705882,37.2,34.7,40.3,0.9803921568627451,107.6764705882353,102.0,75.75,132.25,1.9607843137254901,133.1078431372549,131.0,116.75,150.0,1.9607843137254901,60.31372549019608,59.0,51.0,69.0,0.9803921568627451,57.205882352941174,58.0,56.0,59.0,0.0,114.82254901960785,115.15,110.925,120.025,1.9607843137254901,,,,,,,,,,
core6_operational_positive_weighted,9,K09-C03,47,6.4032697547683926,"{""2009-2010"": 8, ""2011-2012"": 8, ""2013-2014"": 6, ""2015-2016"": 9, ""2017-2018"": 11, ""2021-2023"": 5}",29.819787234042554,30.1,27.0,32.925,0.0,180.19148936170214,173.0,139.5,217.5,0.0,205.3404255319149,192.0,183.5,212.0,0.0,49.5531914893617,50.0,45.0,56.0,0.0,54.212765957446805,55.0,51.5,57.5,0.0,101.05319148936171,102.6,91.65,108.55000000000001,0.0,,,,,,,,,,
core6_operational_positive_weighted,9,K09-C07,105,14.305177111716622,"{""2009-2010"": 14, ""2011-2012"": 22, ""2013-2014"": 19, ""2015-2016"": 18, ""2017-2018"": 18, ""2021-2023"": 14}",34.1152380952381,34.25,30.8,37.475,0.9523809523809524,132.64761904761906,124.5,95.5,169.75,2.857142857142857,124.55238095238096,123.5,108.25,138.0,2.857142857142857,48.819047619047616,48.0,41.0,55.0,2.857142857142857,49.542857142857144,49.0,47.0,52.0,0.0,108.31238095238095,107.30000000000001,100.95,114.42500000000001,0.9523809523809524,,,,,,,,,,
core6_operational_positive_weighted,9,K09-C02,135,18.392370572207085,"{""2009-2010"": 26, ""2011-2012"": 21, ""2013-2014"": 22, ""2015-2016"": 18, ""2017-2018"": 26, ""2021-2023"": 22}",27.077407407407406,27.5,24.5,29.4,1.4814814814814816,136.27407407407406,132.0,103.0,171.0,7.4074074074074066,145.83703703703705,150.0,135.0,160.0,7.4074074074074066,52.02962962962963,52.0,46.0,57.0,7.4074074074074066,56.51851851851852,57.0,55.0,59.0,0.0,93.9888888888889,95.2,88.4,100.4,1.4814814814814816,,,,,,,,,,
core6_operational_positive_weighted,9,K09-C06,14,1.9073569482288828,"{""2009-2010"": 3, ""2011-2012"": 2, ""2013-2014"": 1, ""2015-2016"": 3, ""2017-2018"": 3, ""2021-2023"": 2}",28.947857142857142,28.55,26.025,31.055,0.0,552.3571428571429,496.5,447.75,622.75,0.0,125.57142857142857,172.0,172.0,172.0,92.85714285714286,46.214285714285715,42.0,37.25,48.0,0.0,52.785714285714285,53.0,49.25,56.0,0.0,102.57142857142857,101.1,96.0,107.6,7.142857142857142,,,,,,,,,,
core6_operational_positive_weighted,10,K10-C06,102,13.896457765667575,"{""2009-2010"": 12, ""2011-2012"": 21, ""2013-2014"": 17, ""2015-2016"": 21, ""2017-2018"": 17, ""2021-2023"": 14}",34.23156862745098,34.25,30.905,37.475,1.9607843137254901,134.36274509803923,126.0,99.25,171.25,3.9215686274509802,129.5,128.0,115.0,145.25,3.9215686274509802,49.1078431372549,48.5,41.0,55.0,3.9215686274509802,49.490196078431374,49.0,47.25,52.0,0.0,108.29705882352941,107.05000000000001,101.07499999999999,114.0,1.9607843137254901,,,,,,,,,,
core6_operational_positive_weighted,10,K10-C03,103,14.032697547683922,"{""2009-2010"": 21, ""2011-2012"": 13, ""2013-2014"": 20, ""2015-2016"": 17, ""2017-2018"": 17, ""2021-2023"": 15}",28.054174757281555,27.8,25.7,30.634999999999998,0.0,99.63106796116506,99.0,70.5,127.0,3.8834951456310676,90.64077669902913,92.0,75.5,106.0,3.8834951456310676,55.213592233009706,55.0,48.0,62.0,3.8834951456310676,56.310679611650485,57.0,54.0,60.0,0.0,95.5,95.9,90.8,100.55,0.0,,,,,,,,,,
core6_operational_positive_weighted,10,K10-C10,65,8.85558583106267,"{""2009-2010"": 10, ""2011-2012"": 8, ""2013-2014"": 16, ""2015-2016"": 11, ""2017-2018"": 12, ""2021-2023"": 8}",49.756,48.6,44.2,53.1,0.0,115.67692307692307,106.0,79.25,129.75,4.615384615384616,113.23076923076923,115.0,95.5,130.25,4.615384615384616,50.49230769230769,48.0,43.0,54.75,4.615384615384616,53.36923076923077,54.0,50.0,57.0,0.0,136.43846153846155,136.6,131.25,143.25,3.076923076923077,,,,,,,,,,
core6_operational_positive_weighted,10,K10-C07,69,9.400544959128066,"{""2009-2010"": 13, ""2011-2012"": 10, ""2013-2014"": 12, ""2015-2016"": 15, ""2017-2018"": 5, ""2021-2023"": 14}",32.330579710144924,31.4,28.45,35.8,2.898550724637681,288.3768115942029,284.0,246.0,326.0,0.0,109.52173913043478,107.0,83.5,133.0,2.898550724637681,42.34782608695652,41.0,36.0,46.0,0.0,55.666666666666664,56.0,53.0,58.0,0.0,107.80289855072463,106.35,100.55,114.8,1.4492753623188406,,,,,,,,,,
core6_operational_positive_weighted,10,K10-C04,38,5.177111716621254,"{""2009-2010"": 8, ""2011-2012"": 7, ""2013-2014"": 6, ""2015-2016"": 5, ""2017-2018"": 8, ""2021-2023"": 4}",28.88763157894737,28.549999999999997,26.387500000000003,31.05,0.0,182.21052631578948,172.5,140.75,222.0,0.0,211.8421052631579,198.0,189.0,219.0,0.0,49.76315789473684,50.0,43.5,56.0,0.0,54.73684210526316,55.0,52.25,58.0,0.0,99.6421052631579,101.15,89.975,107.0,0.0,,,,,,,,,,
core6_operational_positive_weighted,10,K10-C01,61,8.310626702997276,"{""2009-2010"": 10, ""2011-2012"": 12, ""2013-2014"": 12, ""2015-2016"": 11, ""2017-2018"": 6, ""2021-2023"": 10}",24.204590163934427,23.4,21.5,27.17,0.0,80.11475409836065,72.0,60.0,87.0,0.0,123.62295081967213,123.0,107.0,140.0,0.0,82.06557377049181,80.0,73.0,88.0,0.0,55.36065573770492,55.0,53.0,58.0,0.0,86.00655737704918,85.2,79.7,89.7,0.0,,,,,,,,,,
core6_operational_positive_weighted,10,K10-C02,111,15.122615803814716,"{""2009-2010"": 16, ""2011-2012"": 21, ""2013-2014"": 18, ""2015-2016"": 15, ""2017-2018"": 27, ""2021-2023"": 14}",26.807477477477477,27.1,24.200000000000003,29.424999999999997,0.0,135.64864864864865,132.0,104.5,169.0,3.6036036036036037,151.8108108108108,154.0,141.0,163.5,3.6036036036036037,52.333333333333336,52.0,47.0,57.0,3.6036036036036037,56.16216216216216,56.0,54.5,59.0,0.0,92.85225225225224,93.65,86.625,99.5,0.9009009009009009,,,,,,,,,,
core6_operational_positive_weighted,10,K10-C05,90,12.26158038147139,"{""2009-2010"": 12, ""2011-2012"": 13, ""2013-2014"": 10, ""2015-2016"": 14, ""2017-2018"": 24, ""2021-2023"": 17}",37.504,37.05,34.575,40.5525,2.2222222222222223,115.02222222222223,112.0,82.5,138.5,3.3333333333333335,140.24444444444444,137.0,125.0,154.0,3.3333333333333335,59.44444444444444,58.0,50.0,69.0,2.2222222222222223,57.41111111111111,58.0,56.0,59.0,0.0,114.54888888888888,114.4,109.675,119.69999999999999,2.2222222222222223,,,,,,,,,,
core6_operational_positive_weighted,10,K10-C08,11,1.4986376021798364,"{""2009-2010"": 3, ""2011-2012"": 1, ""2013-2014"": 1, ""2015-2016"": 2, ""2017-2018"": 2, ""2021-2023"": 2}",29.579090909090908,28.72,27.4,32.27,0.0,592.7272727272726,524.0,491.0,705.5,0.0,122.0,,,,100.0,43.090909090909086,41.0,36.5,46.0,0.0,51.90909090909091,51.0,48.0,55.0,0.0,103.51818181818182,102.19999999999999,96.4,110.15,9.090909090909092,,,,,,,,,,
core6_operational_positive_weighted,10,K10-C09,84,11.444141689373296,"{""2009-2010"": 12, ""2011-2012"": 6, ""2013-2014"": 20, ""2015-2016"": 12, ""2017-2018"": 14, ""2021-2023"": 20}",38.28654761904762,37.9,35.7425,41.1,0.0,117.96428571428571,111.5,79.75,147.0,0.0,83.20238095238093,87.0,71.0,98.0,0.0,51.773809523809526,49.0,43.75,57.25,0.0,55.57142857142857,56.0,53.0,58.25,0.0,117.78214285714286,119.1,114.5,123.2,8.333333333333332,,,,,,,,,,
core6_operational_positive_weighted,11,K11-C04,95,12.942779291553133,"{""2009-2010"": 18, ""2011-2012"": 13, ""2013-2014"": 18, ""2015-2016"": 17, ""2017-2018"": 14, ""2021-2023"": 15}",28.76147368421053,28.5,26.5725,31.7,1.0526315789473684,102.15789473684211,100.0,74.5,127.75,5.263157894736842,85.03157894736843,84.0,66.25,102.0,5.263157894736842,53.694736842105264,54.0,48.0,58.0,5.263157894736842,56.49473684210526,57.0,54.0,60.0,0.0,96.88947368421053,97.15,91.875,102.3,3.1578947368421053,,,,,,,,,,
core6_operational_positive_weighted,11,K11-C03,36,4.904632152588556,"{""2009-2010"": 8, ""2011-2012"": 7, ""2013-2014"": 5, ""2015-2016"": 4, ""2017-2018"": 9, ""2021-2023"": 3}",28.920277777777777,28.549999999999997,26.4225,30.95,0.0,174.44444444444443,170.0,134.0,208.5,0.0,214.41666666666666,198.5,189.75,220.25,0.0,50.55555555555556,50.5,45.0,56.0,0.0,54.666666666666664,55.0,52.0,58.0,0.0,99.34722222222223,101.15,89.675,106.25,0.0,,,,,,,,,,
core6_operational_positive_weighted,11,K11-C10,81,11.035422343324251,"{""2009-2010"": 9, ""2011-2012"": 8, ""2013-2014"": 22, ""2015-2016"": 8, ""2017-2018"": 15, ""2021-2023"": 19}",38.69777777777778,38.55,36.5,41.2,0.0,127.22222222222223,117.5,91.25,156.75,1.2345679012345678,92.65432098765432,93.5,79.75,105.0,1.2345679012345678,49.22222222222222,47.0,43.0,54.0,1.2345679012345678,56.54320987654321,57.0,55.0,59.0,0.0,119.64197530864197,120.0,115.3,124.5,2.4691358024691357,,,,,,,,,,
core6_operational_positive_weighted,11,K11-C06,74,10.08174386920981,"{""2009-2010"": 15, ""2011-2012"": 6, ""2013-2014"": 12, ""2015-2016"": 22, ""2017-2018"": 11, ""2021-2023"": 8}",32.416756756756754,31.46,29.4025,35.525,2.7027027027027026,217.8783783783784,203.5,175.0,248.75,0.0,149.10810810810813,150.0,135.25,159.5,0.0,42.66216216216216,41.0,39.0,47.0,0.0,54.891891891891895,55.0,52.0,59.0,0.0,107.59054054054054,106.6,102.1,112.175,0.0,,,,,,,,,,
core6_operational_positive_weighted,11,K11-C11,68,9.264305177111716,"{""2009-2010"": 9, ""2011-2012"": 9, ""2013-2014"": 16, ""2015-2016"": 12, ""2017-2018"": 13, ""2021-2023"": 9}",49.660147058823526,48.5,44.5,52.875,0.0,116.1764705882353,107.0,80.0,136.0,4.411764705882353,115.11764705882354,116.0,98.0,132.0,4.411764705882353,50.5,48.0,43.0,55.0,4.411764705882353,53.205882352941174,53.5,50.0,57.0,0.0,135.58823529411765,136.2,129.4,143.2,4.411764705882353,,,,,,,,,,
core6_operational_positive_weighted,11,K11-C07,92,12.534059945504087,"{""2009-2010"": 16, ""2011-2012"": 19, ""2013-2014"": 15, ""2015-2016"": 17, ""2017-2018"": 13, ""2021-2023"": 12}",33.89923913043478,34.1,30.835,36.8,2.1739130434782608,112.76086956521738,110.5,78.5,134.5,4.3478260869565215,120.0,118.0,106.0,133.25,4.3478260869565215,52.04347826086956,51.0,46.0,57.5,4.3478260869565215,49.52173913043478,49.0,47.0,52.0,0.0,107.08804347826087,106.9,100.1,113.8,3.260869565217391,,,,,,,,,,
core6_operational_positive_weighted,11,K11-C09,11,1.4986376021798364,"{""2009-2010"": 3, ""2011-2012"": 1, ""2013-2014"": 1, ""2015-2016"": 2, ""2017-2018"": 2, ""2021-2023"": 2}",29.579090909090908,28.72,27.4,32.27,0.0,592.7272727272726,524.0,491.0,705.5,0.0,122.0,,,,100.0,43.09090909090909,41.0,36.5,46.0,0.0,51.90909090909091,51.0,48.0,55.0,0.0,103.51818181818182,102.19999999999999,96.4,110.15,9.090909090909092,,,,,,,,,,
core6_operational_positive_weighted,11,K11-C02,101,13.760217983651227,"{""2009-2010"": 13, ""2011-2012"": 19, ""2013-2014"": 19, ""2015-2016"": 12, ""2017-2018"": 23, ""2021-2023"": 15}",25.831584158415843,25.9,23.4,28.3,0.0,121.16831683168317,118.0,91.0,140.0,3.9603960396039604,151.4752475247525,154.0,140.0,165.0,3.9603960396039604,55.28712871287129,55.0,49.0,60.0,3.9603960396039604,55.95049504950495,56.0,54.0,58.0,0.0,90.38712871287129,90.65,84.45,95.92500000000001,0.9900990099009901,,,,,,,,,,
core6_operational_positive_weighted,11,K11-C08,45,6.130790190735695,"{""2009-2010"": 7, ""2011-2012"": 8, ""2013-2014"": 9, ""2015-2016"": 7, ""2017-2018"": 3, ""2021-2023"": 11}",32.23377777777778,31.19,28.0,35.6,0.0,297.2888888888889,296.0,252.0,350.0,0.0,90.95555555555555,92.0,75.0,104.0,4.444444444444445,42.42222222222222,41.0,36.0,46.0,0.0,55.4,56.0,54.0,58.0,0.0,106.66,105.25,99.725,114.825,2.2222222222222223,,,,,,,,,,
core6_operational_positive_weighted,11,K11-C05,74,10.08174386920981,"{""2009-2010"": 8, ""2011-2012"": 10, ""2013-2014"": 6, ""2015-2016"": 12, ""2017-2018"": 22, ""2021-2023"": 16}",37.22554054054054,36.7,34.0,40.5,1.3513513513513513,103.48648648648648,98.0,75.0,128.0,1.3513513513513513,140.64864864864865,138.0,125.0,154.0,1.3513513513513513,66.33783783783784,66.0,57.25,73.0,0.0,57.24324324324324,58.0,56.0,59.0,0.0,113.76351351351352,114.0,107.95,119.525,2.7027027027027026,,,,,,,,,,
core6_operational_positive_weighted,11,K11-C01,57,7.7656675749318795,"{""2009-2010"": 11, ""2011-2012"": 12, ""2013-2014"": 9, ""2015-2016"": 10, ""2017-2018"": 7, ""2021-2023"": 8}",24.04859649122807,23.5,21.7,26.1,0.0,79.85964912280703,70.0,59.0,88.0,0.0,114.2280701754386,115.0,95.0,133.0,0.0,80.98245614035088,79.0,72.0,86.0,0.0,55.31578947368421,55.0,53.0,58.0,0.0,85.5982456140351,85.5,80.3,90.0,0.0,,,,,,,,,,
core6_operational_positive_weighted,12,K12-C02,93,12.670299727520437,"{""2009-2010"": 10, ""2011-2012"": 19, ""2013-2014"": 19, ""2015-2016"": 12, ""2017-2018"": 23, ""2021-2023"": 10}",25.427096774193547,25.4,23.3,27.6,0.0,125.15053763440861,123.0,92.0,155.0,2.1505376344086025,161.31182795698925,160.0,146.5,175.5,2.1505376344086025,55.795698924731184,55.0,50.0,61.0,2.1505376344086025,56.064516129032256,56.0,55.0,59.0,0.0,89.33010752688172,90.0,84.0,95.2,0.0,,,,,,,,,,
core6_operational_positive_weighted,12,K12-C10,84,11.444141689373296,"{""2009-2010"": 13, ""2011-2012"": 8, ""2013-2014"": 20, ""2015-2016"": 8, ""2017-2018"": 17, ""2021-2023"": 18}",39.285357142857144,39.25,36.875,41.625,0.0,120.95238095238095,116.0,86.5,151.5,1.1904761904761905,90.4047619047619,90.0,78.5,100.0,1.1904761904761905,49.785714285714285,47.0,43.0,55.0,1.1904761904761905,55.976190476190474,56.5,54.0,59.0,0.0,120.82142857142857,120.7,116.2,126.7,3.571428571428571,,,,,,,,,,
core6_operational_positive_weighted,12,K12-C07,88,11.989100817438691,"{""2009-2010"": 21, ""2011-2012"": 9, ""2013-2014"": 12, ""2015-2016"": 20, ""2017-2018"": 15, ""2021-2023"": 11}",31.58215909090909,31.04,29.05,33.824999999999996,0.0,201.22727272727275,187.5,162.75,241.0,0.0,157.73863636363637,155.5,143.75,171.25,0.0,45.21590909090909,44.5,40.0,50.25,0.0,55.77272727272727,56.0,53.0,59.0,0.0,105.4125,104.25,101.1,109.55,0.0,,,,,,,,,,
core6_operational_positive_weighted,12,K12-C05,89,12.125340599455042,"{""2009-2010"": 12, ""2011-2012"": 13, ""2013-2014"": 10, ""2015-2016"": 14, ""2017-2018"": 21, ""2021-2023"": 19}",34.786966292134835,34.7,31.9,37.4,2.247191011235955,94.1797752808989,90.0,67.0,113.0,6.741573033707865,130.22471910112358,127.0,117.5,142.5,6.741573033707865,65.32584269662921,65.5,57.75,73.0,5.617977528089887,57.57303370786517,58.0,56.0,59.0,0.0,109.79325842696629,109.6,102.35,115.69999999999999,2.247191011235955,,,,,,,,,,
core6_operational_positive_weighted,12,K12-C08,14,1.9073569482288828,"{""2009-2010"": 3, ""2011-2012"": 2, ""2013-2014"": 1, ""2015-2016"": 3, ""2017-2018"": 3, ""2021-2023"": 2}",28.947857142857142,28.55,26.025,31.055,0.0,552.3571428571429,496.5,447.75,622.75,0.0,125.57142857142857,172.0,172.0,172.0,92.85714285714286,46.214285714285715,42.0,37.25,48.0,0.0,52.785714285714285,53.0,49.25,56.0,0.0,102.57142857142857,101.1,96.0,107.6,7.142857142857142,,,,,,,,,,
core6_operational_positive_weighted,12,K12-C11,61,8.310626702997276,"{""2009-2010"": 7, ""2011-2012"": 8, ""2013-2014"": 10, ""2015-2016"": 11, ""2017-2018"": 15, ""2021-2023"": 10}",41.74098360655738,41.2,39.0,43.4,0.0,130.75409836065575,117.5,102.5,156.25,1.639344262295082,137.08196721311475,134.5,120.0,153.25,1.639344262295082,48.57377049180328,47.0,43.0,52.25,1.639344262295082,50.049180327868854,50.0,47.0,53.0,0.0,121.64754098360656,122.30000000000001,117.775,127.875,4.918032786885246,,,,,,,,,,
core6_operational_positive_weighted,12,K12-C09,55,7.493188010899182,"{""2009-2010"": 10, ""2011-2012"": 8, ""2013-2014"": 12, ""2015-2016"": 9, ""2017-2018"": 3, ""2021-2023"": 13}",32.901272727272726,33.1,28.4,36.0,3.6363636363636362,280.1090909090909,280.0,233.5,322.0,0.0,95.56363636363636,99.0,78.0,115.0,0.0,41.90909090909091,41.0,36.0,47.0,0.0,55.127272727272725,56.0,52.5,58.0,0.0,108.68181818181819,107.8,100.6,115.2,1.8181818181818181,,,,,,,,,,
core6_operational_positive_weighted,12,K12-C12,38,5.177111716621254,"{""2009-2010"": 3, ""2011-2012"": 5, ""2013-2014"": 13, ""2015-2016"": 8, ""2017-2018"": 5, ""2021-2023"": 4}",53.35921052631579,51.95,49.125,56.6875,0.0,118.07894736842105,106.0,92.75,133.0,5.263157894736842,109.28947368421052,104.0,93.25,125.0,5.263157894736842,52.18421052631579,49.5,42.75,55.25,5.263157894736842,54.89473684210526,55.0,52.25,58.0,0.0,141.32105263157894,142.6,137.1,149.0,2.631578947368421,,,,,,,,,,
core6_operational_positive_weighted,12,K12-C06,83,11.307901907356948,"{""2009-2010"": 13, ""2011-2012"": 19, ""2013-2014"": 16, ""2015-2016"": 14, ""2017-2018"": 10, ""2021-2023"": 11}",31.106385542168674,30.94,28.0,33.8,2.4096385542168677,110.06024096385542,108.0,87.0,130.0,7.228915662650602,116.62650602409639,115.0,102.0,131.0,7.228915662650602,52.93975903614458,53.0,48.0,58.0,7.228915662650602,50.373493975903614,50.0,48.0,52.0,0.0,100.96024096385543,100.15,96.0,106.1,3.614457831325301,,,,,,,,,,
core6_operational_positive_weighted,12,K12-C03,72,9.809264305177113,"{""2009-2010"": 13, ""2011-2012"": 8, ""2013-2014"": 13, ""2015-2016"": 14, ""2017-2018"": 13, ""2021-2023"": 11}",27.93263888888889,27.55,24.675,30.8075,0.0,95.73611111111111,93.5,72.5,120.25,0.0,76.56944444444446,78.5,62.0,92.0,0.0,54.93055555555556,54.0,48.0,59.5,0.0,56.888888888888886,57.0,55.0,60.0,0.0,94.94305555555556,94.1,89.075,99.925,2.7777777777777777,,,,,,,,,,
core6_operational_positive_weighted,12,K12-C04,9,1.226158038147139,"{""2009-2010"": 2, ""2011-2012"": 2, ""2013-2014"": 1, ""2015-2016"": 1, ""2017-2018"": 2, ""2021-2023"": 1}",29.975555555555555,30.8,26.37,31.71,0.0,184.0,189.0,171.0,203.0,0.0,268.44444444444446,237.0,222.0,301.0,0.0,47.44444444444444,48.0,40.0,49.0,0.0,53.22222222222222,53.0,50.0,55.0,0.0,103.56666666666666,102.6,89.7,115.8,0.0,,,,,,,,,,
core6_operational_positive_weighted,12,K12-C01,48,6.539509536784741,"{""2009-2010"": 10, ""2011-2012"": 11, ""2013-2014"": 5, ""2015-2016"": 9, ""2017-2018"": 5, ""2021-2023"": 8}",23.362083333333338,23.0,21.5,24.869999999999997,0.0,80.375,70.5,60.0,86.5,0.0,117.75,118.0,95.75,136.0,0.0,82.10416666666667,80.0,72.0,88.5,0.0,55.020833333333336,55.0,52.75,57.0,0.0,83.63333333333334,84.15,78.825,87.15,0.0,,,,,,,,,,
core6_operational_positive_weighted,13,K13-C09,58,7.901907356948229,"{""2009-2010"": 12, ""2011-2012"": 8, ""2013-2014"": 7, ""2015-2016"": 8, ""2017-2018"": 9, ""2021-2023"": 14}",35.058965517241376,35.04,32.565000000000005,37.575,0.0,85.96551724137932,82.0,58.25,107.25,0.0,73.0344827586207,71.0,59.75,88.75,0.0,57.706896551724135,56.0,51.0,63.5,0.0,55.6551724137931,56.0,53.0,58.0,0.0,109.04827586206896,109.0,104.525,115.575,10.344827586206897,,,,,,,,,,
core6_operational_positive_weighted,13,K13-C12,58,7.901907356948229,"{""2009-2010"": 8, ""2011-2012"": 8, ""2013-2014"": 10, ""2015-2016"": 11, ""2017-2018"": 12, ""2021-2023"": 9}",41.32120689655172,41.2,38.925,42.875,0.0,124.1896551724138,117.0,97.0,144.0,1.7241379310344827,124.62068965517241,122.0,110.0,138.0,1.7241379310344827,46.86206896551724,46.0,43.0,49.0,1.7241379310344827,49.41379310344828,49.0,47.0,51.0,0.0,121.66724137931035,121.9,117.25,127.65,5.172413793103448,,,,,,,,,,
core6_operational_positive_weighted,13,K13-C03,6,0.8174386920980926,"{""2009-2010"": 1, ""2011-2012"": 1, ""2013-2014"": 1, ""2017-2018"": 2, ""2021-2023"": 1}",28.72833333333333,28.585,25.3425,30.875,0.0,187.16666666666666,199.5,167.5,206.0,0.0,292.1666666666667,276.5,240.75,340.75,0.0,48.333333333333336,48.5,47.25,49.0,0.0,52.833333333333336,54.0,50.0,55.0,0.0,98.83333333333333,95.75,88.875,108.7,0.0,,,,,,,,,,
core6_operational_positive_weighted,13,K13-C04,74,10.08174386920981,"{""2009-2010"": 14, ""2011-2012"": 7, ""2013-2014"": 17, ""2015-2016"": 12, ""2017-2018"": 10, ""2021-2023"": 14}",26.932162162162165,27.2,24.1,28.9,1.3513513513513513,106.21621621621621,103.0,78.5,128.0,10.81081081081081,97.44594594594595,96.5,79.25,111.0,10.81081081081081,52.74324324324324,53.0,46.25,57.0,10.81081081081081,57.770270270270274,58.0,57.0,60.0,0.0,93.51486486486486,94.0,88.25,99.57499999999999,0.0,,,,,,,,,,
core6_operational_positive_weighted,13,K13-C11,62,8.446866485013624,"{""2009-2010"": 8, ""2011-2012"": 4, ""2013-2014"": 15, ""2015-2016"": 9, ""2017-2018"": 12, ""2021-2023"": 14}",39.67177419354839,39.45,37.2,41.875,0.0,187.2258064516129,185.0,133.0,220.0,0.0,94.58064516129032,95.5,80.5,105.75,0.0,44.74193548387097,44.0,40.25,49.0,0.0,56.61290322580645,57.0,55.0,59.0,0.0,123.53548387096774,123.65,117.025,129.0,0.0,,,,,,,,,,
core6_operational_positive_weighted,13,K13-C13,40,5.449591280653951,"{""2009-2010"": 2, ""2011-2012"": 5, ""2013-2014"": 14, ""2015-2016"": 9, ""2017-2018"": 5, ""2021-2023"": 5}",52.737,51.2,48.375,56.6625,0.0,100.075,101.0,78.25,110.75,5.0,109.175,104.0,90.5,124.5,5.0,53.3,51.5,45.5,55.75,5.0,55.075,55.5,53.0,58.0,0.0,139.85500000000002,140.2,133.05,147.35,2.5,,,,,,,,,,
core6_operational_positive_weighted,13,K13-C07,79,10.762942779291553,"{""2009-2010"": 18, ""2011-2012"": 7, ""2013-2014"": 10, ""2015-2016"": 22, ""2017-2018"": 13, ""2021-2023"": 9}",31.9726582278481,31.4,29.1,34.9,2.5316455696202533,219.0759493670886,205.0,175.0,252.5,0.0,158.0126582278481,154.0,142.0,171.5,0.0,43.40506329113924,42.0,39.0,48.0,0.0,54.74683544303797,55.0,52.0,59.0,0.0,106.96582278481013,106.5,102.1,111.80000000000001,0.0,,,,,,,,,,
core6_operational_positive_weighted,13,K13-C01,55,7.493188010899182,"{""2009-2010"": 11, ""2011-2012"": 12, ""2013-2014"": 8, ""2015-2016"": 9, ""2017-2018"": 6, ""2021-2023"": 9}",23.77581818181818,23.4,21.6,25.744999999999997,0.0,75.85454545454547,70.0,60.0,84.5,0.0,117.92727272727272,118.0,95.5,136.0,0.0,81.0,79.0,72.0,85.0,0.0,55.30909090909091,55.0,53.0,58.0,0.0,84.89636363636365,85.2,79.45,88.9,0.0,,,,,,,,,,
core6_operational_positive_weighted,13,K13-C08,80,10.899182561307901,"{""2009-2010"": 9, ""2011-2012"": 13, ""2013-2014"": 8, ""2015-2016"": 13, ""2017-2018"": 23, ""2021-2023"": 14}",37.291125,36.6,34.3,40.4,1.25,104.3125,99.0,75.25,127.0,2.5,139.2125,136.5,124.0,152.0,2.5,64.2875,65.0,54.5,71.5,1.25,57.3875,58.0,56.0,59.0,0.0,114.1575,114.2,108.55,119.55,1.25,,,,,,,,,,
core6_operational_positive_weighted,13,K13-C02,97,13.215258855585832,"{""2009-2010"": 12, ""2011-2012"": 21, ""2013-2014"": 19, ""2015-2016"": 10, ""2017-2018"": 25, ""2021-2023"": 10}",26.054329896907216,26.1,23.7,28.6,0.0,128.57731958762886,125.0,98.0,158.0,0.0,165.55670103092783,162.0,152.0,178.0,0.0,54.824742268041234,54.0,49.0,60.0,0.0,55.98969072164948,56.0,55.0,59.0,0.0,91.20824742268042,91.5,84.5,97.8,0.0,,,,,,,,,,
core6_operational_positive_weighted,13,K13-C10,11,1.4986376021798364,"{""2009-2010"": 3, ""2011-2012"": 1, ""2013-2014"": 1, ""2015-2016"": 2, ""2017-2018"": 2, ""2021-2023"": 2}",29.579090909090908,28.72,27.4,32.27,0.0,592.7272727272726,524.0,491.0,705.5,0.0,122.0,,,,100.0,43.09090909090909,41.0,36.5,46.0,0.0,51.90909090909091,51.0,48.0,55.0,0.0,103.51818181818182,102.19999999999999,96.4,110.15,9.090909090909092,,,,,,,,,,
core6_operational_positive_weighted,13,K13-C05,78,10.626702997275205,"{""2009-2010"": 14, ""2011-2012"": 19, ""2013-2014"": 15, ""2015-2016"": 10, ""2017-2018"": 10, ""2021-2023"": 10}",31.045,30.87,28.2775,33.3275,2.564102564102564,110.7179487179487,108.0,87.0,132.0,6.41025641025641,118.56410256410257,116.0,104.0,133.0,6.41025641025641,53.756410256410255,54.0,48.0,63.0,6.41025641025641,50.294871794871796,50.0,48.0,52.0,0.0,100.86666666666667,100.2,97.3,105.9,3.8461538461538463,,,,,,,,,,
core6_operational_positive_weighted,13,K13-C06,36,4.904632152588556,"{""2009-2010"": 5, ""2011-2012"": 6, ""2013-2014"": 7, ""2015-2016"": 8, ""2017-2018"": 3, ""2021-2023"": 7}",29.369722222222222,28.45,27.225,31.590000000000003,0.0,299.94444444444446,299.0,253.5,350.25,0.0,95.63888888888889,99.5,77.25,114.75,5.555555555555555,44.52777777777778,41.5,37.0,47.25,0.0,54.80555555555556,55.5,53.0,57.25,0.0,100.47777777777777,100.6,95.75,105.65,2.7777777777777777,,,,,,,,,,
core6_operational_positive_weighted,14,K14-C14,36,4.904632152588556,"{""2009-2010"": 2, ""2011-2012"": 4, ""2013-2014"": 13, ""2015-2016"": 8, ""2017-2018"": 5, ""2021-2023"": 4}",53.46888888888889,51.95,49.375,57.0325,0.0,105.47222222222223,105.0,92.25,118.5,5.555555555555555,109.88888888888889,104.0,95.0,124.5,5.555555555555555,52.97222222222222,50.5,43.5,55.75,5.555555555555555,54.861111111111114,55.0,52.0,58.0,0.0,141.18888888888887,142.8,136.1,149.0,2.7777777777777777,,,,,,,,,,
core6_operational_positive_weighted,14,K14-C01,47,6.4032697547683926,"{""2009-2010"": 10, ""2011-2012"": 11, ""2013-2014"": 5, ""2015-2016"": 8, ""2017-2018"": 5, ""2021-2023"": 8}",23.27404255319149,23.0,21.5,24.605,0.0,76.04255319148936,70.0,60.0,84.5,0.0,117.95744680851064,118.0,95.5,136.0,0.0,81.97872340425532,80.0,72.0,88.5,0.0,55.04255319148936,55.0,52.5,57.0,0.0,83.23617021276596,84.0,78.75,87.0,0.0,,,,,,,,,,
core6_operational_positive_weighted,14,K14-C07,74,10.08174386920981,"{""2009-2010"": 8, ""2011-2012"": 12, ""2013-2014"": 8, ""2015-2016"": 12, ""2017-2018"": 20, ""2021-2023"": 14}",35.855135135135136,35.7,32.7,38.9,1.3513513513513513,90.27027027027026,87.0,67.0,106.0,1.3513513513513513,134.64864864864865,134.0,121.0,148.0,1.3513513513513513,68.45945945945945,68.0,59.25,73.0,0.0,56.986486486486484,57.5,56.0,59.0,0.0,111.33783783783784,112.19999999999999,103.975,118.5,2.7027027027027026,,,,,,,,,,
core6_operational_positive_weighted,14,K14-C10,74,10.08174386920981,"{""2009-2010"": 9, ""2011-2012"": 10, ""2013-2014"": 15, ""2015-2016"": 11, ""2017-2018"": 13, ""2021-2023"": 16}",38.51337837837838,38.150000000000006,35.9,41.25,0.0,106.70270270270271,99.0,78.0,132.0,1.3513513513513513,85.20270270270271,87.0,71.0,96.0,1.3513513513513513,52.13513513513514,50.0,45.0,57.0,1.3513513513513513,56.4054054054054,57.0,55.0,59.0,0.0,118.1972972972973,119.0,114.9,124.5,6.756756756756757,,,,,,,,,,
core6_operational_positive_weighted,14,K14-C08,28,3.8147138964577656,"{""2009-2010"": 6, ""2011-2012"": 6, ""2013-2014"": 4, ""2015-2016"": 6, ""2017-2018"": 3, ""2021-2023"": 3}",27.826428571428572,27.65,25.7,29.6,0.0,378.8571428571429,360.5,314.75,417.25,0.0,107.57142857142857,104.0,77.5,116.0,32.142857142857146,46.892857142857146,44.0,39.5,48.0,0.0,54.392857142857146,54.5,53.0,57.25,0.0,97.60714285714286,99.8,91.2,102.95,3.571428571428571,,,,,,,,,,
core6_operational_positive_weighted,14,K14-C06,75,10.217983651226158,"{""2009-2010"": 13, ""2011-2012"": 19, ""2013-2014"": 14, ""2015-2016"": 11, ""2017-2018"": 10, ""2021-2023"": 8}",31.1424,31.1,28.2325,33.775,1.3333333333333335,112.30666666666666,109.0,87.75,131.5,6.666666666666667,114.75999999999999,114.5,102.0,128.5,6.666666666666667,52.38666666666666,52.0,46.0,58.75,6.666666666666667,50.06666666666667,50.0,48.0,52.0,0.0,101.04666666666667,100.19999999999999,95.625,106.1,1.3333333333333335,,,,,,,,,,
core6_operational_positive_weighted,14,K14-C09,88,11.989100817438691,"{""2009-2010"": 23, ""2011-2012"": 8, ""2013-2014"": 12, ""2015-2016"": 20, ""2017-2018"": 10, ""2021-2023"": 15}",31.6575,30.94,29.1,34.1,3.4090909090909087,181.26136363636363,179.5,154.25,217.5,6.8181818181818175,133.13636363636363,135.5,120.5,147.75,6.8181818181818175,45.79545454545455,44.0,41.0,49.75,6.8181818181818175,57.54545454545455,58.0,56.0,60.0,0.0,105.525,104.3,101.1,109.75,1.1363636363636365,,,,,,,,,,
core6_operational_positive_weighted,14,K14-C02,82,11.1716621253406,"{""2009-2010"": 8, ""2011-2012"": 15, ""2013-2014"": 18, ""2015-2016"": 10, ""2017-2018"": 21, ""2021-2023"": 10}",24.91182926829268,24.575000000000003,22.94,27.2975,0.0,125.03658536585365,120.5,90.25,146.0,2.4390243902439024,160.1341463414634,159.5,147.0,172.25,2.4390243902439024,55.65853658536585,55.0,49.0,61.0,2.4390243902439024,56.292682926829265,56.5,55.0,59.0,0.0,87.92317073170732,89.05,82.675,93.5,0.0,,,,,,,,,,
core6_operational_positive_weighted,14,K14-C04,72,9.809264305177113,"{""2009-2010"": 14, ""2011-2012"": 7, ""2013-2014"": 15, ""2015-2016"": 12, ""2017-2018"": 13, ""2021-2023"": 11}",27.483472222222225,27.45,24.675,30.2075,0.0,98.5,100.0,70.75,127.0,0.0,80.27777777777779,80.5,65.5,96.25,0.0,55.19444444444444,55.0,48.0,59.25,0.0,56.97222222222222,57.5,55.0,60.0,0.0,94.31527777777778,94.2,89.15,99.65,1.3888888888888888,,,,,,,,,,
core6_operational_positive_weighted,14,K14-C13,37,5.040871934604905,"{""2009-2010"": 6, ""2011-2012"": 4, ""2013-2014"": 12, ""2015-2016"": 5, ""2017-2018"": 2, ""2021-2023"": 8}",38.58918918918919,38.95,35.5,41.7875,2.7027027027027026,270.7837837837838,263.0,237.0,308.0,0.0,95.0,90.0,74.0,116.0,0.0,40.45945945945946,40.0,36.0,45.0,0.0,53.432432432432435,55.0,50.0,56.0,0.0,122.15945945945946,121.8,113.8,130.7,0.0,,,,,,,,,,
core6_operational_positive_weighted,14,K14-C05,55,7.493188010899182,"{""2009-2010"": 11, ""2011-2012"": 8, ""2013-2014"": 6, ""2015-2016"": 11, ""2017-2018"": 12, ""2021-2023"": 7}",31.356,30.9,28.78,33.849999999999994,0.0,180.83636363636364,173.0,138.0,220.5,0.0,182.76363636363635,181.0,167.0,192.5,0.0,48.29090909090909,50.0,42.0,53.5,0.0,52.67272727272727,53.0,50.0,55.0,0.0,105.07454545454546,103.7,100.35,110.25,0.0,,,,,,,,,,
core6_operational_positive_weighted,14,K14-C12,59,8.038147138964577,"{""2009-2010"": 7, ""2011-2012"": 8, ""2013-2014"": 8, ""2015-2016"": 9, ""2017-2018"": 16, ""2021-2023"": 11}",42.22237288135593,41.6,39.900000000000006,43.95,0.0,120.47457627118644,117.0,98.5,140.0,1.694915254237288,131.47457627118644,129.5,117.25,148.0,1.694915254237288,47.94915254237288,47.0,44.0,52.0,1.694915254237288,50.813559322033896,51.0,47.5,53.5,0.0,122.80338983050848,123.2,119.1,128.55,5.084745762711865,,,,,,,,,,
core6_operational_positive_weighted,14,K14-C03,3,0.4087193460490463,"{""2013-2014"": 1, ""2017-2018"": 1, ""2021-2023"": 1}",31.0,30.8,27.9,34.0,0.0,205.33333333333331,207.0,201.5,210.0,0.0,343.33333333333337,354.0,327.5,364.5,0.0,48.333333333333336,49.0,48.0,49.0,0.0,54.333333333333336,55.0,54.0,55.0,0.0,103.23333333333333,101.8,95.75,110.0,0.0,,,,,,,,,,
core6_operational_positive_weighted,14,K14-C11,4,0.544959128065395,"{""2013-2014"": 1, ""2017-2018"": 1, ""2021-2023"": 2}",33.0,32.85,29.8,36.05,0.0,767.5,771.0,732.25,806.25,0.0,122.0,,,,100.0,39.5,40.5,31.25,48.75,0.0,51.75,50.5,49.25,53.0,0.0,109.55,111.0,103.5,119.0,25.0,,,,,,,,,,
core6_operational_positive_weighted,15,K15-C14,52,7.084468664850137,"{""2009-2010"": 7, ""2011-2012"": 8, ""2013-2014"": 9, ""2015-2016"": 10, ""2017-2018"": 11, ""2021-2023"": 7}",41.345,41.2,38.9,43.0,0.0,131.8076923076923,118.0,100.0,168.5,1.9230769230769231,126.48076923076923,122.0,111.5,142.5,1.9230769230769231,45.63461538461539,45.0,41.0,48.0,1.9230769230769231,48.71153846153846,48.0,47.0,51.0,0.0,121.9,121.95,117.125,127.875,3.8461538461538463,,,,,,,,,,
core6_operational_positive_weighted,15,K15-C05,80,10.899182561307901,"{""2009-2010"": 17, ""2011-2012"": 13, ""2013-2014"": 15, ""2015-2016"": 12, ""2017-2018"": 8, ""2021-2023"": 15}",29.581125,28.9,27.3,32.0,3.75,113.88749999999999,106.0,87.0,128.0,8.75,118.6125,119.0,107.0,127.0,8.75,55.275,56.0,49.0,63.0,8.75,57.8,58.0,56.0,60.0,0.0,99.39874999999999,100.0,95.9,103.5,3.75,,,,,,,,,,
core6_operational_positive_weighted,15,K15-C08,77,10.490463215258854,"{""2009-2010"": 15, ""2011-2012"": 19, ""2013-2014"": 15, ""2015-2016"": 11, ""2017-2018"": 9, ""2021-2023"": 8}",31.90987012987013,31.549999999999997,28.9075,34.8,1.2987012987012987,107.35064935064935,100.0,76.5,130.5,6.493506493506493,114.24675324675324,115.0,101.5,129.0,6.493506493506493,54.37662337662338,54.5,48.0,63.0,6.493506493506493,50.23376623376623,50.0,48.0,52.0,0.0,101.91168831168831,101.45,97.5,106.875,3.896103896103896,,,,,,,,,,
core6_operational_positive_weighted,15,K15-C11,70,9.536784741144414,"{""2009-2010"": 7, ""2011-2012"": 6, ""2013-2014"": 16, ""2015-2016"": 9, ""2017-2018"": 16, ""2021-2023"": 16}",39.31557142857143,38.9,36.824999999999996,41.4675,0.0,108.98571428571428,104.5,79.0,135.5,0.0,89.1,89.0,79.25,99.0,0.0,51.142857142857146,49.0,44.0,57.0,0.0,56.8,57.0,55.0,59.0,0.0,120.42571428571429,120.65,115.375,126.85,2.857142857142857,,,,,,,,,,
core6_operational_positive_weighted,15,K15-C06,41,5.5858310626703,"{""2009-2010"": 6, ""2011-2012"": 8, ""2013-2014"": 6, ""2015-2016"": 8, ""2017-2018"": 8, ""2021-2023"": 5}",29.481463414634145,29.1,27.0,31.1,0.0,152.73170731707316,159.0,115.0,175.0,0.0,189.7073170731707,185.0,174.0,200.0,0.0,50.41463414634146,50.0,46.0,56.0,0.0,51.951219512195124,52.0,50.0,54.0,0.0,100.78292682926829,101.1,94.4,106.0,0.0,,,,,,,,,,
core6_operational_positive_weighted,15,K15-C01,49,6.67574931880109,"{""2009-2010"": 10, ""2011-2012"": 11, ""2013-2014"": 4, ""2015-2016"": 9, ""2017-2018"": 6, ""2021-2023"": 9}",24.25877551020408,23.4,21.7,26.1,0.0,71.51020408163266,67.0,56.0,79.0,0.0,119.26530612244898,118.0,95.0,140.0,0.0,84.53061224489795,80.0,75.0,92.0,0.0,55.36734693877551,56.0,53.0,58.0,0.0,85.90204081632653,85.2,80.3,89.0,0.0,,,,,,,,,,
core6_operational_positive_weighted,15,K15-C07,28,3.8147138964577656,"{""2009-2010"": 6, ""2011-2012"": 6, ""2013-2014"": 4, ""2015-2016"": 6, ""2017-2018"": 3, ""2021-2023"": 3}",27.826428571428572,27.65,25.7,29.6,0.0,378.8571428571429,360.5,314.75,417.25,0.0,107.57142857142857,104.0,77.5,116.0,32.142857142857146,46.892857142857146,44.0,39.5,48.0,0.0,54.392857142857146,54.5,53.0,57.25,0.0,97.60714285714286,99.8,91.2,102.95,3.571428571428571,,,,,,,,,,
core6_operational_positive_weighted,15,K15-C02,71,9.673024523160763,"{""2009-2010"": 6, ""2011-2012"": 13, ""2013-2014"": 15, ""2015-2016"": 8, ""2017-2018"": 19, ""2021-2023"": 10}",24.405352112676056,24.1,22.25,26.75,0.0,123.38028169014085,119.5,89.25,143.75,1.4084507042253522,158.1830985915493,158.5,147.0,168.75,1.4084507042253522,56.40845070422535,55.0,50.0,61.0,1.4084507042253522,56.40845070422535,57.0,55.0,59.0,0.0,86.92676056338028,86.3,81.19999999999999,93.4,0.0,,,,,,,,,,
core6_operational_positive_weighted,15,K15-C04,56,7.629427792915531,"{""2009-2010"": 9, ""2011-2012"": 5, ""2013-2014"": 11, ""2015-2016"": 9, ""2017-2018"": 12, ""2021-2023"": 10}",28.15267857142857,27.8,24.575,31.549999999999997,0.0,99.39285714285714,96.5,69.25,128.0,0.0,68.76785714285717,71.0,57.0,81.0,0.0,55.75,54.5,48.75,61.25,0.0,56.07142857142857,56.5,54.0,59.0,0.0,94.99464285714285,94.0,88.69999999999999,99.975,3.571428571428571,,,,,,,,,,
core6_operational_positive_weighted,15,K15-C09,63,8.583106267029974,"{""2009-2010"": 18, ""2011-2012"": 5, ""2013-2014"": 5, ""2015-2016"": 16, ""2017-2018"": 12, ""2021-2023"": 7}",31.291746031746033,30.87,28.95,33.650000000000006,1.5873015873015872,205.36507936507937,194.0,170.0,246.5,0.0,151.84126984126985,150.0,141.0,158.0,0.0,43.317460317460316,42.0,39.0,47.5,0.0,56.58730158730159,57.0,54.0,60.0,0.0,104.82698412698413,104.5,102.05,109.3,0.0,,,,,,,,,,
core6_operational_positive_weighted,15,K15-C13,4,0.544959128065395,"{""2013-2014"": 1, ""2017-2018"": 1, ""2021-2023"": 2}",33.0,32.85,29.8,36.05,0.0,767.5,771.0,732.25,806.25,0.0,122.0,,,,100.0,39.5,40.5,31.25,48.75,0.0,51.75,50.5,49.25,53.0,0.0,109.55,111.0,103.5,119.0,25.0,,,,,,,,,,
core6_operational_positive_weighted,15,K15-C15,33,4.4959128065395095,"{""2009-2010"": 2, ""2011-2012"": 4, ""2013-2014"": 11, ""2015-2016"": 8, ""2017-2018"": 4, ""2021-2023"": 4}",54.19030303030303,52.8,50.2,58.03,0.0,112.84848484848484,107.0,95.0,125.5,6.0606060606060606,109.78787878787878,104.0,95.0,125.0,6.0606060606060606,52.06060606060606,50.0,43.0,55.0,6.0606060606060606,54.75757575757576,55.0,52.0,58.0,0.0,142.36363636363637,143.25,137.975,149.2,3.0303030303030303,,,,,,,,,,
core6_operational_positive_weighted,15,K15-C12,44,5.994550408719346,"{""2009-2010"": 8, ""2011-2012"": 5, ""2013-2014"": 12, ""2015-2016"": 6, ""2017-2018"": 2, ""2021-2023"": 11}",37.07386363636364,36.5,34.25,40.35,2.272727272727273,259.0,253.0,215.25,300.25,0.0,99.02272727272728,96.5,77.5,116.5,0.0,42.0,41.0,36.0,46.25,0.0,55.0,56.0,52.0,58.0,0.0,119.2840909090909,116.95,111.89999999999999,126.3,0.0,,,,,,,,,,
core6_operational_positive_weighted,15,K15-C10,63,8.583106267029974,"{""2009-2010"": 6, ""2011-2012"": 9, ""2013-2014"": 7, ""2015-2016"": 11, ""2017-2018"": 20, ""2021-2023"": 10}",39.45095238095238,39.9,36.3,42.0,0.0,106.80952380952381,101.0,75.0,130.0,3.1746031746031744,142.4920634920635,143.0,129.0,154.0,3.1746031746031744,63.01587301587301,63.0,54.25,70.0,1.5873015873015872,56.84126984126984,57.0,55.0,59.0,0.0,118.07777777777778,118.5,113.225,123.07499999999999,1.5873015873015872,,,,,,,,,,
core6_operational_positive_weighted,15,K15-C03,3,0.4087193460490463,"{""2013-2014"": 1, ""2017-2018"": 1, ""2021-2023"": 1}",31.0,30.8,27.9,34.0,0.0,205.33333333333331,207.0,201.5,210.0,0.0,343.33333333333337,354.0,327.5,364.5,0.0,48.333333333333336,49.0,48.0,49.0,0.0,54.333333333333336,55.0,54.0,55.0,0.0,103.23333333333333,101.8,95.75,110.0,0.0,,,,,,,,,,
core6_operational_positive_weighted,16,K16-C05,50,6.811989100817439,"{""2009-2010"": 11, ""2011-2012"": 11, ""2013-2014"": 7, ""2015-2016"": 7, ""2017-2018"": 9, ""2021-2023"": 5}",28.942,28.65,27.0,30.96,0.0,140.72,139.5,102.25,170.5,0.0,188.3,184.0,173.0,198.75,0.0,52.96,52.0,48.25,57.75,0.0,54.18,54.0,51.0,57.75,0.0,99.006,100.1,92.675,103.875,0.0,,,,,,,,,,
core6_operational_positive_weighted,16,K16-C14,53,7.220708446866484,"{""2009-2010"": 7, ""2011-2012"": 7, ""2013-2014"": 9, ""2015-2016"": 10, ""2017-2018"": 11, ""2021-2023"": 9}",41.767169811320755,41.3,39.3,43.3,0.0,127.15094339622641,117.5,101.5,154.0,1.8867924528301887,128.03773584905662,127.5,110.0,149.0,1.8867924528301887,46.37735849056604,45.5,43.0,48.25,1.8867924528301887,49.16981132075472,49.0,47.0,51.0,0.0,122.06981132075472,122.30000000000001,119.1,127.875,5.660377358490567,,,,,,,,,,
core6_operational_positive_weighted,16,K16-C08,73,9.945504087193461,"{""2009-2010"": 17, ""2011-2012"": 6, ""2013-2014"": 8, ""2015-2016"": 20, ""2017-2018"": 13, ""2021-2023"": 9}",30.64109589041096,30.12,28.155,33.2,1.36986301369863,214.8082191780822,205.0,175.0,249.0,0.0,151.26027397260273,151.0,139.0,160.0,0.0,43.602739726027394,42.0,39.0,48.0,0.0,55.95890410958904,57.0,53.0,59.0,0.0,103.45068493150686,103.7,99.7,109.1,0.0,,,,,,,,,,
core6_operational_positive_weighted,16,K16-C10,50,6.811989100817439,"{""2009-2010"": 11, ""2011-2012"": 6, ""2013-2014"": 7, ""2015-2016"": 7, ""2017-2018"": 8, ""2021-2023"": 11}",34.919399999999996,35.04,32.43,37.125,0.0,83.96,80.0,58.25,99.0,0.0,69.52000000000001,69.0,57.0,82.75,0.0,59.12,58.0,53.0,67.0,0.0,55.56,56.0,53.0,58.0,0.0,108.414,108.30000000000001,102.175,115.7,12.0,,,,,,,,,,
core6_operational_positive_weighted,16,K16-C13,64,8.71934604904632,"{""2009-2010"": 7, ""2011-2012"": 7, ""2013-2014"": 14, ""2015-2016"": 9, ""2017-2018"": 13, ""2021-2023"": 14}",38.614375,38.325,36.0,41.1,0.0,147.6875,141.0,112.5,185.0,1.5625,101.171875,99.0,89.0,115.0,1.5625,47.296875,46.0,42.0,51.5,1.5625,57.453125,58.0,56.0,60.0,0.0,119.40625,118.65,114.425,124.675,0.0,,,,,,,,,,
core6_operational_positive_weighted,16,K16-C01,37,5.040871934604905,"{""2009-2010"": 7, ""2011-2012"": 10, ""2013-2014"": 3, ""2015-2016"": 6, ""2017-2018"": 5, ""2021-2023"": 6}",24.013513513513516,23.5,21.9,25.7,0.0,84.8108108108108,71.0,56.0,88.0,0.0,102.0,96.0,87.0,118.0,0.0,85.72972972972974,80.0,78.0,91.0,0.0,55.7027027027027,56.0,53.0,58.0,0.0,86.58378378378379,86.2,81.5,90.0,0.0,,,,,,,,,,
core6_operational_positive_weighted,16,K16-C06,73,9.945504087193461,"{""2009-2010"": 11, ""2011-2012"": 11, ""2013-2014"": 12, ""2015-2016"": 9, ""2017-2018"": 12, ""2021-2023"": 18}",30.802739726027397,30.15,28.525,33.0,4.10958904109589,107.32876712328766,102.0,82.0,124.0,10.95890410958904,128.42465753424656,125.0,118.0,140.0,10.95890410958904,58.95890410958904,58.0,52.0,66.0,9.58904109589041,57.76712328767123,58.0,56.0,59.0,0.0,101.54520547945205,101.0,98.675,104.275,4.10958904109589,,,,,,,,,,
core6_operational_positive_weighted,16,K16-C04,45,6.130790190735695,"{""2009-2010"": 8, ""2011-2012"": 5, ""2013-2014"": 9, ""2015-2016"": 11, ""2017-2018"": 8, ""2021-2023"": 4}",26.12777777777778,26.7,23.6,27.9,0.0,103.64444444444445,103.0,78.0,128.0,0.0,85.88888888888889,89.0,76.0,98.0,0.0,49.266666666666666,50.0,43.0,55.0,0.0,57.044444444444444,58.0,56.0,60.0,0.0,91.23555555555555,92.0,86.8,95.9,0.0,,,,,,,,,,
core6_operational_positive_weighted,16,K16-C12,9,1.226158038147139,"{""2009-2010"": 2, ""2011-2012"": 1, ""2013-2014"": 1, ""2015-2016"": 1, ""2017-2018"": 2, ""2021-2023"": 2}",30.56222222222222,30.2,28.6,33.2,0.0,623.6666666666667,535.0,502.0,759.0,0.0,122.0,,,,100.0,43.88888888888889,41.0,37.0,48.0,0.0,52.111111111111114,51.0,49.0,54.0,0.0,105.57777777777778,105.44999999999999,99.82499999999999,111.8,11.11111111111111,,,,,,,,,,
core6_operational_positive_weighted,16,K16-C07,71,9.673024523160763,"{""2009-2010"": 12, ""2011-2012"": 18, ""2013-2014"": 13, ""2015-2016"": 9, ""2017-2018"": 10, ""2021-2023"": 9}",31.57112676056338,31.15,28.45,34.150000000000006,1.4084507042253522,110.54929577464787,104.5,80.0,133.0,7.042253521126761,116.5774647887324,115.5,102.0,129.75,7.042253521126761,53.23943661971831,53.0,48.0,59.75,7.042253521126761,49.985915492957744,50.0,48.0,52.0,0.0,101.99577464788733,101.45,97.85,106.775,1.4084507042253522,,,,,,,,,,
core6_operational_positive_weighted,16,K16-C02,64,8.71934604904632,"{""2009-2010"": 7, ""2011-2012"": 9, ""2013-2014"": 15, ""2015-2016"": 9, ""2017-2018"": 15, ""2021-2023"": 9}",23.20875,23.35,21.76,24.725,0.0,107.765625,107.0,76.0,132.5,1.5625,148.421875,150.0,135.0,161.0,1.5625,60.5,57.0,52.0,69.5,1.5625,55.328125,55.0,53.0,57.25,0.0,83.440625,84.15,79.125,86.85,0.0,,,,,,,,,,
core6_operational_positive_weighted,16,K16-C16,38,5.177111716621254,"{""2009-2010"": 2, ""2011-2012"": 5, ""2013-2014"": 13, ""2015-2016"": 9, ""2017-2018"": 4, ""2021-2023"": 5}",52.93631578947368,51.5,48.4,56.6875,0.0,104.0,104.0,79.75,117.5,5.263157894736842,107.81578947368422,104.0,88.75,122.75,5.263157894736842,52.368421052631575,50.5,44.5,55.25,5.263157894736842,54.89473684210526,55.0,52.25,58.0,0.0,140.7736842105263,142.6,136.0,149.0,2.631578947368421,,,,,,,,,,
core6_operational_positive_weighted,16,K16-C03,4,0.544959128065395,"{""2013-2014"": 1, ""2017-2018"": 2, ""2021-2023"": 1}",28.775000000000002,27.9,24.275,32.4,0.0,204.75,205.0,201.25,208.5,0.0,320.5,327.5,288.75,359.25,0.0,45.0,48.0,44.0,49.0,0.0,55.0,55.0,54.5,55.5,0.0,98.35,95.75,88.2,105.9,0.0,,,,,,,,,,
core6_operational_positive_weighted,16,K16-C11,50,6.811989100817439,"{""2009-2010"": 5, ""2011-2012"": 7, ""2013-2014"": 5, ""2015-2016"": 10, ""2017-2018"": 17, ""2021-2023"": 6}",39.0422,38.55,35.7,41.575,0.0,99.63999999999999,92.5,70.0,115.75,0.0,145.78,145.0,134.0,154.75,0.0,67.72,67.0,57.0,73.75,0.0,56.7,57.0,55.25,58.75,0.0,118.58800000000001,118.5,113.225,122.875,0.0,,,,,,,,,,
core6_operational_positive_weighted,16,K16-C15,24,3.2697547683923704,"{""2009-2010"": 5, ""2011-2012"": 3, ""2013-2014"": 10, ""2015-2016"": 1, ""2017-2018"": 1, ""2021-2023"": 4}",40.34791666666667,40.7,36.85,42.25,4.166666666666666,284.0,281.5,251.25,316.75,0.0,99.125,90.0,75.75,123.5,0.0,40.375,39.5,34.0,45.0,0.0,52.833333333333336,52.0,50.0,56.0,0.0,126.80833333333334,126.4,120.5,132.675,0.0,,,,,,,,,,
core6_operational_positive_weighted,16,K16-C09,29,3.9509536784741144,"{""2009-2010"": 5, ""2011-2012"": 6, ""2013-2014"": 5, ""2015-2016"": 5, ""2017-2018"": 2, ""2021-2023"": 6}",28.82689655172414,28.1,26.3,31.42,0.0,322.8275862068965,318.0,262.0,365.0,0.0,94.06896551724138,94.0,73.0,111.0,13.793103448275861,42.827586206896555,41.0,37.0,46.0,0.0,54.724137931034484,56.0,53.0,57.0,0.0,98.84827586206896,100.15,93.525,105.125,3.4482758620689653,,,,,,,,,,
core6_operational_positive_weighted,17,K17-C06,73,9.945504087193461,"{""2009-2010"": 13, ""2011-2012"": 13, ""2013-2014"": 11, ""2015-2016"": 10, ""2017-2018"": 11, ""2021-2023"": 15}",30.800821917808218,30.15,28.275,33.0,4.10958904109589,111.50684931506851,104.0,87.0,128.0,10.95890410958904,128.3013698630137,126.0,119.0,138.0,10.95890410958904,56.89041095890411,57.0,51.0,64.0,9.58904109589041,57.945205479452056,58.0,57.0,59.0,0.0,102.26575342465753,101.05,99.0,104.65,4.10958904109589,,,,,,,,,,
core6_operational_positive_weighted,17,K17-C15,46,6.267029972752043,"{""2009-2010"": 7, ""2011-2012"": 6, ""2013-2014"": 7, ""2015-2016"": 8, ""2017-2018"": 10, ""2021-2023"": 8}",41.86391304347826,41.455,40.1,43.434999999999995,0.0,118.26086956521739,115.0,85.0,140.0,2.1739130434782608,124.04347826086956,122.0,109.0,138.0,2.1739130434782608,46.30434782608696,45.0,43.0,48.0,2.1739130434782608,48.891304347826086,48.5,47.0,51.0,0.0,123.16304347826087,122.5,120.0,128.47500000000002,4.3478260869565215,,,,,,,,,,
core6_operational_positive_weighted,17,K17-C08,35,4.768392370572207,"{""2009-2010"": 5, ""2011-2012"": 7, ""2013-2014"": 6, ""2015-2016"": 8, ""2017-2018"": 1, ""2021-2023"": 8}",29.594571428571427,28.5,27.5,31.76,0.0,294.65714285714284,287.0,251.5,350.5,0.0,94.08571428571429,94.0,77.0,111.0,5.714285714285714,45.628571428571426,45.0,38.5,48.0,0.0,55.857142857142854,56.0,54.0,58.0,0.0,100.35714285714286,102.6,95.075,106.1,2.857142857142857,,,,,,,,,,
core6_operational_positive_weighted,17,K17-C09,42,5.722070844686648,"{""2009-2010"": 10, ""2011-2012"": 3, ""2013-2014"": 6, ""2015-2016"": 12, ""2017-2018"": 7, ""2021-2023"": 4}",32.28,31.71,29.7,35.2,2.380952380952381,229.78571428571428,234.5,171.0,269.25,0.0,161.66666666666666,157.0,149.25,171.75,0.0,43.833333333333336,42.5,40.0,47.75,0.0,58.214285714285715,59.0,57.0,60.0,0.0,107.7547619047619,107.1,103.025,112.075,0.0,,,,,,,,,,
core6_operational_positive_weighted,17,K17-C05,45,6.130790190735695,"{""2009-2010"": 9, ""2011-2012"": 11, ""2013-2014"": 7, ""2015-2016"": 5, ""2017-2018"": 10, ""2021-2023"": 3}",28.68311111111111,28.3,27.0,30.7,0.0,139.15555555555554,139.0,99.0,172.0,0.0,190.64444444444445,188.0,175.0,200.0,0.0,53.51111111111111,52.0,50.0,60.0,0.0,53.977777777777774,54.0,51.0,56.0,0.0,97.85111111111111,99.5,91.1,103.0,0.0,,,,,,,,,,
core6_operational_positive_weighted,17,K17-C16,24,3.2697547683923704,"{""2009-2010"": 4, ""2011-2012"": 2, ""2013-2014"": 9, ""2015-2016"": 1, ""2017-2018"": 2, ""2021-2023"": 6}",40.98875,41.25,38.1875,42.175,0.0,258.75,259.5,214.75,301.25,0.0,83.79166666666669,78.5,72.75,95.75,0.0,41.125,40.5,36.75,44.25,0.0,54.541666666666664,55.0,52.0,58.0,0.0,126.9875,126.05000000000001,120.5,132.5,0.0,,,,,,,,,,
core6_operational_positive_weighted,17,K17-C12,43,5.858310626702997,"{""2009-2010"": 9, ""2011-2012"": 3, ""2013-2014"": 8, ""2015-2016"": 10, ""2017-2018"": 8, ""2021-2023"": 5}",32.54348837209302,32.135,29.3,35.5075,2.3255813953488373,207.32558139534882,200.0,174.0,237.0,0.0,140.69767441860466,139.0,127.5,153.5,0.0,42.348837209302324,41.0,36.5,48.5,0.0,51.06976744186046,51.0,49.5,53.0,0.0,107.08604651162791,106.4,100.85,113.15,0.0,,,,,,,,,,
core6_operational_positive_weighted,17,K17-C13,11,1.4986376021798364,"{""2009-2010"": 3, ""2011-2012"": 1, ""2013-2014"": 1, ""2015-2016"": 2, ""2017-2018"": 2, ""2021-2023"": 2}",29.579090909090908,28.72,27.4,32.27,0.0,592.7272727272726,524.0,491.0,705.5,0.0,122.0,,,,100.0,43.09090909090909,41.0,36.5,46.0,0.0,51.90909090909091,51.0,48.0,55.0,0.0,103.51818181818182,102.19999999999999,96.4,110.15,9.090909090909092,,,,,,,,,,
core6_operational_positive_weighted,17,K17-C01,41,5.5858310626703,"{""2009-2010"": 9, ""2011-2012"": 11, ""2013-2014"": 3, ""2015-2016"": 7, ""2017-2018"": 4, ""2021-2023"": 7}",23.649268292682926,23.4,21.7,24.9,0.0,73.04878048780488,67.0,59.0,78.0,0.0,117.36585365853658,118.0,95.0,137.0,0.0,85.19512195121952,80.0,76.0,91.0,0.0,55.073170731707314,55.0,53.0,58.0,0.0,84.42682926829269,84.8,80.3,87.6,0.0,,,,,,,,,,
core6_operational_positive_weighted,17,K17-C17,33,4.4959128065395095,"{""2009-2010"": 2, ""2011-2012"": 5, ""2013-2014"": 10, ""2015-2016"": 8, ""2017-2018"": 4, ""2021-2023"": 4}",54.19636363636364,52.7,50.2,58.03,0.0,106.33333333333333,106.0,89.0,122.25,3.0303030303030303,107.03030303030303,103.5,86.75,122.75,3.0303030303030303,51.96969696969697,49.5,43.0,55.0,3.0303030303030303,54.54545454545455,55.0,52.0,57.0,0.0,141.78181818181818,143.05,136.875,149.2,3.0303030303030303,,,,,,,,,,
core6_operational_positive_weighted,17,K17-C14,69,9.400544959128066,"{""2009-2010"": 6, ""2011-2012"": 5, ""2013-2014"": 15, ""2015-2016"": 9, ""2017-2018"": 21, ""2021-2023"": 13}",40.26434782608696,40.1,37.57,42.8,0.0,123.27536231884058,116.0,100.0,143.0,2.898550724637681,113.14492753623188,111.0,97.0,130.5,2.898550724637681,49.594202898550726,49.0,45.0,54.0,2.898550724637681,57.46376811594203,58.0,56.0,59.0,0.0,121.80144927536232,121.65,116.95,127.4,1.4492753623188406,,,,,,,,,,
core6_operational_positive_weighted,17,K17-C04,3,0.4087193460490463,"{""2013-2014"": 1, ""2017-2018"": 1, ""2021-2023"": 1}",31.0,30.8,27.9,34.0,0.0,205.33333333333331,207.0,201.5,210.0,0.0,343.33333333333337,354.0,327.5,364.5,0.0,48.333333333333336,49.0,48.0,49.0,0.0,54.333333333333336,55.0,54.0,55.0,0.0,103.23333333333333,101.8,95.75,110.0,0.0,,,,,,,,,,
core6_operational_positive_weighted,17,K17-C03,50,6.811989100817439,"{""2009-2010"": 10, ""2011-2012"": 5, ""2013-2014"": 10, ""2015-2016"": 10, ""2017-2018"": 9, ""2021-2023"": 6}",25.73,25.744999999999997,23.45,27.475,0.0,101.24000000000001,99.0,78.0,127.0,0.0,83.1,84.0,72.25,96.75,0.0,53.84,53.0,45.5,58.0,0.0,56.9,57.0,55.25,60.0,0.0,90.956,91.15,87.025,94.15,0.0,,,,,,,,,,
core6_operational_positive_weighted,17,K17-C02,63,8.583106267029974,"{""2009-2010"": 5, ""2011-2012"": 10, ""2013-2014"": 15, ""2015-2016"": 8, ""2017-2018"": 16, ""2021-2023"": 9}",23.68904761904762,23.6,21.95,25.045,0.0,122.38095238095238,120.5,98.0,141.75,1.5873015873015872,149.76190476190476,153.0,138.25,162.0,1.5873015873015872,55.53968253968254,55.0,49.0,60.0,1.5873015873015872,55.87301587301587,56.0,55.0,58.0,0.0,85.02063492063492,84.7,80.45,90.25,0.0,,,,,,,,,,
core6_operational_positive_weighted,17,K17-C11,51,6.948228882833788,"{""2009-2010"": 11, ""2011-2012"": 7, ""2013-2014"": 7, ""2015-2016"": 7, ""2017-2018"": 8, ""2021-2023"": 11}",35.26019607843137,35.1,32.85,37.35,0.0,86.76470588235293,84.0,60.5,105.5,0.0,70.84313725490196,70.0,60.5,84.5,0.0,58.11764705882353,57.0,51.5,64.0,0.0,55.72549019607843,56.0,53.0,58.5,0.0,108.77058823529411,108.4,104.0,115.4,11.76470588235294,,,,,,,,,,
core6_operational_positive_weighted,17,K17-C10,36,4.904632152588556,"{""2009-2010"": 3, ""2011-2012"": 6, ""2013-2014"": 3, ""2015-2016"": 8, ""2017-2018"": 9, ""2021-2023"": 7}",38.1475,37.2,35.375,40.875,0.0,93.11111111111111,89.0,69.75,114.0,0.0,147.83333333333334,149.0,133.0,163.75,0.0,74.75,73.0,67.5,78.25,0.0,56.02777777777778,57.0,54.0,58.0,0.0,116.58888888888889,115.25,112.4,122.19999999999999,0.0,,,,,,,,,,
core6_operational_positive_weighted,17,K17-C07,69,9.400544959128066,"{""2009-2010"": 11, ""2011-2012"": 17, ""2013-2014"": 13, ""2015-2016"": 10, ""2017-2018"": 9, ""2021-2023"": 9}",31.42,31.15,28.3,34.075,1.4492753623188406,107.34782608695653,100.0,77.0,126.5,7.246376811594203,116.14492753623189,115.0,102.0,129.0,7.246376811594203,54.30434782608695,54.5,48.0,63.0,7.246376811594203,50.15942028985507,50.0,48.0,52.0,0.0,101.51449275362319,100.9,97.375,106.25,1.4492753623188406,,,,,,,,,,
core6_operational_positive_weighted,18,K18-C10,31,4.223433242506812,"{""2009-2010"": 2, ""2011-2012"": 5, ""2013-2014"": 3, ""2015-2016"": 8, ""2017-2018"": 6, ""2021-2023"": 7}",37.66483870967742,37.2,34.7,40.55,0.0,85.96774193548387,80.0,66.5,100.5,0.0,143.19354838709677,145.0,127.0,153.5,0.0,77.16129032258064,73.0,69.5,79.5,0.0,56.193548387096776,57.0,54.5,58.0,0.0,116.03225806451613,114.9,111.8,121.3,0.0,,,,,,,,,,
core6_operational_positive_weighted,18,K18-C12,66,8.991825613079019,"{""2009-2010"": 18, ""2011-2012"": 4, ""2013-2014"": 8, ""2015-2016"": 16, ""2017-2018"": 10, ""2021-2023"": 10}",31.707878787878787,31.12,29.05,34.575,3.0303030303030303,220.3939393939394,211.0,175.25,255.0,0.0,148.62121212121212,147.5,135.25,157.0,0.0,43.13636363636363,41.5,39.0,47.0,0.0,56.015151515151516,56.0,53.0,59.0,0.0,106.85454545454546,106.2,102.125,111.75,0.0,,,,,,,,,,
core6_operational_positive_weighted,18,K18-C17,45,6.130790190735695,"{""2009-2010"": 7, ""2011-2012"": 6, ""2013-2014"": 7, ""2015-2016"": 7, ""2017-2018"": 11, ""2021-2023"": 7}",41.20177777777778,41.2,38.9,42.8,0.0,135.2888888888889,119.5,101.5,172.25,2.2222222222222223,121.66666666666667,119.5,109.0,135.0,2.2222222222222223,45.84444444444444,45.0,39.75,48.0,2.2222222222222223,48.28888888888889,48.0,47.0,50.0,0.0,122.21555555555555,121.9,117.25,128.65,4.444444444444445,,,,,,,,,,
core6_operational_positive_weighted,18,K18-C18,32,4.35967302452316,"{""2009-2010"": 2, ""2011-2012"": 4, ""2013-2014"": 10, ""2015-2016"": 8, ""2017-2018"": 4, ""2021-2023"": 4}",54.349375,52.75,50.275,57.0325,0.0,117.5625,107.0,93.5,134.0,3.125,102.375,102.0,82.0,116.0,3.125,52.0,50.0,42.5,55.0,3.125,54.40625,54.5,51.75,57.25,0.0,142.009375,143.3,137.2,149.4,3.125,,,,,,,,,,
core6_operational_positive_weighted,18,K18-C01,31,4.223433242506812,"{""2009-2010"": 7, ""2011-2012"": 4, ""2013-2014"": 7, ""2015-2016"": 7, ""2021-2023"": 6}",22.68064516129032,22.21,21.4,23.665,0.0,77.61290322580645,75.0,62.0,93.5,0.0,143.09677419354838,139.0,132.5,153.0,0.0,78.12903225806451,76.0,71.0,80.5,0.0,55.41935483870968,55.0,53.0,57.5,0.0,82.1032258064516,83.5,78.25,85.95,0.0,,,,,,,,,,
core6_operational_positive_weighted,18,K18-C11,20,2.7247956403269753,"{""2009-2010"": 6, ""2011-2012"": 3, ""2013-2014"": 3, ""2015-2016"": 5, ""2017-2018"": 2, ""2021-2023"": 1}",28.107,27.950000000000003,26.0,30.2225,0.0,410.1500000000001,397.5,353.25,471.5,0.0,116.1,111.0,90.5,118.5,45.0,45.0,42.0,38.0,47.25,0.0,53.4,53.5,51.25,56.0,0.0,98.1,99.65,93.525,103.075,0.0,,,,,,,,,,
core6_operational_positive_weighted,18,K18-C15,37,5.040871934604905,"{""2009-2010"": 6, ""2011-2012"": 3, ""2013-2014"": 8, ""2015-2016"": 2, ""2017-2018"": 15, ""2021-2023"": 3}",43.39972972972973,42.8,40.5,46.1,0.0,121.75675675675676,112.0,100.0,139.5,5.405405405405405,139.7027027027027,138.0,131.5,151.0,5.405405405405405,49.45945945945946,48.0,45.5,53.5,5.405405405405405,56.78378378378378,57.0,55.0,59.0,0.0,124.9,124.35,119.325,129.6,2.7027027027027026,,,,,,,,,,
core6_operational_positive_weighted,18,K18-C06,70,9.536784741144414,"{""2009-2010"": 11, ""2011-2012"": 12, ""2013-2014"": 11, ""2015-2016"": 9, ""2017-2018"": 13, ""2021-2023"": 14}",31.11,30.79,28.735,33.1,4.285714285714286,106.9,102.0,81.0,125.5,10.0,128.34285714285716,125.0,118.5,138.5,10.0,57.94285714285714,58.0,52.0,65.0,8.571428571428571,57.77142857142857,58.0,56.0,59.0,0.0,102.50428571428571,101.1,99.45,105.0,4.285714285714286,,,,,,,,,,
core6_operational_positive_weighted,18,K18-C08,70,9.536784741144414,"{""2009-2010"": 11, ""2011-2012"": 19, ""2013-2014"": 14, ""2015-2016"": 9, ""2017-2018"": 9, ""2021-2023"": 8}",31.541999999999998,31.1,28.3,34.3,1.4285714285714286,111.19999999999999,108.0,83.0,134.0,7.142857142857142,116.04285714285714,115.0,102.0,130.0,7.142857142857142,53.2,53.0,48.0,59.0,7.142857142857142,50.114285714285714,50.0,48.0,52.0,0.0,101.54428571428572,101.0,97.4,106.7,1.4285714285714286,,,,,,,,,,
core6_operational_positive_weighted,18,K18-C02,28,3.8147138964577656,"{""2009-2010"": 3, ""2011-2012"": 8, ""2013-2014"": 3, ""2015-2016"": 5, ""2017-2018"": 5, ""2021-2023"": 4}",24.225357142857142,23.55,22.425,26.1675,0.0,88.0,71.5,59.75,88.0,0.0,88.42857142857143,90.0,76.5,100.5,0.0,84.17857142857143,80.0,77.25,87.25,0.0,55.464285714285715,55.5,53.0,59.0,0.0,87.54285714285714,86.9,81.9,92.15,0.0,,,,,,,,,,
core6_operational_positive_weighted,18,K18-C09,39,5.313351498637602,"{""2009-2010"": 7, ""2011-2012"": 5, ""2013-2014"": 4, ""2015-2016"": 7, ""2017-2018"": 6, ""2021-2023"": 10}",32.93179487179487,33.0,30.75,35.445,0.0,89.64102564102564,89.0,60.5,117.5,0.0,63.71794871794873,64.0,52.0,79.0,0.0,59.205128205128204,58.0,53.0,65.0,0.0,55.51282051282051,56.0,53.0,58.0,0.0,104.14102564102564,103.2,99.525,108.35000000000001,12.82051282051282,,,,,,,,,,
core6_operational_positive_weighted,18,K18-C03,62,8.446866485013624,"{""2009-2010"": 8, ""2011-2012"": 12, ""2013-2014"": 12, ""2015-2016"": 5, ""2017-2018"": 19, ""2021-2023"": 6}",24.78983870967742,24.525,23.025,27.2175,0.0,134.46774193548387,132.5,101.0,167.75,0.0,167.79032258064515,163.0,153.25,178.75,0.0,54.064516129032256,54.0,49.0,58.75,0.0,56.24193548387097,57.0,55.0,59.0,0.0,87.80161290322582,88.7,83.4,92.275,0.0,,,,,,,,,,
core6_operational_positive_weighted,18,K18-C16,4,0.544959128065395,"{""2013-2014"": 1, ""2017-2018"": 1, ""2021-2023"": 2}",33.0,32.85,29.8,36.05,0.0,767.5,771.0,732.25,806.25,0.0,122.0,,,,100.0,39.5,40.5,31.25,48.75,0.0,51.75,50.5,49.25,53.0,0.0,109.55,111.0,103.5,119.0,25.0,,,,,,,,,,
core6_operational_positive_weighted,18,K18-C04,52,7.084468664850137,"{""2009-2010"": 10, ""2011-2012"": 7, ""2013-2014"": 11, ""2015-2016"": 11, ""2017-2018"": 8, ""2021-2023"": 5}",25.31153846153846,25.195,23.3,27.225,0.0,115.63461538461539,107.5,85.25,128.0,3.8461538461538463,96.28846153846153,96.5,80.25,109.0,3.8461538461538463,50.30769230769231,51.0,44.25,55.75,3.8461538461538463,56.76923076923077,57.5,55.0,60.0,0.0,89.02884615384616,89.15,85.75,94.0,0.0,,,,,,,,,,
core6_operational_positive_weighted,18,K18-C05,3,0.4087193460490463,"{""2013-2014"": 1, ""2017-2018"": 1, ""2021-2023"": 1}",31.0,30.8,27.9,34.0,0.0,205.33333333333331,207.0,201.5,210.0,0.0,343.33333333333337,354.0,327.5,364.5,0.0,48.333333333333336,49.0,48.0,49.0,0.0,54.333333333333336,55.0,54.0,55.0,0.0,103.23333333333333,101.8,95.75,110.0,0.0,,,,,,,,,,
core6_operational_positive_weighted,18,K18-C07,41,5.5858310626703,"{""2009-2010"": 7, ""2011-2012"": 8, ""2013-2014"": 5, ""2015-2016"": 10, ""2017-2018"": 7, ""2021-2023"": 4}",31.69219512195122,30.98,28.9,34.5,0.0,150.02439024390245,146.0,115.0,175.0,0.0,185.19512195121953,183.0,170.0,192.0,0.0,49.951219512195124,51.0,46.0,56.0,0.0,51.90243902439025,52.0,49.0,55.0,0.0,105.69756097560976,104.0,100.5,111.0,0.0,,,,,,,,,,
core6_operational_positive_weighted,18,K18-C13,43,5.858310626702997,"{""2009-2010"": 5, ""2011-2012"": 5, ""2013-2014"": 10, ""2015-2016"": 6, ""2017-2018"": 3, ""2021-2023"": 14}",35.05255813953488,35.5,31.35,38.125,0.0,256.62790697674416,249.0,214.5,296.0,0.0,87.51162790697674,87.0,75.5,102.0,0.0,42.627906976744185,41.0,36.5,46.5,0.0,55.83720930232558,57.0,54.5,58.5,0.0,113.5046511627907,114.5,105.9,120.5,2.3255813953488373,,,,,,,,,,
core6_operational_positive_weighted,18,K18-C14,60,8.174386920980927,"{""2009-2010"": 7, ""2011-2012"": 7, ""2013-2014"": 14, ""2015-2016"": 8, ""2017-2018"": 12, ""2021-2023"": 12}",39.25116666666666,38.9,37.4,41.3,0.0,106.81666666666666,104.0,78.0,137.5,0.0,92.98333333333333,94.0,84.5,105.0,0.0,51.05,49.5,44.0,57.0,0.0,56.78333333333333,57.0,55.0,59.0,0.0,120.29166666666666,120.1,115.3,124.95,1.6666666666666667,,,,,,,,,,
core6_operational_positive_weighted,19,K19-C07,66,8.991825613079019,"{""2009-2010"": 11, ""2011-2012"": 8, ""2013-2014"": 11, ""2015-2016"": 9, ""2017-2018"": 11, ""2021-2023"": 16}",33.05909090909091,32.8,29.65,35.8,4.545454545454546,93.66666666666667,90.0,66.5,114.0,9.090909090909092,125.60606060606061,123.5,115.0,136.25,9.090909090909092,64.30303030303031,65.0,58.0,71.0,7.575757575757576,57.34848484848485,58.0,56.0,59.0,0.0,105.93636363636364,104.0,100.8,111.15,4.545454545454546,,,,,,,,,,
core6_operational_positive_weighted,19,K19-C08,37,5.040871934604905,"{""2009-2010"": 6, ""2011-2012"": 8, ""2013-2014"": 3, ""2015-2016"": 9, ""2017-2018"": 8, ""2021-2023"": 3}",32.50027027027027,31.9,30.1,34.5,0.0,151.40540540540542,143.0,115.0,180.0,0.0,187.1891891891892,184.0,173.0,198.0,0.0,52.972972972972975,52.0,48.0,57.0,0.0,54.37837837837838,55.0,52.0,56.0,0.0,107.8891891891892,107.0,102.6,112.3,0.0,,,,,,,,,,
core6_operational_positive_weighted,19,K19-C14,60,8.174386920980927,"{""2009-2010"": 8, ""2011-2012"": 6, ""2013-2014"": 13, ""2015-2016"": 8, ""2017-2018"": 11, ""2021-2023"": 14}",39.088,38.349999999999994,36.5,41.5175,0.0,101.98333333333333,96.5,76.75,123.75,0.0,85.85,88.0,78.0,96.0,0.0,52.6,50.0,45.0,58.0,0.0,56.18333333333333,56.5,54.0,59.0,0.0,119.795,120.0,115.4,125.0,5.0,,,,,,,,,,
core6_operational_positive_weighted,19,K19-C09,66,8.991825613079019,"{""2009-2010"": 11, ""2011-2012"": 18, ""2013-2014"": 12, ""2015-2016"": 8, ""2017-2018"": 8, ""2021-2023"": 9}",31.215757575757575,31.1,28.3,33.8,1.5151515151515151,112.86363636363636,109.0,87.0,140.0,6.0606060606060606,115.54545454545455,113.5,102.0,129.75,6.0606060606060606,52.28787878787879,51.0,46.25,58.75,6.0606060606060606,49.90909090909091,50.0,48.0,52.0,0.0,101.17727272727272,100.3,97.4,106.1,1.5151515151515151,,,,,,,,,,
core6_operational_positive_weighted,19,K19-C01,29,3.9509536784741144,"{""2009-2010"": 6, ""2011-2012"": 5, ""2013-2014"": 5, ""2015-2016"": 6, ""2017-2018"": 1, ""2021-2023"": 6}",25.070689655172412,23.63,21.8,28.2,0.0,72.75862068965517,74.0,56.0,83.0,0.0,145.51724137931035,141.0,134.0,153.0,0.0,86.82758620689656,80.0,76.0,92.0,0.0,55.310344827586206,55.0,53.0,58.0,0.0,87.9241379310345,85.5,81.0,94.9,0.0,,,,,,,,,,
core6_operational_positive_weighted,19,K19-C17,4,0.544959128065395,"{""2013-2014"": 1, ""2017-2018"": 1, ""2021-2023"": 2}",33.0,32.85,29.8,36.05,0.0,767.5,771.0,732.25,806.25,0.0,122.0,,,,100.0,39.5,40.5,31.25,48.75,0.0,51.75,50.5,49.25,53.0,0.0,109.55,111.0,103.5,119.0,25.0,,,,,,,,,,
core6_operational_positive_weighted,19,K19-C04,50,6.811989100817439,"{""2009-2010"": 7, ""2011-2012"": 9, ""2013-2014"": 12, ""2015-2016"": 4, ""2017-2018"": 11, ""2021-2023"": 7}",25.4724,25.6,23.77,27.6,0.0,132.76,131.0,93.0,167.75,0.0,173.3,169.0,160.25,179.0,0.0,56.12,56.0,51.0,61.0,0.0,56.3,57.0,55.0,59.0,0.0,89.092,90.4,84.225,94.30000000000001,0.0,,,,,,,,,,
core6_operational_positive_weighted,19,K19-C13,24,3.2697547683923704,"{""2009-2010"": 5, ""2011-2012"": 2, ""2013-2014"": 7, ""2015-2016"": 5, ""2017-2018"": 3, ""2021-2023"": 2}",33.026666666666664,33.9,28.990000000000002,37.45,4.166666666666666,256.54166666666663,251.0,216.5,293.75,0.0,154.79166666666666,157.0,143.5,168.25,0.0,40.625,39.5,35.5,46.25,0.0,49.833333333333336,50.0,48.0,51.25,0.0,109.29583333333333,109.25,100.4,113.95,0.0,,,,,,,,,,
core6_operational_positive_weighted,19,K19-C02,27,3.6784741144414173,"{""2009-2010"": 3, ""2011-2012"": 5, ""2013-2014"": 3, ""2015-2016"": 7, ""2017-2018"": 5, ""2021-2023"": 4}",23.730000000000004,23.2,22.35,25.6,0.0,86.07407407407406,71.0,57.5,88.0,0.0,85.07407407407408,89.0,72.0,95.0,0.0,81.66666666666666,80.0,74.0,85.0,0.0,55.629629629629626,56.0,53.0,59.0,0.0,86.44444444444444,86.6,81.2,90.4,0.0,,,,,,,,,,
core6_operational_positive_weighted,19,K19-C16,47,6.4032697547683926,"{""2009-2010"": 5, ""2011-2012"": 9, ""2013-2014"": 6, ""2015-2016"": 9, ""2017-2018"": 10, ""2021-2023"": 8}",40.77361702127659,40.7,37.25,42.55,0.0,116.38297872340425,115.0,87.25,134.75,2.127659574468085,127.72340425531915,123.0,113.25,138.0,2.127659574468085,49.148936170212764,47.0,43.0,53.75,2.127659574468085,48.8936170212766,49.0,47.0,51.0,0.0,122.01063829787235,122.1,117.5,127.2,4.25531914893617,,,,,,,,,,
core6_operational_positive_weighted,19,K19-C05,5,0.6811989100817438,"{""2009-2010"": 1, ""2013-2014"": 1, ""2017-2018"": 2, ""2021-2023"": 1}",28.294,26.37,25.0,30.8,0.0,195.39999999999998,203.0,196.0,207.0,0.0,303.8,301.0,252.0,354.0,0.0,45.6,48.0,47.0,49.0,0.0,53.6,55.0,53.0,55.0,0.0,96.4,89.7,88.6,101.8,0.0,,,,,,,,,,
core6_operational_positive_weighted,19,K19-C06,55,7.493188010899182,"{""2009-2010"": 11, ""2011-2012"": 7, ""2013-2014"": 9, ""2015-2016"": 7, ""2017-2018"": 11, ""2021-2023"": 10}",29.22381818181818,28.8,26.4,32.4,0.0,100.81818181818181,101.0,75.0,127.5,0.0,72.03636363636365,76.0,58.0,84.5,0.0,52.49090909090909,53.0,47.5,57.5,0.0,56.41818181818182,57.0,55.0,60.0,0.0,96.97272727272727,96.45,91.875,102.125,5.454545454545454,,,,,,,,,,
core6_operational_positive_weighted,19,K19-C10,72,9.809264305177113,"{""2009-2010"": 18, ""2011-2012"": 8, ""2013-2014"": 9, ""2015-2016"": 17, ""2017-2018"": 10, ""2021-2023"": 10}",31.840833333333332,31.4,29.585,34.35,1.3888888888888888,189.15277777777777,179.5,160.0,219.25,0.0,138.31944444444443,141.0,125.75,152.25,0.0,45.27777777777778,44.0,41.0,51.0,0.0,57.416666666666664,58.0,55.0,60.0,0.0,105.81111111111112,105.25,102.05,109.725,0.0,,,,,,,,,,
core6_operational_positive_weighted,19,K19-C18,26,3.5422343324250685,"{""2009-2010"": 5, ""2011-2012"": 2, ""2013-2014"": 9, ""2015-2016"": 2, ""2017-2018"": 2, ""2021-2023"": 6}",41.79230769230769,41.465,39.125,43.475,0.0,246.73076923076923,243.0,202.0,279.75,0.0,83.5,78.0,69.0,97.25,0.0,41.230769230769226,41.0,37.25,44.75,0.0,54.07692307692308,55.0,51.25,57.75,0.0,128.62307692307692,126.2,121.925,134.825,0.0,,,,,,,,,,
core6_operational_positive_weighted,19,K19-C15,43,5.858310626702997,"{""2009-2010"": 5, ""2011-2012"": 3, ""2013-2014"": 9, ""2015-2016"": 6, ""2017-2018"": 17, ""2021-2023"": 3}",42.03767441860465,41.5,40.0,44.2,0.0,112.62790697674417,111.0,88.0,137.0,4.651162790697675,135.2325581395349,135.0,128.0,149.0,4.651162790697675,54.23255813953488,53.0,47.0,60.0,4.651162790697675,57.53488372093023,58.0,56.0,59.5,0.0,123.05813953488372,122.5,118.725,127.075,2.3255813953488373,,,,,,,,,,
core6_operational_positive_weighted,19,K19-C11,11,1.4986376021798364,"{""2009-2010"": 3, ""2011-2012"": 2, ""2015-2016"": 3, ""2017-2018"": 2, ""2021-2023"": 1}",27.85181818181818,27.8,25.7,30.03,0.0,460.0000000000001,465.0,407.5,496.5,0.0,125.9090909090909,143.5,129.25,157.75,81.81818181818183,47.63636363636364,41.0,37.5,46.0,0.0,53.45454545454545,54.0,51.0,56.0,0.0,99.78181818181818,100.8,94.55,104.15,0.0,,,,,,,,,,
core6_operational_positive_weighted,19,K19-C19,30,4.087193460490464,"{""2009-2010"": 2, ""2011-2012"": 4, ""2013-2014"": 8, ""2015-2016"": 7, ""2017-2018"": 5, ""2021-2023"": 4}",54.952666666666666,52.95,50.225,58.7575,0.0,105.13333333333333,105.0,92.0,117.0,3.3333333333333335,112.23333333333333,104.0,97.0,125.0,3.3333333333333335,54.233333333333334,52.0,45.0,56.0,3.3333333333333335,54.56666666666667,54.5,52.25,57.0,0.0,141.87,143.3,137.1,149.8,3.3333333333333335,,,,,,,,,,
core6_operational_positive_weighted,19,K19-C12,29,3.9509536784741144,"{""2009-2010"": 4, ""2011-2012"": 6, ""2013-2014"": 6, ""2015-2016"": 5, ""2017-2018"": 2, ""2021-2023"": 6}",29.809310344827587,29.5,27.5,32.6,0.0,289.2413793103449,296.0,252.0,334.0,0.0,88.41379310344827,90.0,75.0,104.0,0.0,41.37931034482759,41.0,37.0,46.0,0.0,54.93103448275862,56.0,54.0,57.0,0.0,100.60689655172413,101.75,96.425,106.225,3.4482758620689653,,,,,,,,,,
core6_operational_positive_weighted,19,K19-C03,53,7.220708446866484,"{""2009-2010"": 6, ""2011-2012"": 10, ""2013-2014"": 8, ""2015-2016"": 11, ""2017-2018"": 12, ""2021-2023"": 6}",24.255094339622644,24.1,22.1,26.7,0.0,111.52830188679246,108.0,87.0,126.0,7.547169811320755,127.05660377358491,128.0,117.0,141.0,7.547169811320755,54.075471698113205,53.0,48.0,60.0,7.547169811320755,56.0,56.0,55.0,58.0,0.0,85.78679245283018,86.6,82.5,90.4,0.0,,,,,,,,,,
core6_operational_positive_weighted,20,K20-C02,28,3.8147138964577656,"{""2009-2010"": 3, ""2011-2012"": 8, ""2013-2014"": 3, ""2015-2016"": 5, ""2017-2018"": 5, ""2021-2023"": 4}",23.821785714285713,23.3,22.125,25.7225,0.0,88.14285714285714,71.5,59.75,88.0,0.0,89.71428571428571,90.0,76.5,100.5,0.0,86.10714285714285,80.0,77.25,89.75,0.0,55.392857142857146,55.5,53.0,58.25,0.0,86.71428571428571,86.69999999999999,80.925,91.1,0.0,,,,,,,,,,
core6_operational_positive_weighted,20,K20-C08,60,8.174386920980927,"{""2009-2010"": 9, ""2011-2012"": 9, ""2013-2014"": 11, ""2015-2016"": 6, ""2017-2018"": 9, ""2021-2023"": 16}",31.981333333333332,32.07,29.21,34.0,5.0,118.53333333333333,114.0,93.0,144.0,11.666666666666666,123.98333333333333,123.0,114.0,136.0,11.666666666666666,55.083333333333336,55.5,51.0,59.75,10.0,58.38333333333333,59.0,57.0,60.0,0.0,104.81666666666666,103.55,100.3,109.325,3.3333333333333335,,,,,,,,,,
core6_operational_positive_weighted,20,K20-C06,48,6.539509536784741,"{""2009-2010"": 11, ""2011-2012"": 9, ""2013-2014"": 10, ""2015-2016"": 6, ""2017-2018"": 10, ""2021-2023"": 2}",28.037083333333335,28.0,26.3,30.39,2.083333333333333,118.8125,109.0,91.5,143.0,10.416666666666668,109.35416666666667,106.0,98.5,118.0,10.416666666666668,51.416666666666664,52.0,45.5,57.0,10.416666666666668,50.22916666666667,50.0,48.0,52.25,0.0,95.525,96.0,91.94999999999999,99.55,2.083333333333333,,,,,,,,,,
core6_operational_positive_weighted,20,K20-C18,20,2.7247956403269753,"{""2009-2010"": 3, ""2011-2012"": 3, ""2013-2014"": 8, ""2015-2016"": 1, ""2017-2018"": 1, ""2021-2023"": 4}",41.109,41.56,39.150000000000006,42.75,5.0,282.6,279.5,245.5,317.75,0.0,90.65,80.0,72.75,99.75,0.0,40.4,40.0,35.5,45.0,0.0,54.35,55.0,51.75,57.25,0.0,128.825,126.80000000000001,122.175,133.67499999999998,0.0,,,,,,,,,,
core6_operational_positive_weighted,20,K20-C11,60,8.174386920980927,"{""2009-2010"": 18, ""2011-2012"": 4, ""2013-2014"": 8, ""2015-2016"": 15, ""2017-2018"": 9, ""2021-2023"": 6}",31.44,30.94,29.1,33.8,1.6666666666666667,213.85000000000002,202.0,175.0,249.0,0.0,149.53333333333333,147.5,136.75,157.25,0.0,42.68333333333334,41.0,38.0,47.0,0.0,56.38333333333333,57.0,53.75,59.0,0.0,105.71333333333334,105.0,102.1,109.625,0.0,,,,,,,,,,
core6_operational_positive_weighted,20,K20-C17,48,6.539509536784741,"{""2009-2010"": 3, ""2011-2012"": 3, ""2013-2014"": 12, ""2015-2016"": 8, ""2017-2018"": 11, ""2021-2023"": 11}",42.036249999999995,41.349999999999994,39.125,44.6,0.0,111.29166666666667,108.0,79.0,134.0,2.083333333333333,93.16666666666667,94.0,82.0,104.0,2.083333333333333,50.395833333333336,50.0,44.0,54.5,2.083333333333333,56.8125,57.0,55.0,59.0,0.0,126.25,125.15,121.0,130.225,0.0,,,,,,,,,,
core6_operational_positive_weighted,20,K20-C03,66,8.991825613079019,"{""2009-2010"": 8, ""2011-2012"": 13, ""2013-2014"": 12, ""2015-2016"": 7, ""2017-2018"": 19, ""2021-2023"": 7}",25.119242424242422,24.65,23.3,27.45,0.0,133.15151515151516,128.0,98.75,167.75,0.0,166.4242424242424,161.5,153.0,177.75,0.0,54.25757575757576,54.0,49.0,59.0,0.0,56.34848484848485,56.5,55.0,59.0,0.0,88.38484848484848,89.25,83.825,93.675,0.0,,,,,,,,,,
core6_operational_positive_weighted,20,K20-C10,18,2.452316076294278,"{""2009-2010"": 6, ""2011-2012"": 3, ""2013-2014"": 2, ""2015-2016"": 4, ""2017-2018"": 2, ""2021-2023"": 1}",28.141111111111112,28.15,25.8,30.8675,0.0,416.2777777777777,402.0,354.5,484.5,0.0,121.05555555555556,114.0,104.0,122.0,50.0,46.5,43.5,40.0,47.75,0.0,53.05555555555556,53.0,49.75,56.0,0.0,98.36111111111111,99.94999999999999,92.175,103.225,0.0,,,,,,,,,,
core6_operational_positive_weighted,20,K20-C19,25,3.4059945504087197,"{""2009-2010"": 4, ""2011-2012"": 3, ""2013-2014"": 1, ""2015-2016"": 6, ""2017-2018"": 8, ""2021-2023"": 3}",43.5056,42.8,41.2,45.2,0.0,129.6,125.5,96.25,166.75,4.0,120.52,122.0,107.25,133.5,4.0,44.72,44.0,38.0,48.0,4.0,47.84,47.0,47.0,50.0,0.0,132.41199999999998,131.4,126.7,136.6,0.0,,,,,,,,,,
core6_operational_positive_weighted,20,K20-C01,36,4.904632152588556,"{""2009-2010"": 8, ""2011-2012"": 3, ""2013-2014"": 9, ""2015-2016"": 8, ""2017-2018"": 2, ""2021-2023"": 6}",23.057222222222222,22.65,21.325,24.4775,0.0,83.0,76.0,66.0,98.5,2.7777777777777777,138.88888888888889,136.0,128.5,150.5,2.7777777777777777,74.16666666666667,74.0,67.5,79.5,2.7777777777777777,55.138888888888886,55.0,53.0,57.0,0.0,82.76388888888889,83.9,78.3,86.64999999999999,0.0,,,,,,,,,,
core6_operational_positive_weighted,20,K20-C14,60,8.174386920980927,"{""2009-2010"": 5, ""2011-2012"": 15, ""2013-2014"": 12, ""2015-2016"": 10, ""2017-2018"": 8, ""2021-2023"": 10}",37.46666666666667,36.8,34.775,39.4,0.0,123.15,118.5,93.75,142.25,0.0,119.08333333333333,119.5,106.25,132.25,0.0,48.766666666666666,48.0,43.0,55.0,0.0,50.03333333333333,50.0,48.0,52.0,0.0,111.47666666666667,113.05,107.42500000000001,115.225,3.3333333333333335,,,,,,,,,,
core6_operational_positive_weighted,20,K20-C20,23,3.1335149863760217,"{""2009-2010"": 2, ""2011-2012"": 4, ""2013-2014"": 7, ""2015-2016"": 4, ""2017-2018"": 3, ""2021-2023"": 3}",56.49478260869565,55.7,51.2,59.85,0.0,104.34782608695653,105.0,83.0,115.5,4.3478260869565215,115.91304347826087,114.0,99.0,125.0,4.3478260869565215,55.34782608695652,51.5,44.0,59.75,4.3478260869565215,55.34782608695652,55.0,53.0,58.0,0.0,142.0608695652174,143.60000000000002,137.375,149.60000000000002,4.3478260869565215,,,,,,,,,,
core6_operational_positive_weighted,20,K20-C12,46,6.267029972752043,"{""2009-2010"": 9, ""2011-2012"": 5, ""2013-2014"": 7, ""2015-2016"": 7, ""2017-2018"": 7, ""2021-2023"": 11}",34.41652173913043,34.4,32.4,36.480000000000004,0.0,89.34782608695653,86.5,67.25,112.0,0.0,67.56521739130436,68.5,55.5,81.75,0.0,58.17391304347826,57.0,52.0,63.5,0.0,55.608695652173914,56.0,53.0,58.0,0.0,107.41739130434783,107.65,101.85,114.3,13.043478260869565,,,,,,,,,,
core6_operational_positive_weighted,20,K20-C16,4,0.544959128065395,"{""2013-2014"": 1, ""2017-2018"": 1, ""2021-2023"": 2}",33.0,32.85,29.8,36.05,0.0,767.5,771.0,732.25,806.25,0.0,122.0,,,,100.0,39.5,40.5,31.25,48.75,0.0,51.75,50.5,49.25,53.0,0.0,109.55,111.0,103.5,119.0,25.0,,,,,,,,,,
core6_operational_positive_weighted,20,K20-C13,29,3.9509536784741144,"{""2009-2010"": 3, ""2011-2012"": 5, ""2013-2014"": 4, ""2015-2016"": 7, ""2017-2018"": 2, ""2021-2023"": 8}",30.70655172413793,30.3,28.0,34.2,0.0,263.34482758620686,254.0,225.0,296.0,0.0,89.86206896551724,93.0,75.0,104.0,0.0,42.96551724137931,44.0,37.0,47.0,0.0,56.58620689655172,57.0,55.0,58.0,0.0,103.13448275862069,104.44999999999999,99.35000000000001,108.175,3.4482758620689653,,,,,,,,,,
core6_operational_positive_weighted,20,K20-C07,42,5.722070844686648,"{""2009-2010"": 6, ""2011-2012"": 7, ""2013-2014"": 7, ""2015-2016"": 8, ""2017-2018"": 7, ""2021-2023"": 7}",34.25071428571429,34.105000000000004,31.474999999999998,36.625,0.0,80.07142857142858,75.5,57.0,95.75,0.0,133.61904761904762,131.0,118.0,147.75,0.0,75.42857142857142,72.5,69.0,78.0,0.0,55.642857142857146,56.0,54.0,58.0,0.0,109.13809523809523,108.5,102.4,113.0,2.380952380952381,,,,,,,,,,
core6_operational_positive_weighted,20,K20-C15,40,5.449591280653951,"{""2009-2010"": 7, ""2011-2012"": 5, ""2013-2014"": 5, ""2015-2016"": 4, ""2017-2018"": 14, ""2021-2023"": 5}",41.532250000000005,41.05,38.875,43.575,0.0,118.425,115.0,88.5,138.5,2.5,147.4,149.0,134.5,156.0,2.5,53.6,51.0,47.0,59.0,2.5,56.925,57.0,55.0,59.0,0.0,121.2975,120.8,117.2,125.4,2.5,,,,,,,,,,
core6_operational_positive_weighted,20,K20-C09,38,5.177111716621254,"{""2009-2010"": 5, ""2011-2012"": 7, ""2013-2014"": 4, ""2015-2016"": 10, ""2017-2018"": 7, ""2021-2023"": 5}",30.937631578947368,30.45,28.225,33.3,0.0,158.71052631578948,161.5,115.0,189.75,0.0,185.10526315789474,182.5,170.0,192.75,0.0,48.973684210526315,50.0,43.5,55.5,0.0,51.13157894736842,50.5,49.0,53.75,0.0,104.72105263157894,103.2,100.05,108.625,0.0,,,,,,,,,,
core6_operational_positive_weighted,20,K20-C05,3,0.4087193460490463,"{""2013-2014"": 1, ""2017-2018"": 1, ""2021-2023"": 1}",31.0,30.8,27.9,34.0,0.0,205.33333333333331,207.0,201.5,210.0,0.0,343.33333333333337,354.0,327.5,364.5,0.0,48.333333333333336,49.0,48.0,49.0,0.0,54.333333333333336,55.0,54.0,55.0,0.0,103.23333333333333,101.8,95.75,110.0,0.0,,,,,,,,,,
core6_operational_positive_weighted,20,K20-C04,40,5.449591280653951,"{""2009-2010"": 7, ""2011-2012"": 6, ""2013-2014"": 8, ""2015-2016"": 7, ""2017-2018"": 6, ""2021-2023"": 6}",26.280250000000002,26.75,23.825,27.975,0.0,101.57499999999999,101.0,79.0,127.0,2.5,90.975,91.0,79.0,101.0,2.5,50.1,51.0,44.5,55.5,2.5,58.425,59.0,57.0,60.0,0.0,91.115,91.3,87.4,95.375,0.0,,,,,,,,,,
expanded8_recent_equal,2,K02-C02,364,50.0,"{""2015-2016"": 110, ""2017-2018"": 121, ""2021-2023"": 133}",36.51593406593406,35.6,31.4,40.3,0.8241758241758242,136.58855789338145,135.0,97.0,190.0,1.6483516483516485,125.20879120879121,123.0,99.0,150.0,4.1208791208791204,50.997252747252745,49.0,43.0,57.0,1.098901098901099,54.620879120879124,55.0,52.0,58.0,0.0,113.5021978021978,112.5,103.8,122.05,3.571428571428571,16.21427554051605,15.41,10.9475,22.4975,1.6483516483516485,5.738542977430668,5.455,3.04,9.6625,1.098901098901099
expanded8_recent_equal,2,K02-C01,364,50.0,"{""2015-2016"": 119, ""2017-2018"": 113, ""2021-2023"": 132}",25.90879120879121,25.5,22.575000000000003,28.7,1.098901098901099,80.8578947176821,80.0,60.75,105.0,5.4945054945054945,123.18406593406594,124.0,99.5,148.5,5.769230769230769,67.63461538461539,65.5,55.0,78.0,3.8461538461538463,54.95054945054945,56.0,52.0,58.0,0.0,89.83681318681319,89.2,82.3,96.9,0.8241758241758242,6.693320043358792,6.735,4.59,9.4275,4.395604395604396,1.7285190161480366,1.26,0.6,2.73,3.296703296703297
expanded8_recent_equal,3,K03-C03,189,25.961538461538463,"{""2015-2016"": 61, ""2017-2018"": 64, ""2021-2023"": 64}",41.15873015873016,39.8,36.8,43.6,0.0,115.84191910007884,113.0,80.0,158.75,1.5873015873015872,114.26455026455027,115.0,92.0,134.0,2.1164021164021163,51.164021164021165,48.0,42.0,58.0,1.0582010582010581,53.52910052910053,54.0,50.0,57.0,0.0,121.27513227513228,121.6,114.07499999999999,128.425,4.761904761904762,20.12194299015835,19.03,13.4525,28.0075,1.5873015873015872,7.9370883854519,7.295,4.430000000000001,13.425,0.5291005291005291
expanded8_recent_equal,3,K03-C02,315,43.269230769230774,"{""2015-2016"": 96, ""2017-2018"": 105, ""2021-2023"": 114}",29.758412698412698,29.75,27.1,32.775,1.5873015873015872,135.979689750874,131.0,99.0,183.0,5.714285714285714,135.18412698412698,135.0,112.0,158.0,8.571428571428571,53.250793650793646,52.0,46.0,60.0,5.079365079365079,55.698412698412696,56.0,54.0,59.0,0.0,100.1647619047619,101.1,93.8,106.5,1.9047619047619049,10.856516130430485,10.84,8.19,14.63,5.714285714285714,3.3303998149541867,3.1,1.62,5.4,4.444444444444445
expanded8_recent_equal,3,K03-C01,224,30.76923076923077,"{""2015-2016"": 72, ""2017-2018"": 65, ""2021-2023"": 87}",24.864732142857143,24.15,21.8,27.275,0.8928571428571428,67.34559952840016,67.0,52.0,88.5,2.232142857142857,117.125,119.0,93.0,140.5,2.232142857142857,74.72321428571428,72.0,62.0,84.0,0.0,54.5625,55.0,51.0,58.0,0.0,87.24330357142857,86.0,80.25,93.05,0.4464285714285714,5.610857211807243,5.71,3.955,7.705,0.4464285714285714,1.2756839222385512,0.94,0.5,1.9449999999999998,0.4464285714285714
expanded8_recent_equal,4,K04-C03,186,25.549450549450547,"{""2015-2016"": 57, ""2017-2018"": 59, ""2021-2023"": 70}",32.344086021505376,32.3,29.475,35.6,1.0752688172043012,190.07567147847828,183.0,142.0,240.0,0.5376344086021506,139.75806451612902,138.5,108.0,164.25,5.376344086021505,47.33870967741935,47.0,40.0,53.0,0.0,55.516129032258064,55.5,54.0,59.0,0.0,106.59408602150538,105.9,101.69999999999999,113.45,1.6129032258064515,15.007778001768317,14.54,10.82,19.89,0.5376344086021506,4.24387373080352,3.96,2.495,6.7375,0.0
expanded8_recent_equal,4,K04-C01,119,16.346153846153847,"{""2015-2016"": 44, ""2017-2018"": 35, ""2021-2023"": 40}",23.284033613445377,22.5,20.5,25.15,0.8403361344537815,59.3807215179943,60.0,46.5,72.0,3.361344537815126,110.19327731092437,109.0,87.0,133.0,3.361344537815126,84.02521008403362,82.0,72.5,94.0,0.0,55.05042016806723,56.0,52.0,59.0,0.0,83.8781512605042,82.8,77.4,88.9,0.0,4.610945876456229,4.56,3.085,6.734999999999999,0.0,1.072489782184018,0.675,0.43,1.745,0.8403361344537815
expanded8_recent_equal,4,K04-C02,277,38.04945054945055,"{""2015-2016"": 80, ""2017-2018"": 89, ""2021-2023"": 108}",27.825270758122745,27.7,24.6,30.8,1.444043321299639,92.75532904589159,93.0,73.5,115.5,6.4981949458483745,126.78339350180505,127.0,109.0,151.75,6.859205776173286,59.707581227436826,59.0,52.0,67.0,5.776173285198556,54.91696750902527,55.0,52.0,58.0,0.0,94.56931407942238,94.05,86.925,101.325,1.8050541516245486,8.44660438190465,8.33,6.1,11.14,6.4981949458483745,2.3004240476284883,1.75,0.955,3.605,5.054151624548736
expanded8_recent_equal,4,K04-C04,146,20.054945054945055,"{""2015-2016"": 48, ""2017-2018"": 51, ""2021-2023"": 47}",42.65890410958904,41.150000000000006,38.0,45.9,0.0,99.51233897795663,100.0,75.5,126.0,2.054794520547945,110.87671232876713,112.0,90.5,131.0,2.054794520547945,53.69178082191781,51.0,45.0,61.0,1.36986301369863,53.39041095890411,54.0,50.0,57.0,0.0,123.36780821917807,122.75,117.0,131.075,5.47945205479452,18.738754311248357,17.73,12.51,26.265,2.054794520547945,8.861195857247592,8.06,4.67,13.7,0.684931506849315
expanded8_recent_equal,5,K05-C03,161,22.115384615384613,"{""2015-2016"": 45, ""2017-2018"": 49, ""2021-2023"": 67}",32.52422360248447,32.7,28.8,35.875,1.8633540372670807,95.26150888669943,97.0,78.0,119.5,6.211180124223603,118.8944099378882,122.0,94.5,142.5,6.211180124223603,60.08695652173913,60.0,51.0,69.0,4.3478260869565215,57.73913043478261,59.0,56.0,60.0,0.0,105.68944099378882,105.5,99.6,113.9,2.484472049689441,10.359662701843277,10.285,7.7675,13.3275,5.590062111801243,5.026970909650917,4.55,2.715,8.34,4.3478260869565215
expanded8_recent_equal,5,K05-C02,189,25.961538461538463,"{""2015-2016"": 56, ""2017-2018"": 68, ""2021-2023"": 65}",26.403703703703705,26.4,23.6,28.7,1.5873015873015872,94.07769276305591,96.0,72.0,116.5,5.291005291005291,128.64021164021165,129.0,109.25,150.75,5.82010582010582,58.06878306878307,57.0,51.75,65.25,4.761904761904762,53.026455026455025,53.0,51.0,56.0,0.0,90.64497354497355,90.5,83.85,96.975,1.5873015873015872,7.642422662702,6.97,5.405,10.705,5.291005291005291,1.5691010752629877,1.23,0.6924999999999999,2.385,3.7037037037037033
expanded8_recent_equal,5,K05-C05,114,15.659340659340659,"{""2015-2016"": 38, ""2017-2018"": 38, ""2021-2023"": 38}",43.98947368421052,42.6,39.3,47.65,0.0,104.78829342459171,106.0,78.75,136.25,1.7543859649122806,110.81578947368422,111.0,94.75,130.0,1.7543859649122806,51.8421052631579,49.0,44.0,58.0,1.7543859649122806,52.3859649122807,52.0,49.0,56.0,0.0,125.68245614035088,125.5,119.3,133.05,6.140350877192982,21.194866522434364,19.305,15.2475,30.994999999999997,1.7543859649122806,9.203166081248977,8.09,4.86,14.09,0.8771929824561403
expanded8_recent_equal,5,K05-C01,113,15.521978021978022,"{""2015-2016"": 42, ""2017-2018"": 32, ""2021-2023"": 39}",23.345132743362832,22.6,20.5,25.3,0.0,58.87227366465891,59.0,47.0,71.0,3.5398230088495577,111.60176991150442,109.0,87.0,136.0,3.5398230088495577,85.76991150442478,83.0,75.0,95.0,0.0,55.64601769911504,57.0,53.0,59.0,0.0,84.51327433628319,84.0,78.6,89.3,0.0,4.805256451333678,4.73,3.14,7.04,0.0,1.1133191347716125,0.71,0.455,1.8,0.8849557522123894
expanded8_recent_equal,5,K05-C04,151,20.741758241758244,"{""2015-2016"": 48, ""2017-2018"": 47, ""2021-2023"": 56}",32.07350993377484,32.05,28.700000000000003,35.475,0.6622516556291391,206.88999970361817,197.0,162.0,248.0,0.0,143.81456953642385,143.0,113.5,169.75,5.960264900662252,45.900662251655625,46.0,40.0,52.0,0.0,55.00662251655629,55.0,53.0,58.0,0.0,105.89205298013245,105.5,100.4,112.5,1.3245033112582782,15.971142846762822,14.809999999999999,11.1475,20.84,0.6622516556291391,3.9976779596131036,3.7,2.3,6.045,0.0
expanded8_recent_equal,6,K06-C02,163,22.39010989010989,"{""2015-2016"": 45, ""2017-2018"": 57, ""2021-2023"": 61}",25.699386503067487,25.5,23.2,28.0,1.2269938650306749,93.4003296182903,95.0,71.25,113.75,5.521472392638037,127.50920245398773,127.0,109.0,149.75,5.521472392638037,57.668711656441715,57.0,51.0,64.5,4.9079754601226995,52.828220858895705,53.0,51.0,55.5,0.0,89.01165644171779,88.5,82.5,94.8,1.2269938650306749,7.416740349557264,6.755,5.182499999999999,10.405,5.521472392638037,1.4389914826444847,1.09,0.62,2.17,3.6809815950920246
expanded8_recent_equal,6,K06-C04,114,15.659340659340659,"{""2015-2016"": 42, ""2017-2018"": 38, ""2021-2023"": 34}",31.394736842105264,30.65,27.8,35.05,0.0,198.9486951402005,189.0,156.0,247.0,0.0,164.28947368421052,162.0,144.0,184.0,7.894736842105263,48.59649122807018,48.0,41.0,54.0,0.0,55.1140350877193,55.0,53.0,58.0,0.0,104.83859649122807,103.8,99.2,111.7,0.8771929824561403,12.66344160751329,13.29,9.27,16.65,0.8771929824561403,3.8803067644912876,3.96,2.17,6.4,0.0
expanded8_recent_equal,6,K06-C03,145,19.917582417582416,"{""2015-2016"": 47, ""2017-2018"": 41, ""2021-2023"": 57}",32.09103448275862,32.2,28.6,35.55,2.0689655172413794,86.63795192838342,87.0,71.0,108.75,7.586206896551724,128.61379310344827,128.0,114.5,149.5,7.586206896551724,63.4551724137931,64.0,55.0,72.0,5.517241379310345,57.41379310344828,58.0,56.0,60.0,0.0,104.0855172413793,103.2,96.8,112.9,2.7586206896551726,9.25438870307301,9.34,7.105,12.085,6.896551724137931,4.558569937921959,3.9,2.09,7.977500000000001,4.827586206896552
expanded8_recent_equal,6,K06-C01,106,14.560439560439562,"{""2015-2016"": 42, ""2017-2018"": 30, ""2021-2023"": 34}",23.2,22.55,20.525,25.15,0.0,58.17236572366449,56.5,45.25,71.0,3.7735849056603774,109.26415094339623,106.0,84.75,133.0,3.7735849056603774,86.5566037735849,83.0,75.25,95.75,0.0,55.54716981132076,56.5,53.0,59.0,0.0,84.18867924528301,83.85,78.375,88.9,0.0,4.724370753833013,4.615,3.1100000000000003,6.9525,0.0,1.1239089340430344,0.7,0.44,1.8,0.9433962264150944
expanded8_recent_equal,6,K06-C05,104,14.285714285714285,"{""2015-2016"": 19, ""2017-2018"": 35, ""2021-2023"": 50}",34.21057692307692,34.150000000000006,30.725,37.625,1.9230769230769231,164.30338617818953,157.0,126.0,213.5,0.0,91.0673076923077,94.0,76.5,106.5,0.9615384615384616,45.58653846153846,45.0,39.0,52.0,0.0,56.03846153846154,57.0,54.0,59.0,0.0,110.09326923076924,108.7,103.6,117.7,2.8846153846153846,20.937902696068132,19.435000000000002,13.3425,29.5525,0.0,4.105771450334851,3.31,2.3499999999999996,7.335,0.9615384615384616
expanded8_recent_equal,6,K06-C06,96,13.186813186813188,"{""2015-2016"": 34, ""2017-2018"": 33, ""2021-2023"": 29}",44.628125,42.849999999999994,39.6,48.55,0.0,95.08821341867649,98.5,72.0,116.75,2.083333333333333,116.66666666666667,117.5,101.25,132.75,2.083333333333333,53.385416666666664,51.0,46.0,60.0,2.083333333333333,51.552083333333336,51.0,48.0,55.0,0.0,125.92500000000001,125.3,118.6,134.575,6.25,19.42289691301319,17.875,13.605,26.2675,2.083333333333333,10.643149780482071,10.0,5.859999999999999,15.2,1.0416666666666665
expanded8_recent_equal,7,K07-C01,93,12.774725274725274,"{""2015-2016"": 39, ""2017-2018"": 26, ""2021-2023"": 28}",23.23978494623656,22.6,20.5,25.2,0.0,56.53835060124541,54.5,44.0,70.5,3.225806451612903,105.81720430107526,101.0,83.25,128.0,3.225806451612903,88.59139784946237,87.0,78.0,97.0,0.0,55.11827956989247,56.0,53.0,58.0,0.0,84.21720430107527,83.9,78.0,88.9,0.0,4.675466288915764,4.63,3.1,6.76,0.0,1.1421939805278685,0.705,0.4275,1.8475000000000001,1.0752688172043012
expanded8_recent_equal,7,K07-C05,110,15.10989010989011,"{""2015-2016"": 41, ""2017-2018"": 37, ""2021-2023"": 32}",31.53727272727273,30.75,28.0,35.175000000000004,0.0,200.24183835459567,189.5,156.0,247.0,0.0,164.5181818181818,162.0,145.0,184.0,8.181818181818182,48.39090909090909,47.0,41.0,53.75,0.0,55.00909090909091,55.0,53.0,58.0,0.0,105.27636363636364,104.0,99.7,112.0,0.9090909090909091,12.814250656099636,13.46,9.54,16.89,0.9090909090909091,3.965665568045265,3.9899999999999998,2.2925,6.4,0.0
expanded8_recent_equal,7,K07-C03,98,13.461538461538462,"{""2015-2016"": 31, ""2017-2018"": 31, ""2021-2023"": 36}",28.822448979591837,28.6,25.5,31.625,2.0408163265306123,82.50967045736122,79.0,63.0,103.0,5.1020408163265305,111.59183673469389,118.0,91.0,129.0,5.1020408163265305,58.326530612244895,57.0,51.0,67.0,5.1020408163265305,50.08163265306123,51.0,48.0,52.0,0.0,95.89387755102041,95.25,89.125,103.1,2.0408163265306123,8.773411390937872,9.07,6.175000000000001,12.2,7.142857142857142,2.247188833930765,2.0,1.0,3.96,5.1020408163265305
expanded8_recent_equal,7,K07-C04,116,15.934065934065933,"{""2015-2016"": 38, ""2017-2018"": 33, ""2021-2023"": 45}",32.65344827586207,32.6,28.8,36.675000000000004,1.7241379310344827,88.12931205866569,91.0,73.25,113.25,8.620689655172415,129.50862068965517,128.5,117.25,151.0,8.620689655172415,63.91379310344828,64.0,56.0,72.0,6.0344827586206895,57.69827586206897,58.0,56.0,59.0,0.0,105.27155172413794,104.0,98.8,113.9,2.586206896551724,9.394089399429369,9.36,7.2924999999999995,12.0625,6.896551724137931,5.474693498552184,4.72,3.08,8.97,6.0344827586206895
expanded8_recent_equal,7,K07-C02,120,16.483516483516482,"{""2015-2016"": 29, ""2017-2018"": 42, ""2021-2023"": 49}",24.583333333333336,24.3,22.200000000000003,27.15,0.8333333333333334,98.35458038879223,98.0,75.0,117.0,5.833333333333333,139.40833333333333,142.0,120.0,162.0,5.833333333333333,59.30833333333333,59.0,53.0,66.0,4.166666666666666,56.38333333333333,56.5,55.0,59.0,0.0,86.855,86.3,80.45,92.6,0.8333333333333334,6.792400946529787,6.74,4.994999999999999,8.66,4.166666666666666,1.088985231497133,0.97,0.6,1.4175,1.6666666666666667
expanded8_recent_equal,7,K07-C06,100,13.736263736263737,"{""2015-2016"": 18, ""2017-2018"": 33, ""2021-2023"": 49}",34.251,34.150000000000006,30.875,37.7,2.0,167.88924032928054,159.0,127.5,215.5,0.0,91.78999999999999,94.0,78.0,106.5,1.0,45.48,45.0,39.0,52.0,0.0,56.2,57.0,54.0,59.0,0.0,110.35900000000001,109.6,103.9,118.5,3.0,21.290409713170746,19.52,13.852500000000001,29.9975,0.0,4.182371521361174,3.32,2.385,7.555,1.0
expanded8_recent_equal,7,K07-C07,91,12.5,"{""2015-2016"": 33, ""2017-2018"": 32, ""2021-2023"": 26}",45.106593406593404,43.3,40.25,49.0,0.0,95.90530990186797,98.5,72.75,117.0,1.098901098901099,116.5934065934066,117.5,101.25,132.75,1.098901098901099,53.02197802197802,50.5,46.0,59.75,1.098901098901099,51.86813186813187,52.0,49.0,55.0,0.0,126.76043956043956,126.2,119.5,134.8,6.593406593406594,19.864783884824366,18.245,14.434999999999999,27.575000000000003,1.098901098901099,11.204645724478164,10.3,6.220000000000001,15.745,0.0
expanded8_recent_equal,8,K08-C02,119,16.346153846153847,"{""2015-2016"": 28, ""2017-2018"": 40, ""2021-2023"": 51}",24.721008403361346,24.3,22.35,27.275,0.8403361344537815,98.07127369768854,98.0,75.5,116.5,6.722689075630252,139.0924369747899,141.0,121.0,161.0,6.722689075630252,59.2436974789916,59.0,53.0,66.0,5.042016806722689,56.50420168067227,57.0,55.0,59.0,0.0,86.93193277310925,86.55,80.5,92.4,0.8403361344537815,6.768684525611157,6.74,4.97,8.47,5.042016806722689,1.133959515167397,0.975,0.6,1.4675,2.5210084033613445
expanded8_recent_equal,8,K08-C08,52,7.142857142857142,"{""2015-2016"": 18, ""2017-2018"": 21, ""2021-2023"": 13}",48.55384615384615,46.7,43.125,51.4,0.0,88.0646336882489,94.5,63.75,109.25,0.0,109.01923076923077,109.5,90.5,124.25,0.0,55.75,53.0,46.75,61.0,0.0,54.32692307692308,54.5,52.0,57.0,0.0,130.31730769230768,131.2,125.3,143.95,9.615384615384617,18.882813522792393,17.865000000000002,13.245,25.2775,0.0,14.323923718627691,13.55,7.9775,18.495,0.0
expanded8_recent_equal,8,K08-C07,67,9.203296703296704,"{""2015-2016"": 23, ""2017-2018"": 19, ""2021-2023"": 25}",38.6,38.8,35.6,40.95,0.0,132.31918527878287,130.0,102.0,173.0,2.9850746268656714,132.53731343283582,131.5,115.25,148.5,4.477611940298507,47.701492537313435,47.0,40.0,54.0,2.9850746268656714,49.208955223880594,49.0,47.0,51.0,0.0,117.88507462686567,118.4,111.3,123.7,2.9850746268656714,20.708456923478728,19.47,15.25,29.92,2.9850746268656714,6.985635616859707,6.5649999999999995,4.655,9.5,1.4925373134328357
expanded8_recent_equal,8,K08-C04,112,15.384615384615385,"{""2015-2016"": 37, ""2017-2018"": 33, ""2021-2023"": 42}",32.75625,32.7,28.825,36.85,1.7857142857142856,87.83705254911887,90.0,73.0,114.0,8.035714285714286,129.58928571428572,129.0,116.5,151.0,8.035714285714286,64.24107142857143,64.0,56.25,72.0,5.357142857142857,57.642857142857146,58.0,56.0,59.0,0.0,105.63392857142857,104.3,99.6,113.9,2.6785714285714284,9.361505899847414,9.35,7.24,12.04,6.25,5.56474662218258,4.925,3.085,9.067499999999999,5.357142857142857
expanded8_recent_equal,8,K08-C01,94,12.912087912087914,"{""2015-2016"": 39, ""2017-2018"": 27, ""2021-2023"": 28}",23.225531914893615,22.6,20.525,25.15,0.0,56.464561525479226,54.0,44.0,70.0,3.1914893617021276,106.41489361702128,101.0,83.5,128.5,3.1914893617021276,88.47872340425532,87.0,78.0,96.75,0.0,55.159574468085104,56.0,53.0,58.75,0.0,84.23617021276596,83.95,78.075,88.9,0.0,4.684033310108871,4.68,3.1100000000000003,6.7575,0.0,1.133936182778014,0.7,0.43,1.83,1.0638297872340425
expanded8_recent_equal,8,K08-C06,95,13.049450549450551,"{""2015-2016"": 19, ""2017-2018"": 31, ""2021-2023"": 45}",34.026315789473685,33.7,30.7,36.8,2.1052631578947367,158.24070532651086,155.0,122.0,208.5,0.0,89.49473684210527,93.0,76.0,106.0,0.0,46.07368421052632,45.0,39.0,52.5,0.0,56.66315789473684,57.0,55.0,59.0,0.0,110.20315789473685,108.7,103.6,117.7,2.1052631578947367,20.324185189904203,18.49,13.285,28.47,0.0,4.015027974337754,3.385,2.335,7.135,1.0526315789473684
expanded8_recent_equal,8,K08-C03,94,12.912087912087914,"{""2015-2016"": 31, ""2017-2018"": 31, ""2021-2023"": 32}",28.298936170212766,28.0,25.475,31.225,2.127659574468085,82.2268937135265,79.0,63.0,102.5,4.25531914893617,112.95744680851064,118.0,94.25,129.75,4.25531914893617,58.723404255319146,57.0,51.0,67.0,4.25531914893617,50.18085106382979,51.0,48.0,52.0,0.0,94.77127659574468,94.4,88.5,101.9,2.127659574468085,8.564822832017425,8.935,6.1075,12.0975,6.382978723404255,2.163124480772214,1.9,0.9025000000000001,3.685,4.25531914893617
expanded8_recent_equal,8,K08-C05,95,13.049450549450551,"{""2015-2016"": 34, ""2017-2018"": 32, ""2021-2023"": 29}",30.79263157894737,30.2,27.65,33.7,0.0,206.92768041136222,193.0,160.5,250.0,0.0,165.02105263157895,162.0,144.5,188.25,9.473684210526317,48.71578947368421,48.0,41.5,53.0,0.0,55.757894736842104,55.0,53.5,58.0,0.0,103.88105263157895,103.35,97.975,108.85,1.0526315789473684,12.147783545128387,13.03,9.2175,15.9175,1.0526315789473684,3.604233933816182,3.51,2.125,5.59,0.0
expanded8_recent_equal,9,K09-C03,82,11.263736263736265,"{""2015-2016"": 28, ""2017-2018"": 25, ""2021-2023"": 29}",28.615853658536587,28.0,25.475,31.4,2.4390243902439024,78.34302397998333,74.0,61.25,99.25,4.878048780487805,115.8048780487805,119.0,101.0,133.75,4.878048780487805,58.84146341463415,57.0,51.0,67.0,4.878048780487805,49.52439024390244,50.0,48.0,51.0,0.0,95.29878048780488,94.3,88.5,102.85,3.6585365853658534,8.47520440257524,8.14,5.84,12.16,7.317073170731707,2.3464102038564447,1.87,0.9025000000000001,4.3025,4.878048780487805
expanded8_recent_equal,9,K09-C01,93,12.774725274725274,"{""2015-2016"": 38, ""2017-2018"": 27, ""2021-2023"": 28}",22.943010752688174,22.5,20.5,25.0,0.0,55.933130073696894,55.5,44.0,69.0,3.225806451612903,104.36559139784946,101.0,83.25,125.5,3.225806451612903,87.01075268817203,85.0,75.0,96.0,0.0,55.1505376344086,56.0,53.0,59.0,0.0,83.46559139784947,83.3,78.0,88.9,0.0,4.8016197749319955,4.73,3.33,6.93,0.0,1.0030315966692096,0.675,0.4075,1.635,1.0752688172043012
expanded8_recent_equal,9,K09-C04,93,12.774725274725274,"{""2015-2016"": 23, ""2017-2018"": 25, ""2021-2023"": 45}",29.2247311827957,28.6,26.8,32.025,1.0752688172043012,114.06713504961542,118.5,87.0,147.5,9.67741935483871,95.13978494623656,94.0,77.75,111.25,9.67741935483871,54.473118279569896,54.0,48.0,61.0,9.67741935483871,57.03225806451613,57.0,55.0,59.0,0.0,98.90752688172043,99.0,92.7,104.3,0.0,10.673027971258778,10.84,8.254999999999999,13.785,10.75268817204301,2.0034069158282763,1.79,1.0025,2.9,9.67741935483871
expanded8_recent_equal,9,K09-C09,41,5.631868131868132,"{""2015-2016"": 15, ""2017-2018"": 16, ""2021-2023"": 10}",50.31219512195122,48.4,45.2,52.8,0.0,86.12966932305768,93.0,64.0,107.0,0.0,110.17073170731707,112.0,95.0,125.0,0.0,55.78048780487805,54.0,47.0,61.0,0.0,53.146341463414636,53.0,50.0,56.0,0.0,135.5951219512195,134.14999999999998,126.025,145.325,2.4390243902439024,18.429589616179125,17.7,12.34,25.2,0.0,13.857200986118528,13.2,6.29,19.1,0.0
expanded8_recent_equal,9,K09-C05,96,13.186813186813188,"{""2015-2016"": 32, ""2017-2018"": 32, ""2021-2023"": 32}",33.088541666666664,33.3,29.799999999999997,37.05,1.0416666666666665,86.76991043534804,90.5,70.0,109.5,4.166666666666666,138.0625,137.0,122.75,154.0,4.166666666666666,67.55208333333333,67.0,58.0,74.0,1.0416666666666665,57.322916666666664,58.0,56.0,59.0,0.0,106.04166666666667,106.3,100.0,113.9,3.125,8.861870328920528,9.32,6.6850000000000005,12.085,1.0416666666666665,6.483074953602586,5.595000000000001,3.405,10.9175,0.0
expanded8_recent_equal,9,K09-C07,79,10.851648351648352,"{""2015-2016"": 19, ""2017-2018"": 26, ""2021-2023"": 34}",37.12784810126582,37.4,34.2,41.0,2.5316455696202533,143.63361370110877,138.0,107.0,180.0,0.0,97.75949367088609,96.0,81.5,115.5,0.0,45.810126582278485,45.0,40.5,51.5,0.0,57.08860759493671,57.0,55.0,59.0,0.0,115.15822784810126,116.3,107.15,124.4,6.329113924050633,21.380517177971942,20.17,14.63,31.055,0.0,6.483604119240251,6.7,3.175,11.125,0.0
expanded8_recent_equal,9,K09-C02,93,12.774725274725274,"{""2015-2016"": 24, ""2017-2018"": 36, ""2021-2023"": 33}",24.089247311827958,23.799999999999997,21.4,26.35,1.0752688172043012,98.65322085876633,99.0,76.0,116.0,4.301075268817205,151.1720430107527,152.0,134.0,168.0,4.301075268817205,60.634408602150536,60.0,53.5,66.5,2.1505376344086025,55.75268817204301,56.0,54.0,58.0,0.0,85.37956989247311,84.9,79.375,91.3,1.0752688172043012,6.490124537102028,6.41,4.865,8.355,2.1505376344086025,1.1244864926280413,0.985,0.595,1.4675,1.0752688172043012
expanded8_recent_equal,9,K09-C08,60,8.241758241758241,"{""2015-2016"": 16, ""2017-2018"": 18, ""2021-2023"": 26}",38.24166666666667,38.4,34.85,40.525,0.0,142.12992697811302,138.5,109.0,196.25,3.3333333333333335,129.95,129.0,110.0,146.0,5.0,46.45,47.0,38.0,51.75,3.3333333333333335,49.016666666666666,49.0,46.75,51.0,0.0,116.84,117.85,111.075,122.80000000000001,3.3333333333333335,23.212748966279825,21.78,15.862499999999999,32.0275,3.3333333333333335,6.261336081007928,6.15,4.470000000000001,8.535,1.6666666666666667
expanded8_recent_equal,9,K09-C06,91,12.5,"{""2015-2016"": 34, ""2017-2018"": 29, ""2021-2023"": 28}",30.959340659340658,30.3,27.75,33.9,0.0,213.43599696497506,197.0,167.5,258.0,0.0,165.0,161.0,144.5,188.25,9.89010989010989,48.15384615384615,47.0,41.0,52.5,0.0,55.73626373626374,55.0,54.0,58.0,0.0,103.87472527472528,103.35,98.55,109.67500000000001,1.098901098901099,12.484014540300114,13.165,9.4875,16.315,1.098901098901099,3.7613451661368638,3.67,2.245,5.68,0.0
expanded8_recent_equal,10,K10-C02,85,11.675824175824175,"{""2015-2016"": 24, ""2017-2018"": 33, ""2021-2023"": 28}",24.158823529411766,24.0,22.0,26.5,0.0,104.37848290384221,102.0,83.0,125.5,3.5294117647058822,153.6,152.5,139.0,168.75,3.5294117647058822,59.55294117647059,59.0,53.0,66.0,2.3529411764705883,55.77647058823529,56.0,54.0,58.0,0.0,85.5035294117647,85.0,79.5,92.0,0.0,6.98454608386071,6.95,5.13,8.705,2.3529411764705883,1.2199120329504756,1.07,0.6,1.755,1.1764705882352942
expanded8_recent_equal,10,K10-C10,55,7.554945054945055,"{""2015-2016"": 19, ""2017-2018"": 21, ""2021-2023"": 15}",48.38909090909091,46.5,43.25,51.5,0.0,88.9710242515152,96.0,63.5,111.5,0.0,109.78181818181818,112.0,92.5,124.5,0.0,56.49090909090909,55.0,48.0,61.0,0.0,54.38181818181818,54.0,52.0,57.0,0.0,128.38545454545454,128.5,122.1,143.3,10.909090909090908,18.75827082436109,17.7,13.99,25.13,0.0,13.762631196869295,13.28,7.405,18.42,0.0
expanded8_recent_equal,10,K10-C08,74,10.164835164835164,"{""2015-2016"": 17, ""2017-2018"": 21, ""2021-2023"": 36}",35.7972972972973,35.55,33.025,39.3,2.7027027027027026,170.93085763558412,160.5,127.25,219.25,0.0,96.21621621621622,94.0,80.0,112.0,1.3513513513513513,44.2972972972973,43.0,37.25,50.75,0.0,56.770270270270274,57.0,55.0,59.0,0.0,114.07297297297298,114.0,106.75,122.44999999999999,4.054054054054054,24.527155925110343,22.075,14.9025,33.0375,0.0,4.549454747805489,4.135,2.625,7.6275,0.0
expanded8_recent_equal,10,K10-C01,89,12.225274725274724,"{""2015-2016"": 33, ""2017-2018"": 25, ""2021-2023"": 31}",22.81348314606742,22.5,20.4,25.0,0.0,55.98092983944323,55.5,44.0,70.5,3.3707865168539324,104.49438202247191,101.5,84.75,125.5,3.3707865168539324,86.74157303370787,84.0,75.0,96.0,0.0,56.02247191011236,56.0,54.0,59.0,0.0,83.41910112359551,83.8,78.3,88.6,0.0,4.9665450478579185,5.03,3.51,6.96,0.0,1.0262775613275361,0.7,0.43,1.635,1.1235955056179776
expanded8_recent_equal,10,K10-C05,68,9.340659340659341,"{""2015-2016"": 18, ""2017-2018"": 21, ""2021-2023"": 29}",34.81617647058823,34.7,32.0,37.25,1.4705882352941175,85.02962629922136,90.5,70.0,105.5,2.941176470588235,140.5441176470588,139.5,126.0,154.75,2.941176470588235,72.01470588235294,71.0,64.0,78.25,0.0,56.92647058823529,57.0,55.0,59.0,0.0,111.19558823529412,111.35,105.95,118.075,2.941176470588235,9.2869355423174,9.86,6.6850000000000005,12.085,1.4705882352941175,3.1183425350393295,3.3899999999999997,1.7725,4.9125,0.0
expanded8_recent_equal,10,K10-C03,76,10.43956043956044,"{""2015-2016"": 26, ""2017-2018"": 24, ""2021-2023"": 26}",26.976315789473684,27.1,23.650000000000002,29.675,2.631578947368421,78.46209721956906,73.5,61.75,97.75,5.263157894736842,116.56578947368422,119.0,101.0,135.0,5.263157894736842,60.8421052631579,59.0,51.0,69.0,3.9473684210526314,49.10526315789474,49.5,47.0,51.0,0.0,91.45263157894738,92.4,83.975,98.725,2.631578947368421,6.692271017174542,6.404999999999999,4.365,9.2725,5.263157894736842,1.7405079726675345,1.27,0.6,3.0,3.9473684210526314
expanded8_recent_equal,10,K10-C07,87,11.95054945054945,"{""2015-2016"": 35, ""2017-2018"": 28, ""2021-2023"": 24}",30.94712643678161,30.3,27.75,33.9,0.0,215.0047521026205,197.0,169.0,258.0,0.0,165.13793103448273,159.0,144.5,188.25,10.344827586206897,47.81609195402299,47.0,41.0,52.5,0.0,55.689655172413794,55.0,54.0,58.0,0.0,103.75287356321839,103.35,98.825,109.67500000000001,1.1494252873563218,12.50135876723896,13.344999999999999,9.4875,16.315,1.1494252873563218,3.8322930529875165,3.67,2.295,5.68,0.0
expanded8_recent_equal,10,K10-C04,90,12.362637362637363,"{""2015-2016"": 22, ""2017-2018"": 26, ""2021-2023"": 42}",28.944444444444443,28.6,26.775,31.4,2.2222222222222223,104.53279917700341,103.5,80.0,139.0,11.11111111111111,95.28888888888889,94.0,76.75,113.0,11.11111111111111,55.62222222222222,55.0,48.75,61.25,11.11111111111111,56.82222222222222,57.0,55.0,59.0,0.0,97.97888888888889,97.3,92.5,103.6,1.1111111111111112,10.31283650787741,10.78,7.92,13.265,12.222222222222221,2.072989118703967,1.82,0.9875,3.0975,11.11111111111111
expanded8_recent_equal,10,K10-C09,63,8.653846153846153,"{""2015-2016"": 20, ""2017-2018"": 18, ""2021-2023"": 25}",38.046031746031744,38.3,35.3,40.55,0.0,123.49662214989802,117.0,94.0,169.0,3.1746031746031744,129.82539682539684,129.0,110.0,144.0,3.1746031746031744,47.22222222222223,47.0,39.0,52.0,3.1746031746031744,48.682539682539684,48.0,46.0,51.0,0.0,117.9063492063492,117.0,110.6,123.75,0.0,19.332737696232414,19.37,14.37,27.03,3.1746031746031744,6.777319031801687,6.15,4.5,9.875,1.5873015873015872
expanded8_recent_equal,10,K10-C06,41,5.631868131868132,"{""2015-2016"": 15, ""2017-2018"": 17, ""2021-2023"": 9}",29.665853658536584,28.8,27.1,32.5,0.0,91.15877625774472,86.0,71.5,119.0,4.878048780487805,130.8048780487805,128.0,115.0,151.5,4.878048780487805,57.390243902439025,55.0,49.0,64.25,2.4390243902439024,56.97560975609756,58.0,55.0,59.0,0.0,98.44634146341463,100.3,92.125,103.525,2.4390243902439024,8.211598073009212,8.64,6.702500000000001,11.7475,2.4390243902439024,15.17423343881945,11.8,8.97,16.17,0.0
expanded8_recent_equal,11,K11-C11,22,3.021978021978022,"{""2015-2016"": 10, ""2017-2018"": 8, ""2021-2023"": 4}",54.49090909090909,52.05,49.025,59.55,0.0,85.04697909765558,81.5,60.25,109.75,0.0,108.86363636363636,108.0,90.5,122.75,0.0,56.09090909090909,52.5,47.25,61.0,0.0,52.77272727272727,53.0,51.25,54.0,0.0,141.33181818181816,144.7,134.2,149.8,4.545454545454546,18.877723528762534,17.310000000000002,14.9575,23.71,0.0,16.66766014262547,14.25,7.1075,36.0575,0.0
expanded8_recent_equal,11,K11-C03,76,10.43956043956044,"{""2015-2016"": 23, ""2017-2018"": 25, ""2021-2023"": 28}",27.44736842105263,27.65,24.55,29.849999999999998,2.631578947368421,80.83048978001752,76.5,63.75,100.0,5.263157894736842,116.5921052631579,119.5,101.0,135.0,5.263157894736842,58.30263157894737,57.0,51.0,64.25,5.263157894736842,49.526315789473685,50.0,48.0,51.0,0.0,92.73684210526316,93.0,86.1,98.675,2.631578947368421,8.205615054739699,7.69,5.66,11.955,6.578947368421052,2.170469841941723,1.76,0.8675,4.2675,5.263157894736842
expanded8_recent_equal,11,K11-C07,94,12.912087912087914,"{""2015-2016"": 36, ""2017-2018"": 34, ""2021-2023"": 24}",30.44468085106383,30.2,27.525,33.4,0.0,189.83542885481876,178.0,146.0,221.25,0.0,167.8936170212766,162.0,150.0,186.0,5.319148936170213,49.34042553191489,48.5,42.0,54.0,0.0,55.6063829787234,55.0,53.0,58.75,0.0,103.29255319148936,103.2,97.8,107.7,1.0638297872340425,11.889213383932882,12.67,8.87,15.74,1.0638297872340425,3.9831007841243364,3.96,2.2225,6.5,0.0
expanded8_recent_equal,11,K11-C06,73,10.027472527472527,"{""2015-2016"": 20, ""2017-2018"": 23, ""2021-2023"": 30}",35.04520547945206,34.9,32.2,37.4,0.0,87.38816397449219,92.0,70.5,110.0,2.73972602739726,137.1917808219178,136.0,122.5,153.0,2.73972602739726,71.24657534246575,70.0,62.0,78.0,0.0,56.84931506849315,57.0,55.0,59.0,0.0,111.08767123287672,111.19999999999999,104.275,117.175,1.36986301369863,9.527496418955039,9.735,7.3725000000000005,12.0625,1.36986301369863,3.774029865188763,3.85,2.19,6.1,0.0
expanded8_recent_equal,11,K11-C01,84,11.538461538461538,"{""2015-2016"": 36, ""2017-2018"": 25, ""2021-2023"": 23}",22.86904761904762,22.55,20.375,25.05,0.0,55.26721802742871,52.0,44.0,69.0,3.571428571428571,101.64285714285714,97.0,82.0,123.0,3.571428571428571,88.5,87.0,77.75,97.0,0.0,54.892857142857146,56.0,52.0,58.25,0.0,83.56428571428572,83.85,77.4,88.9,0.0,4.912135142777802,5.11,3.3600000000000003,6.975,0.0,0.9764525814695489,0.66,0.4,1.69,1.1904761904761905
expanded8_recent_equal,11,K11-C02,89,12.225274725274724,"{""2015-2016"": 21, ""2017-2018"": 30, ""2021-2023"": 38}",23.969662921348316,23.7,21.4,25.799999999999997,2.247191011235955,93.3244114457501,93.5,70.25,113.0,3.3707865168539324,151.0561797752809,152.0,134.25,165.0,3.3707865168539324,62.561797752808985,63.0,54.0,69.5,1.1235955056179776,56.2247191011236,57.0,55.0,58.0,0.0,84.97865168539326,84.6,79.55,89.5,2.247191011235955,5.604891043610795,5.73,4.41,7.675,1.1235955056179776,1.1143016862644566,0.975,0.58,1.415,1.1235955056179776
expanded8_recent_equal,11,K11-C09,62,8.516483516483516,"{""2015-2016"": 18, ""2017-2018"": 22, ""2021-2023"": 22}",40.96612903225807,40.8,37.675,43.775,0.0,103.55924555440907,107.0,89.0,126.0,0.0,108.56451612903226,110.5,87.75,127.5,0.0,52.45161290322581,51.0,46.25,57.75,0.0,57.274193548387096,57.5,55.0,59.0,0.0,119.03548387096774,122.1,115.3,126.9,8.064516129032258,19.519719469217097,18.23,14.209999999999999,25.0075,0.0,8.240015447322964,8.61,4.6025,13.235,0.0
expanded8_recent_equal,11,K11-C08,68,9.340659340659341,"{""2015-2016"": 14, ""2017-2018"": 18, ""2021-2023"": 36}",34.00735294117647,33.6,31.5,37.175,2.941176470588235,217.87978513420316,208.5,159.5,282.5,0.0,100.73529411764706,99.0,84.5,112.5,7.352941176470589,41.955882352941174,41.0,36.0,48.0,0.0,55.044117647058826,55.0,53.0,57.0,0.0,110.05,108.35,103.92500000000001,116.875,2.941176470588235,22.405736902221623,20.245,14.600000000000001,29.9975,0.0,4.370200131916802,3.9400000000000004,2.5675,7.297499999999999,0.0
expanded8_recent_equal,11,K11-C04,11,1.510989010989011,"{""2015-2016"": 4, ""2017-2018"": 6, ""2021-2023"": 1}",24.936363636363637,24.9,22.35,28.0,0.0,77.42439974014957,76.0,59.5,89.75,9.090909090909092,120.9090909090909,116.0,111.5,134.25,9.090909090909092,57.45454545454545,54.0,47.0,64.0,0.0,58.09090909090909,58.0,56.5,59.5,0.0,87.93636363636364,84.5,83.75,94.35,0.0,4.591090864279923,5.51,2.73,6.925,0.0,40.13864643528124,33.7,27.15,68.39,0.0
expanded8_recent_equal,11,K11-C10,55,7.554945054945055,"{""2015-2016"": 19, ""2017-2018"": 18, ""2021-2023"": 18}",39.403636363636366,39.4,36.3,41.7,0.0,109.00241086238883,114.0,82.0,140.0,3.6363636363636362,129.10909090909092,124.0,110.0,144.0,3.6363636363636362,49.52727272727273,48.0,43.0,55.0,3.6363636363636362,48.18181818181818,48.0,46.0,50.0,0.0,119.61636363636363,119.5,112.9,126.7,3.6363636363636362,19.247119154130715,18.72,13.76,29.92,3.6363636363636362,7.639988101079448,6.795,4.7025,12.1275,1.8181818181818181
expanded8_recent_equal,11,K11-C05,94,12.912087912087914,"{""2015-2016"": 28, ""2017-2018"": 25, ""2021-2023"": 41}",28.398936170212767,27.9,26.5,30.7,1.0638297872340425,104.45939823673,103.0,80.0,141.0,11.702127659574469,99.65957446808511,99.0,78.0,117.0,11.702127659574469,55.47872340425532,55.0,48.5,61.0,11.702127659574469,57.276595744680854,58.0,55.0,60.0,0.0,96.24361702127659,95.45,90.64999999999999,102.1,0.0,10.372449594191979,10.675,8.235,13.0025,12.76595744680851,2.1667876453982142,1.9,1.06,3.27,9.574468085106384
expanded8_recent_equal,12,K12-C10,60,8.241758241758241,"{""2015-2016"": 13, ""2017-2018"": 13, ""2021-2023"": 34}",34.57833333333333,34.1,31.95,37.55,1.6666666666666667,211.5623462853219,201.0,159.5,263.75,0.0,95.2,94.5,80.25,106.75,3.3333333333333335,42.18333333333334,41.0,36.0,48.25,0.0,55.28333333333333,55.0,53.75,57.25,0.0,110.84833333333333,109.15,104.82499999999999,117.05,3.3333333333333335,24.19908475568549,21.509999999999998,14.697500000000002,32.855000000000004,0.0,3.816829396266292,3.3899999999999997,2.48,5.6825,0.0
expanded8_recent_equal,12,K12-C04,73,10.027472527472527,"{""2015-2016"": 21, ""2017-2018"": 25, ""2021-2023"": 27}",27.726027397260275,27.7,24.75,30.25,2.73972602739726,80.13399021876991,76.0,63.0,100.0,5.47945205479452,115.15068493150685,119.0,101.0,135.0,5.47945205479452,57.67123287671233,57.0,51.0,64.0,5.47945205479452,49.31506849315069,50.0,47.0,51.0,0.0,93.16849315068494,93.4,86.7,99.85,2.73972602739726,8.203930525889145,7.45,5.5675,12.0075,6.8493150684931505,2.172445447736049,1.75,0.9,4.25,5.47945205479452
expanded8_recent_equal,12,K12-C08,96,13.186813186813188,"{""2015-2016"": 38, ""2017-2018"": 32, ""2021-2023"": 26}",30.63125,30.2,27.6,33.55,0.0,200.58183969396657,189.0,157.25,249.0,0.0,164.84375,160.0,145.5,183.25,8.333333333333332,48.447916666666664,48.0,41.0,53.25,0.0,55.739583333333336,55.0,54.0,58.0,0.0,103.52291666666666,103.3,98.15,108.7,1.0416666666666665,11.881807045862264,12.67,9.08,15.780000000000001,1.0416666666666665,4.240739240431687,3.9899999999999998,2.4850000000000003,6.525,0.0
expanded8_recent_equal,12,K12-C02,60,8.241758241758241,"{""2015-2016"": 24, ""2017-2018"": 15, ""2021-2023"": 21}",23.33,22.55,20.875,25.225,0.0,52.20027602270144,52.0,42.5,63.5,1.6666666666666667,99.9,99.0,79.0,118.5,1.6666666666666667,79.73333333333333,78.0,71.0,87.0,0.0,57.65,58.0,56.0,59.0,0.0,83.775,84.05,78.825,88.675,0.0,5.265358097915713,5.625,3.8375000000000004,7.2275,0.0,1.1063104787479683,0.7,0.475,1.49,1.6666666666666667
expanded8_recent_equal,12,K12-C09,62,8.516483516483516,"{""2015-2016"": 20, ""2017-2018"": 25, ""2021-2023"": 17}",38.814516129032256,38.9,35.8,42.8,1.6129032258064515,94.2251647847499,98.0,76.5,123.0,0.0,104.82258064516128,106.5,87.25,124.0,0.0,53.37096774193549,52.0,46.0,59.5,0.0,56.774193548387096,57.0,55.0,59.0,0.0,114.89516129032258,116.6,111.27499999999999,123.05,9.67741935483871,16.936646909466422,17.04,12.5,22.87,0.0,9.671776036222528,10.25,6.737500000000001,13.775,0.0
expanded8_recent_equal,12,K12-C07,75,10.302197802197801,"{""2015-2016"": 21, ""2017-2018"": 21, ""2021-2023"": 33}",34.772,34.650000000000006,31.425,37.275,1.3333333333333335,88.49987494871911,92.0,71.0,114.0,2.666666666666667,140.06666666666666,140.0,123.0,154.0,2.666666666666667,71.2,70.0,63.0,78.0,0.0,56.86666666666667,57.0,55.0,59.0,0.0,110.792,111.0,104.0,117.7,2.666666666666667,9.175800530141078,9.489999999999998,6.6175,12.0025,1.3333333333333335,3.3537819575996055,3.42,1.85,5.220000000000001,0.0
expanded8_recent_equal,12,K12-C01,38,5.21978021978022,"{""2015-2016"": 16, ""2017-2018"": 13, ""2021-2023"": 9}",22.339473684210525,21.8,19.85,24.9,0.0,63.28215157193849,63.0,50.0,72.5,7.894736842105263,114.94736842105263,110.0,92.0,133.0,7.894736842105263,96.52631578947367,93.0,87.25,102.25,0.0,51.71052631578947,52.0,50.0,53.75,0.0,83.24473684210527,82.94999999999999,77.92500000000001,89.2,0.0,4.308413332770614,3.955,3.1275,5.7775,0.0,0.9164166093761552,0.6,0.385,1.8,0.0
expanded8_recent_equal,12,K12-C03,78,10.714285714285714,"{""2015-2016"": 21, ""2017-2018"": 29, ""2021-2023"": 28}",23.892307692307693,23.7,21.4,26.0,0.0,102.98572529450895,102.0,80.5,121.0,2.564102564102564,154.5897435897436,155.5,137.0,169.25,2.564102564102564,60.01282051282051,60.0,53.0,66.0,1.282051282051282,55.43589743589744,55.0,53.25,58.0,0.0,84.8371794871795,84.75,79.125,90.05,0.0,6.256146308485845,6.19,4.86,8.05,1.282051282051282,1.0458546262777932,0.98,0.58,1.41,1.282051282051282
expanded8_recent_equal,12,K12-C12,28,3.8461538461538463,"{""2015-2016"": 10, ""2017-2018"": 11, ""2021-2023"": 7}",53.25714285714285,50.8,48.275,55.05,0.0,90.6254777216141,95.5,63.5,110.25,0.0,112.39285714285714,112.0,96.5,132.25,0.0,56.107142857142854,51.5,47.75,61.25,0.0,53.785714285714285,53.0,52.0,57.0,0.0,139.12142857142857,138.2,132.1,149.15,3.571428571428571,20.82626655030483,18.245,15.1975,28.3575,0.0,14.774289590980487,13.004999999999999,6.2425,34.3725,0.0
expanded8_recent_equal,12,K12-C06,92,12.637362637362637,"{""2015-2016"": 24, ""2017-2018"": 27, ""2021-2023"": 41}",28.36195652173913,27.95,26.35,30.7,2.1739130434782608,102.95481600045912,100.0,80.0,133.0,11.956521739130435,100.48913043478261,100.0,78.0,118.0,11.956521739130435,55.96739130434783,55.0,50.0,62.0,11.956521739130435,57.33695652173913,58.0,55.0,60.0,0.0,96.45760869565217,95.9,90.69999999999999,101.9,1.0869565217391304,10.208456791184215,10.485,7.96,13.015,13.043478260869565,2.1700505476849976,1.9,1.0350000000000001,3.325,9.782608695652174
expanded8_recent_equal,12,K12-C05,10,1.3736263736263736,"{""2015-2016"": 3, ""2017-2018"": 6, ""2021-2023"": 1}",24.65,23.85,22.175,27.85,0.0,77.36707088290582,74.0,55.0,92.0,10.0,124.5,118.0,113.0,136.0,10.0,59.3,57.5,47.25,64.0,0.0,58.1,58.5,56.25,59.75,0.0,86.6,84.25,83.625,92.2,0.0,4.023127362059576,4.465,2.425,6.725,0.0,41.767570277959116,41.155,28.2425,77.92,0.0
expanded8_recent_equal,12,K12-C11,56,7.6923076923076925,"{""2015-2016"": 18, ""2017-2018"": 17, ""2021-2023"": 21}",39.457142857142856,39.55,36.375,41.85,0.0,119.1606426086191,115.5,94.0,149.25,3.571428571428571,132.33928571428572,129.5,117.0,146.75,3.571428571428571,48.125,47.5,43.25,53.75,3.571428571428571,48.589285714285715,48.5,46.0,50.25,0.0,120.52678571428571,120.4,114.1,126.2,1.7857142857142856,20.431151849628208,20.585,14.59,30.715,3.571428571428571,7.356928447057047,6.7,4.734999999999999,10.4,1.7857142857142856
expanded8_recent_equal,13,K13-C09,44,6.043956043956044,"{""2015-2016"": 19, ""2017-2018"": 16, ""2021-2023"": 9}",31.052272727272726,30.75,27.525000000000002,34.575,0.0,192.95590068992024,190.0,161.25,251.25,0.0,192.8181818181818,183.5,171.75,198.25,0.0,46.52272727272727,46.5,40.75,52.0,0.0,54.86363636363637,55.0,52.75,58.0,0.0,105.16136363636363,103.7,99.94999999999999,112.25,2.272727272727273,13.74932155543963,14.02,9.9,18.115000000000002,2.272727272727273,4.868592442941897,4.695,2.9425,7.9475,0.0
expanded8_recent_equal,13,K13-C02,63,8.653846153846153,"{""2015-2016"": 21, ""2017-2018"": 17, ""2021-2023"": 25}",23.98888888888889,23.1,21.825,25.45,1.5873015873015872,58.43647136520451,61.5,46.5,72.5,1.5873015873015872,117.0,118.0,99.0,133.75,1.5873015873015872,73.11111111111111,73.0,66.0,78.0,0.0,57.79365079365079,58.0,56.0,59.5,0.0,85.41904761904762,84.75,80.125,89.275,1.5873015873015872,5.609218403715761,5.8,4.045,7.5600000000000005,0.0,1.076470383151766,0.71,0.515,1.3775,1.5873015873015872
expanded8_recent_equal,13,K13-C10,54,7.417582417582418,"{""2015-2016"": 19, ""2017-2018"": 20, ""2021-2023"": 15}",42.02777777777777,42.25,38.9,45.9,0.0,86.26170730569045,92.0,65.5,111.75,0.0,102.77777777777777,100.5,86.25,122.25,0.0,56.51851851851852,55.0,48.0,63.0,0.0,56.44444444444444,57.0,55.0,59.0,0.0,119.05925925925925,122.3,115.0,127.8,9.25925925925926,17.402575572739057,17.715,12.425,24.5025,0.0,11.979234052673606,12.02,7.9475,15.754999999999999,0.0
expanded8_recent_equal,13,K13-C12,38,5.21978021978022,"{""2015-2016"": 6, ""2017-2018"": 10, ""2021-2023"": 22}",36.75526315789473,35.9,34.1,39.6,2.631578947368421,211.37899822093976,210.0,156.25,281.5,0.0,95.94736842105263,94.5,77.5,116.25,5.263157894736842,44.18421052631579,45.5,37.0,50.0,0.0,54.76315789473684,55.0,52.25,57.75,0.0,115.19736842105263,115.94999999999999,108.425,125.75,5.263157894736842,36.1905592220788,31.055,23.9575,45.724999999999994,0.0,3.781373496652019,3.315,2.3649999999999998,6.050000000000001,0.0
expanded8_recent_equal,13,K13-C07,31,4.258241758241758,"{""2015-2016"": 11, ""2017-2018"": 10, ""2021-2023"": 10}",27.325806451612905,27.8,25.0,29.5,0.0,99.10791880524836,92.0,80.0,119.0,6.451612903225806,129.2258064516129,125.0,114.0,153.0,6.451612903225806,56.54838709677419,53.0,48.25,65.5,3.225806451612903,57.806451612903224,58.0,56.0,59.0,0.0,94.40322580645162,94.4,90.8,101.69999999999999,0.0,7.981816581647202,8.73,6.475,12.442499999999999,3.225806451612903,17.288609553970048,12.2,8.19,32.235,0.0
expanded8_recent_equal,13,K13-C04,75,10.302197802197801,"{""2015-2016"": 23, ""2017-2018"": 24, ""2021-2023"": 28}",27.357333333333333,27.6,24.5,29.7,2.666666666666667,80.58083366491313,75.0,63.5,100.0,5.333333333333334,116.49333333333334,120.0,101.5,134.0,5.333333333333334,58.32,57.0,51.0,66.0,5.333333333333334,49.52,50.0,48.0,51.0,0.0,92.60666666666667,93.0,86.4,98.3,2.666666666666667,7.454822872971396,6.74,5.08,10.2575,6.666666666666667,2.0714102657105276,1.7,0.9,4.005,5.333333333333334
expanded8_recent_equal,13,K13-C05,74,10.164835164835164,"{""2015-2016"": 20, ""2017-2018"": 21, ""2021-2023"": 33}",29.212162162162162,28.6,26.8,32.1,1.3513513513513513,99.24052797311113,99.0,80.0,128.0,12.162162162162163,92.41891891891892,89.0,75.0,109.0,12.162162162162163,55.432432432432435,54.0,48.0,61.0,12.162162162162163,57.0,57.0,55.0,60.0,0.0,98.02567567567567,97.25,92.125,103.075,0.0,10.409412070973305,10.545,8.1725,13.015,13.513513513513514,1.95682465265088,1.78,0.97,2.85,12.162162162162163
expanded8_recent_equal,13,K13-C03,73,10.027472527472527,"{""2015-2016"": 21, ""2017-2018"": 30, ""2021-2023"": 22}",24.424657534246577,24.3,22.1,26.7,0.0,111.96892881640592,108.0,93.5,133.75,4.10958904109589,157.12328767123287,155.5,143.0,171.5,4.10958904109589,56.89041095890411,56.0,52.0,64.0,2.73972602739726,55.534246575342465,55.0,54.0,58.0,0.0,85.69041095890411,85.0,79.0,92.1,0.0,7.315924813792816,6.95,5.225,9.485,2.73972602739726,1.292736257480056,1.1,0.6849999999999999,2.0525,1.36986301369863
expanded8_recent_equal,13,K13-C01,53,7.280219780219781,"{""2015-2016"": 22, ""2017-2018"": 17, ""2021-2023"": 14}",22.30943396226415,21.7,19.8,25.2,0.0,59.306214337606164,58.0,47.0,71.0,5.660377358490567,102.37735849056604,95.5,83.25,124.0,5.660377358490567,95.52830188679245,93.0,83.0,103.0,0.0,53.24528301886792,53.0,51.0,56.0,0.0,82.86226415094339,82.6,76.9,88.0,0.0,4.451912485640895,4.33,2.95,6.63,0.0,0.8886305751864411,0.6,0.38,1.8,0.0
expanded8_recent_equal,13,K13-C11,51,7.0054945054945055,"{""2015-2016"": 16, ""2017-2018"": 17, ""2021-2023"": 18}",39.1,39.3,36.3,41.400000000000006,0.0,112.54052697119967,115.0,91.0,140.0,3.9215686274509802,130.4313725490196,127.0,113.0,146.0,3.9215686274509802,47.6078431372549,47.0,40.0,53.0,3.9215686274509802,48.470588235294116,48.0,46.0,50.0,0.0,119.47058823529412,119.9,113.85,124.7,1.9607843137254901,20.14466244042226,19.54,15.5,29.92,3.9215686274509802,7.737257801576591,6.795,4.8149999999999995,11.7525,1.9607843137254901
expanded8_recent_equal,13,K13-C13,19,2.60989010989011,"{""2015-2016"": 7, ""2017-2018"": 7, ""2021-2023"": 5}",55.95789473684211,52.8,50.2,61.1,0.0,100.33364922418312,101.0,78.0,136.5,0.0,114.3157894736842,116.0,99.5,132.0,0.0,53.421052631578945,51.0,44.5,56.5,0.0,51.78947368421053,52.0,50.0,54.0,0.0,145.5421052631579,148.2,144.625,151.575,5.263157894736842,22.365662334458737,18.12,15.665,32.480000000000004,0.0,12.157275156304374,11.22,4.575,32.075,0.0
expanded8_recent_equal,13,K13-C06,63,8.653846153846153,"{""2015-2016"": 17, ""2017-2018"": 19, ""2021-2023"": 27}",34.9984126984127,34.7,32.225,37.375,1.5873015873015872,85.15250613395956,91.0,70.0,106.0,3.1746031746031744,142.3015873015873,142.0,126.0,155.0,3.1746031746031744,72.63492063492063,71.0,65.0,79.0,0.0,56.857142857142854,57.0,55.0,59.0,0.0,111.29206349206349,111.3,105.9,118.5,3.1746031746031744,9.350652164705265,9.835,6.6175,12.1075,1.5873015873015872,3.2286868922814684,3.56,1.795,5.109999999999999,0.0
expanded8_recent_equal,13,K13-C08,90,12.362637362637363,"{""2015-2016"": 27, ""2017-2018"": 26, ""2021-2023"": 37}",32.117777777777775,31.9,29.5,35.1,1.1111111111111112,196.54067787048152,178.0,146.25,240.0,0.0,123.3,125.0,106.25,141.75,8.88888888888889,48.15555555555556,47.0,41.0,54.75,0.0,56.24444444444445,56.0,54.0,58.0,0.0,106.19444444444444,105.0,101.6,111.3,1.1111111111111112,12.010764913284333,13.225,9.5725,15.21,0.0,3.6826286751061734,3.49,2.4025,5.6475,0.0
expanded8_recent_equal,14,K14-C14,29,3.983516483516483,"{""2015-2016"": 10, ""2017-2018"": 12, ""2021-2023"": 7}",52.69655172413793,50.3,48.4,54.5,0.0,93.11222868789513,97.0,72.0,110.0,0.0,111.89655172413794,112.0,97.0,125.0,0.0,53.06896551724138,51.0,45.0,58.0,0.0,51.758620689655174,52.0,50.0,54.0,0.0,140.53103448275863,143.95,133.075,149.425,3.4482758620689653,19.65307001672157,18.03,12.93,29.4,0.0,11.520394975812662,11.22,4.86,19.1,0.0
expanded8_recent_equal,14,K14-C12,52,7.142857142857142,"{""2015-2016"": 11, ""2017-2018"": 13, ""2021-2023"": 28}",35.82884615384616,35.1,33.150000000000006,39.099999999999994,1.9230769230769231,166.59646500246922,160.5,137.25,208.25,0.0,92.17307692307692,94.0,78.0,106.5,0.0,46.13461538461538,45.0,39.75,51.25,0.0,56.80769230769231,57.0,55.0,59.0,0.0,115.47307692307693,115.2,107.6,122.3,1.9230769230769231,26.444293999225604,26.625,16.365000000000002,37.73,0.0,3.2883332734138544,3.04,2.445,5.045,1.9230769230769231
expanded8_recent_equal,14,K14-C07,89,12.225274725274724,"{""2015-2016"": 28, ""2017-2018"": 24, ""2021-2023"": 37}",28.05056179775281,27.8,26.15,30.3,2.247191011235955,98.18948226930705,97.0,80.0,123.0,13.48314606741573,102.6067415730337,103.0,79.0,121.0,13.48314606741573,55.853932584269664,55.0,51.0,62.0,13.48314606741573,57.19101123595506,57.0,55.0,60.0,0.0,95.2685393258427,94.65,90.4,100.5,1.1235955056179776,9.542772194883419,9.695,6.880000000000001,12.585,14.606741573033707,2.142235630544601,1.7850000000000001,1.0475,3.405,10.112359550561797
expanded8_recent_equal,14,K14-C06,70,9.615384615384617,"{""2015-2016"": 20, ""2017-2018"": 25, ""2021-2023"": 25}",28.242857142857144,28.0,25.5,31.1,1.4285714285714286,80.85550678954138,77.5,63.0,100.0,5.714285714285714,117.01428571428572,119.5,102.25,134.75,5.714285714285714,57.0,56.5,51.0,63.0,5.714285714285714,49.67142857142857,50.5,48.0,51.0,0.0,95.06714285714285,94.25,89.125,101.175,2.857142857142857,8.82627656137528,8.81,6.26,12.35,7.142857142857142,2.295671374829705,1.82,1.0,4.24,5.714285714285714
expanded8_recent_equal,14,K14-C11,56,7.6923076923076925,"{""2015-2016"": 17, ""2017-2018"": 24, ""2021-2023"": 15}",39.846428571428575,40.3,36.849999999999994,43.9,1.7857142857142856,88.57570314263336,92.0,67.75,113.5,0.0,105.5,106.5,87.0,124.0,0.0,55.339285714285715,54.0,47.0,63.0,0.0,56.42857142857143,57.0,54.75,59.0,0.0,115.53392857142858,117.25,109.7,125.2,10.714285714285714,16.23084508957115,16.810000000000002,11.89,22.21,0.0,13.775555633166812,12.82,8.865,16.27,0.0
expanded8_recent_equal,14,K14-C13,52,7.142857142857142,"{""2015-2016"": 17, ""2017-2018"": 14, ""2021-2023"": 21}",38.18076923076923,38.4,35.6,40.425,0.0,132.3785030360378,120.5,101.25,171.25,3.8461538461538463,133.90384615384616,131.0,117.0,155.0,5.769230769230769,46.78846153846154,47.0,39.0,51.0,3.8461538461538463,48.78846153846154,48.0,46.0,51.0,0.0,117.3,118.75,111.5,123.5,3.8461538461538463,22.056592800438672,20.585,16.182499999999997,30.715,3.8461538461538463,7.300327896611335,6.77,4.87,9.75,1.9230769230769231
expanded8_recent_equal,14,K14-C03,64,8.791208791208792,"{""2015-2016"": 21, ""2017-2018"": 17, ""2021-2023"": 26}",22.953125,22.5,20.75,24.35,0.0,58.92921711762268,61.0,46.5,75.0,1.5625,112.359375,115.0,90.5,133.0,1.5625,74.5625,74.5,68.0,80.0,0.0,57.6875,58.0,56.0,59.25,0.0,83.1125,82.5,77.7,88.275,0.0,5.0101772502451425,5.45,3.415,7.26,0.0,1.0071941690242525,0.66,0.5,1.3,1.5625
expanded8_recent_equal,14,K14-C10,69,9.478021978021978,"{""2015-2016"": 30, ""2017-2018"": 23, ""2021-2023"": 16}",32.028985507246375,31.8,29.0,35.4,0.0,173.28287599334448,174.0,137.0,199.0,0.0,175.68115942028987,168.0,153.0,189.0,0.0,48.405797101449274,48.0,43.0,53.0,0.0,56.04347826086956,56.0,54.0,59.0,0.0,105.98550724637681,104.0,100.3,112.65,1.4492753623188406,13.086228548267902,13.9,9.47,16.89,0.0,4.891545521720138,4.58,2.99,7.57,0.0
expanded8_recent_equal,14,K14-C09,51,7.0054945054945055,"{""2015-2016"": 13, ""2017-2018"": 14, ""2021-2023"": 24}",29.856862745098038,29.5,27.5,31.65,0.0,268.2371672143853,247.0,209.5,318.5,0.0,117.56862745098039,118.0,104.0,133.75,17.647058823529413,47.13725490196079,45.0,37.0,54.5,0.0,55.03921568627451,55.0,53.0,58.0,0.0,101.13725490196079,102.4,96.8,105.8,0.0,11.39601113374502,12.64,9.26,14.42,0.0,3.544393054031354,3.18,2.295,5.38,0.0
expanded8_recent_equal,14,K14-C08,69,9.478021978021978,"{""2015-2016"": 18, ""2017-2018"": 20, ""2021-2023"": 31}",34.846376811594205,34.650000000000006,31.8,37.225,1.4492753623188406,88.05868948655974,93.0,72.0,114.0,2.898550724637681,140.28985507246378,142.0,124.5,154.5,2.898550724637681,70.04347826086956,69.0,64.0,77.0,0.0,56.94202898550725,57.0,55.0,59.0,0.0,110.71739130434783,111.0,104.1,117.95,2.898550724637681,9.71369232657198,9.955,7.59,12.24,1.4492753623188406,3.424215438883809,3.42,1.9,5.4,0.0
expanded8_recent_equal,14,K14-C02,29,3.983516483516483,"{""2015-2016"": 14, ""2017-2018"": 9, ""2021-2023"": 6}",24.806896551724137,24.9,20.4,26.2,0.0,58.15196446607252,56.0,50.5,72.5,6.896551724137931,107.72413793103448,105.0,89.5,125.0,6.896551724137931,105.37931034482759,101.0,96.0,112.0,0.0,55.82758620689655,56.0,53.0,58.0,0.0,89.24137931034483,87.3,82.2,93.6,0.0,6.1564065056323525,6.75,3.93,8.42,0.0,1.3593260069713269,1.37,0.5,2.3,0.0
expanded8_recent_equal,14,K14-C04,58,7.967032967032966,"{""2015-2016"": 16, ""2017-2018"": 23, ""2021-2023"": 19}",24.082758620689656,24.05,22.025,26.0,0.0,113.82551704483011,109.0,98.0,135.0,1.7241379310344827,163.58620689655172,161.0,149.0,179.0,1.7241379310344827,57.189655172413794,56.5,51.0,64.75,0.0,55.241379310344826,55.0,53.0,57.0,0.0,84.90172413793104,84.44999999999999,79.125,90.95,0.0,6.862961031845183,6.73,5.12,8.65,1.7241379310344827,1.0093669135602583,0.985,0.6,1.3775,0.0
expanded8_recent_equal,14,K14-C05,8,1.098901098901099,"{""2015-2016"": 2, ""2017-2018"": 5, ""2021-2023"": 1}",22.987499999999997,22.75,21.25,25.375,0.0,75.15171827060213,73.0,55.0,87.5,12.5,127.25,129.0,114.5,145.0,12.5,58.125,51.0,47.0,63.75,0.0,58.125,58.5,56.75,59.25,0.0,83.9375,84.0,81.5,86.275,0.0,3.37285805798218,3.38,1.895,6.475,0.0,47.63197832332624,41.155,29.9275,93.04,0.0
expanded8_recent_equal,14,K14-C01,32,4.395604395604396,"{""2015-2016"": 12, ""2017-2018"": 11, ""2021-2023"": 9}",22.9625,22.6,20.55,24.85,3.125,62.422675476766656,63.0,50.5,69.5,3.125,111.375,110.0,85.5,140.0,3.125,80.125,78.5,71.75,90.0,0.0,49.4375,50.0,47.0,52.0,0.0,81.8375,80.25,76.275,86.1,0.0,3.554815609312606,3.63,2.6225,4.7625,0.0,0.9496508676928411,0.55,0.4,1.2525,0.0
expanded8_recent_equal,15,K15-C09,63,8.653846153846153,"{""2015-2016"": 17, ""2017-2018"": 16, ""2021-2023"": 30}",30.696825396825396,30.2,28.0,33.1,0.0,238.6941101285271,219.0,177.0,291.5,0.0,111.41269841269842,107.5,95.75,123.75,14.285714285714285,46.98412698412699,45.0,39.0,54.0,0.0,55.23809523809524,55.0,54.0,57.5,0.0,102.55238095238096,103.8,98.6,106.7,0.0,12.1943832832034,13.04,10.21,15.495000000000001,0.0,3.795860376263714,3.32,2.465,5.635,0.0
expanded8_recent_equal,15,K15-C01,25,3.4340659340659343,"{""2015-2016"": 13, ""2017-2018"": 6, ""2021-2023"": 6}",24.796,24.9,20.4,26.2,0.0,55.43033411526312,55.5,47.25,69.5,4.0,106.24,102.5,90.0,123.75,4.0,107.36,103.0,97.0,120.0,0.0,56.28,57.0,54.0,59.0,0.0,88.624,86.6,81.8,93.6,0.0,6.338311519034534,6.75,4.33,8.42,0.0,1.4246379963048434,1.37,0.52,2.3,0.0
expanded8_recent_equal,15,K15-C13,48,6.593406593406594,"{""2015-2016"": 16, ""2017-2018"": 15, ""2021-2023"": 17}",39.99166666666667,39.900000000000006,36.724999999999994,42.324999999999996,0.0,107.52544865038004,110.0,82.75,136.75,4.166666666666666,127.875,123.5,110.0,139.5,4.166666666666666,47.916666666666664,47.0,41.5,53.75,4.166666666666666,47.979166666666664,47.5,46.0,50.0,0.0,121.32291666666666,121.4,113.9,128.65,2.083333333333333,19.40398349123177,19.314999999999998,15.3125,29.9425,4.166666666666666,7.389372484148047,6.3,4.575,10.85,2.083333333333333
expanded8_recent_equal,15,K15-C06,69,9.478021978021978,"{""2015-2016"": 19, ""2017-2018"": 20, ""2021-2023"": 30}",28.605797101449276,28.5,26.6,30.9,0.0,96.76703026610623,97.0,80.0,127.0,8.695652173913043,90.69565217391303,88.0,74.0,109.5,8.695652173913043,55.594202898550726,54.0,48.0,61.5,8.695652173913043,56.869565217391305,57.0,55.0,60.0,0.0,97.02608695652174,96.6,91.1,102.4,0.0,10.27653875312317,10.344999999999999,8.057500000000001,13.145,10.144927536231885,1.8342481536445476,1.66,0.895,2.66,8.695652173913043
expanded8_recent_equal,15,K15-C08,70,9.615384615384617,"{""2015-2016"": 19, ""2017-2018"": 17, ""2021-2023"": 34}",31.934285714285714,32.05,29.35,34.075,2.857142857142857,89.56651544044396,92.5,74.25,116.5,5.714285714285714,142.0,142.0,126.25,154.75,5.714285714285714,68.11428571428571,69.0,62.0,74.75,5.714285714285714,57.44285714285714,58.0,56.0,59.0,0.0,103.91714285714286,103.2,97.8,108.19999999999999,2.857142857142857,9.668545023731271,9.445,7.825,12.075,5.714285714285714,4.235364847721057,4.23,2.715,7.2,4.285714285714286
expanded8_recent_equal,15,K15-C05,72,9.89010989010989,"{""2015-2016"": 24, ""2017-2018"": 22, ""2021-2023"": 26}",28.554166666666667,28.0,25.700000000000003,31.299999999999997,1.3888888888888888,81.25291083595724,77.5,62.75,100.0,5.555555555555555,119.55555555555556,122.0,106.75,135.0,5.555555555555555,58.18055555555556,57.0,51.0,64.0,5.555555555555555,49.80555555555556,51.0,48.0,51.25,0.0,95.75138888888888,94.55,89.475,102.3,2.7777777777777777,8.516923395252595,8.14,6.1475,11.785,8.333333333333332,2.3614721335473376,1.9,1.0075,4.2675,5.555555555555555
expanded8_recent_equal,15,K15-C11,50,6.868131868131869,"{""2015-2016"": 14, ""2017-2018"": 22, ""2021-2023"": 14}",37.196,36.75,34.375,39.775,0.0,133.0518090916655,132.0,113.25,158.5,4.0,136.57999999999998,141.0,123.0,154.0,4.0,50.54,49.0,42.0,56.0,0.0,57.86,58.0,56.25,60.0,0.0,117.236,117.85,112.5,122.07499999999999,0.0,12.347790358212572,13.504999999999999,8.4575,17.46,0.0,3.2272136269909635,3.205,2.1025,4.5225,0.0
expanded8_recent_equal,15,K15-C04,68,9.340659340659341,"{""2015-2016"": 19, ""2017-2018"": 28, ""2021-2023"": 21}",23.87794117647059,23.95,21.075000000000003,26.0,0.0,113.86010117471587,109.0,98.0,135.0,4.411764705882353,156.98529411764707,158.0,142.0,174.0,4.411764705882353,57.25,56.0,52.0,64.75,2.941176470588235,55.470588235294116,55.0,53.75,58.0,0.0,84.50441176470588,84.0,78.5,90.45,0.0,7.017516542176292,6.925000000000001,5.125,8.665,2.941176470588235,1.121737349613863,1.02,0.6,1.4249999999999998,1.4705882352941175
expanded8_recent_equal,15,K15-C07,11,1.510989010989011,"{""2015-2016"": 4, ""2017-2018"": 6, ""2021-2023"": 1}",24.936363636363637,24.9,22.35,28.0,0.0,77.42439974014957,76.0,59.5,89.75,9.090909090909092,120.9090909090909,116.0,111.5,134.25,9.090909090909092,57.45454545454545,54.0,47.0,64.0,0.0,58.09090909090909,58.0,56.5,59.5,0.0,87.93636363636364,84.5,83.75,94.35,0.0,4.591090864279924,5.51,2.73,6.925,0.0,40.13864643528128,33.7,27.15,68.39,0.0
expanded8_recent_equal,15,K15-C15,22,3.021978021978022,"{""2015-2016"": 9, ""2017-2018"": 8, ""2021-2023"": 5}",54.57727272727273,52.05,49.2,59.55,0.0,87.12613645122089,88.0,61.25,109.75,0.0,110.5,112.0,95.5,124.5,0.0,55.5,51.0,46.25,61.0,0.0,52.68181818181818,53.0,51.25,54.0,0.0,141.7,144.7,134.2,149.8,4.545454545454546,20.273782226366034,18.075000000000003,15.1125,28.349999999999998,0.0,15.611789154849683,13.004999999999999,6.285,36.0575,0.0
expanded8_recent_equal,15,K15-C14,32,4.395604395604396,"{""2015-2016"": 6, ""2017-2018"": 6, ""2021-2023"": 20}",36.609375,35.9,33.900000000000006,39.25,3.125,203.33340464476976,201.0,150.0,280.5,0.0,94.375,92.0,76.0,117.5,3.125,44.375,45.0,37.0,49.25,0.0,55.25,55.0,53.0,58.0,0.0,115.7875,116.65,108.775,125.325,6.25,42.21773749017697,37.12,27.845,51.5925,0.0,4.393733614638436,4.16,2.6075,7.7075000000000005,0.0
expanded8_recent_equal,15,K15-C10,51,7.0054945054945055,"{""2015-2016"": 21, ""2017-2018"": 18, ""2021-2023"": 12}",30.809803921568626,30.6,27.6,33.7,0.0,185.42795922571617,184.0,155.5,216.0,0.0,186.7843137254902,175.0,162.5,194.0,0.0,47.431372549019606,48.0,43.0,52.0,0.0,54.529411764705884,54.0,52.5,57.5,0.0,104.38627450980393,103.6,99.875,111.425,1.9607843137254901,13.894410900770318,14.094999999999999,10.225000000000001,18.1675,1.9607843137254901,5.2617535893613185,5.5,3.4299999999999997,8.32,0.0
expanded8_recent_equal,15,K15-C12,49,6.730769230769231,"{""2015-2016"": 16, ""2017-2018"": 19, ""2021-2023"": 14}",41.14081632653061,41.2,37.9,44.1,2.0408163265306123,90.64310364757836,96.0,74.0,112.0,0.0,103.24489795918367,100.0,87.0,124.0,0.0,56.775510204081634,54.0,48.0,63.0,0.0,56.61224489795919,57.0,55.0,59.0,0.0,117.4265306122449,121.5,114.5,126.2,12.244897959183673,18.305186712343748,18.39,12.73,24.85,0.0,11.337204216070027,12.15,7.93,15.29,0.0
expanded8_recent_equal,15,K15-C03,64,8.791208791208792,"{""2015-2016"": 20, ""2017-2018"": 18, ""2021-2023"": 26}",23.0859375,22.5,20.85,24.4,1.5625,59.10128981023229,62.0,46.5,77.5,1.5625,111.984375,115.0,90.5,132.5,1.5625,74.703125,74.5,67.75,80.5,0.0,57.59375,58.0,56.0,59.0,0.0,83.55,82.8,78.05,88.35,1.5625,4.859800080801364,5.215,3.0975,6.98,0.0,0.999120360325249,0.66,0.5,1.3,1.5625
expanded8_recent_equal,15,K15-C02,34,4.670329670329671,"{""2015-2016"": 12, ""2017-2018"": 13, ""2021-2023"": 9}",23.21764705882353,22.6,20.8,24.9,2.941176470588235,62.86776691989575,63.0,50.75,69.25,5.88235294117647,110.55882352941177,107.0,86.25,134.75,5.88235294117647,81.47058823529412,83.0,72.5,91.5,0.0,49.73529411764706,50.5,47.25,52.0,0.0,83.2235294117647,82.1,76.725,88.67500000000001,0.0,3.6871241252370206,3.6550000000000002,2.7375,4.827500000000001,0.0,0.8485324527775195,0.5,0.385,1.15,0.0
