specification,k,centroid_id,n,share_percent,z_bmi,z_triglycerides,z_ldl,z_hdl,z_age,z_waist_circumference,z_fasting_insulin,z_crp
core6_all_equal,2,K02-C02,604,43.895348837209305,0.7937482076919143,0.4507592036654749,-0.07238189914413358,-0.5444862063167322,-0.08306907491671021,0.8346271577364494,,
core6_all_equal,2,K02-C01,772,56.104651162790695,-0.6210154371061033,-0.35266652722013864,0.056630397775980265,0.42599698007164044,0.06499186690374753,-0.652998449835266,,
core6_all_equal,3,K03-C02,323,23.473837209302324,-0.1524037500473105,1.0747738308239543,0.7324973968220618,-0.7024652454554055,0.10175460984662468,-0.028141527860835517,,
core6_all_equal,3,K03-C01,645,46.875,-0.6434444023051993,-0.49678451139639834,-0.12547181544621527,0.5878403330733293,0.04400210202798747,-0.6821956709764636,,
core6_all_equal,3,K03-C03,408,29.651162790697676,1.1378628694905375,-0.06550474878789303,-0.3815375936537183,-0.37318808958382677,-0.15011787938360682,1.1007498070560264,,
core6_all_equal,4,K04-C03,121,8.793604651162791,0.11660903939888324,2.302179286250376,-0.1931286568447304,-1.0092676549603727,-0.11858719075120742,0.29692700250930654,,
core6_all_equal,4,K04-C02,482,35.02906976744186,-0.3301292010255627,9.385001855114562e-05,0.6654111175300873,-0.29751492235360677,0.19825542996092577,-0.2878027287271992,,
core6_all_equal,4,K04-C04,378,27.47093023255814,1.1903593650383382,-0.12433011081047467,-0.3565789363012407,-0.33547815531852737,-0.16342701641332205,1.1351712581018372,,
core6_all_equal,4,K04-C01,395,28.706395348837212,-0.772008250271977,-0.5863598669845009,-0.41157659050486267,0.9932514469241692,-0.04920165811654241,-0.826080981315495,,
core6_all_equal,5,K05-C05,288,20.930232558139537,1.3970809512956048,-0.07724911154500855,-0.3127913735094487,-0.320189835108835,0.1046573677814911,1.3322505316320075,,
core6_all_equal,5,K05-C03,288,20.930232558139537,-0.12729606203071278,-0.3180621013637085,-0.2841242389256146,-0.21723380437733278,-1.1170006346800803,-0.14030062721905112,,
core6_all_equal,5,K05-C01,291,21.148255813953487,-0.8741293426446843,-0.5971243689798895,-0.341692188883465,1.2513615170492485,0.2568797985808445,-0.9395829141879828,,
core6_all_equal,5,K05-C04,109,7.921511627906977,0.14077457770708549,2.4477441373230895,-0.17656809278487173,-1.0044455234949037,-0.057627958941492065,0.33407098408488883,,
core6_all_equal,5,K05-C02,400,29.069767441860467,-0.31667709592188364,0.05202177430660385,0.7264751136498441,-0.24970907807092652,0.5577107175109771,-0.26569170426872846,,
core6_all_equal,6,K06-C05,100,7.267441860465117,0.1372650673715047,2.519813334201878,-0.2578838106181796,-1.0232156358132192,-0.17153033896186268,0.35407579096302916,,
core6_all_equal,6,K06-C01,242,17.587209302325583,-0.9379058814954977,-0.5909571499326527,-0.1921085693561757,1.4167508146401184,0.27280172323482255,-1.0053583295385675,,
core6_all_equal,6,K06-C03,272,19.767441860465116,-0.32443453252875587,0.21544830589420383,1.2342870998521274,-0.2729264663792714,0.3646047066321581,-0.2729592947832737,,
core6_all_equal,6,K06-C02,239,17.36918604651163,-0.2841889160324085,-0.3724228309747005,-0.20544273947039748,-0.11032867886275524,-1.2898449638957492,-0.3138131153645301,,
core6_all_equal,6,K06-C06,241,17.51453488372093,1.5439406139038103,-0.07060103006065195,-0.16697946969599378,-0.36246484201328044,-0.18634241384291922,1.4868136431262862,,
core6_all_equal,6,K06-C04,282,20.49418604651163,-0.003998893896051689,-0.21773264495476835,-0.6158005259834018,-0.18705306846303557,0.724232022483382,0.001060512561430582,,
core6_all_equal,7,K07-C07,172,12.5,1.6325902391052443,-0.09578909526682478,-0.3084169942462893,-0.25643234631032313,0.5177619994660503,1.554973310977973,,
core6_all_equal,7,K07-C03,285,20.712209302325583,-0.26580396992392746,-0.2607686988939649,-0.6103130217643247,-0.11410968216708495,0.7181339250547635,-0.2813399173913635,,
core6_all_equal,7,K07-C04,256,18.6046511627907,-0.2798041059837434,0.2245610845043644,1.270615423910926,-0.2594667884120918,0.4354350103165014,-0.21237708326836213,,
core6_all_equal,7,K07-C01,181,13.154069767441861,-0.9051373526448661,-0.6321658790677498,-0.15434153650030125,1.768165695272053,0.23191681558995816,-0.957823390509668,,
core6_all_equal,7,K07-C06,85,6.1773255813953485,0.06725384115765692,2.734484842125365,-0.2778585904365468,-0.9914285484090769,-0.01870696524949508,0.3128378853157245,,
core6_all_equal,7,K07-C02,206,14.970930232558139,-0.6428378183559715,-0.4184678240106943,-0.07163810766847621,0.04061933999602505,-1.1305112274307894,-0.6931528623047252,,
core6_all_equal,7,K07-C05,191,13.880813953488373,0.8225986196110492,0.007865707928618824,-0.1674312347363124,-0.529230510220738,-1.1135923241603412,0.8202057767026425,,
core6_all_equal,8,K08-C01,168,12.209302325581394,-0.8957901261258132,-0.648094885370557,-0.1641222802025884,1.8540734424617489,0.19584390182582986,-0.9492421862175054,,
core6_all_equal,8,K08-C06,165,11.991279069767442,0.7480212121336752,0.1167847895661632,-0.023340761527523027,-0.6231518039819727,-1.257404839706617,0.7864019594963487,,
core6_all_equal,8,K08-C02,177,12.863372093023257,-0.562205326534296,-0.49040121552894755,-0.18637930208681072,0.11112150331917311,-1.253503058367242,-0.6197335748646106,,
core6_all_equal,8,K08-C03,273,19.84011627906977,-0.5911021985314202,-0.26357224353239167,-0.39037807408625486,-0.050007502360858755,0.6635913913787068,-0.6001961736134009,,
core6_all_equal,8,K08-C08,72,5.232558139534884,2.4978075182257267,-0.1836607597627671,-0.37593526131370764,-0.27312422106014816,0.04463126523839667,2.181216807727022,,
core6_all_equal,8,K08-C04,216,15.69767441860465,-0.3004248339801811,0.2393322464435983,1.407331941170374,-0.24286775488599252,0.3174259472182815,-0.24610394239635955,,
core6_all_equal,8,K08-C07,79,5.741279069767442,0.031572571928966564,2.82937862477194,-0.24526646181530146,-1.007045661105968,0.00011199503349850388,0.28511122181063536,,
core6_all_equal,8,K08-C05,226,16.424418604651162,0.7485232230364758,-0.061189365782425106,-0.3830157209158677,-0.2777522904088627,0.6350524344356226,0.7764300476640634,,
core6_all_equal,9,K09-C02,197,14.31686046511628,-0.7512734289112833,-0.33763814239659967,0.7657087054512899,0.2932416715630719,0.5597562484694484,-0.795197275543,,
core6_all_equal,9,K09-C08,66,4.796511627906977,0.06288679035086843,3.0833612314333076,-0.3562293119591906,-1.0076839831771525,0.0028205100739363397,0.34231881971837164,,
core6_all_equal,9,K09-C04,238,17.296511627906977,-0.39296922757122266,-0.22194444693028179,-0.7106339130753747,-0.12539521638563073,0.5600274318412549,-0.38306717705850674,,
core6_all_equal,9,K09-C09,57,4.142441860465116,2.6608625861317345,-0.1517820612873274,-0.4945336883557629,-0.3372643905813847,-0.037954684591094544,2.3335028001474454,,
core6_all_equal,9,K09-C05,156,11.337209302325581,-0.038785687064675875,0.6710981578261195,1.3677708558770685,-0.5891362011013309,0.18614459041041573,0.07899325551915523,,
core6_all_equal,9,K09-C03,165,11.991279069767442,-0.6172220464100121,-0.43591676464828727,-0.0464476321941906,0.015718063598383566,-1.3326641990026455,-0.6706612373423256,,
core6_all_equal,9,K09-C01,139,10.101744186046512,-0.862563216659189,-0.6509974615691984,-0.36938770668565446,2.0187607664396627,0.0899808062822017,-0.8962598268954403,,
core6_all_equal,9,K09-C06,196,14.244186046511627,0.8964197624865313,-0.07918642469507825,-0.29232741850668104,-0.24031651873650775,0.7117806036911958,0.9136390611797179,,
core6_all_equal,9,K09-C07,162,11.773255813953488,0.8426461456960684,-0.014885119984395314,-0.16975200172292793,-0.5325454032570766,-1.2524586000433706,0.8318978995158481,,
core6_all_equal,10,K10-C01,137,9.956395348837209,-0.9450137322938555,-0.642746500880097,-0.2226425263229936,1.9857921337077542,0.0560847911271581,-0.9954410936228871,,
core6_all_equal,10,K10-C08,133,9.665697674418606,0.9763956830365526,-0.01601487180707522,-0.0833733789408428,-0.583714303027516,-1.3932999646745892,0.9116886065930636,,
core6_all_equal,10,K10-C07,146,10.61046511627907,0.5109373818266886,0.1832534758572356,-1.0521680864186636,-0.6654681534356737,0.47897796594768016,0.6000622435198484,,
core6_all_equal,10,K10-C06,146,10.61046511627907,0.2752555483972201,0.8020349277026552,0.8669239031793212,-0.7085732559303614,0.4022631476483443,0.4549742053399943,,
core6_all_equal,10,K10-C04,167,12.136627906976743,-0.5779434551576186,-0.4295609176206999,-0.1718486680781685,-0.002456678848164308,-1.3257276489207646,-0.6218208682700879,,
core6_all_equal,10,K10-C09,48,3.488372093023256,-0.015494986665042,3.520125171916862,-0.3052674411768145,-1.0606327989819249,-0.1548921178625937,0.21169469836489008,,
core6_all_equal,10,K10-C02,197,14.31686046511628,-0.7660153720804438,-0.2964096767704407,-0.5123165059989293,0.03767436337121811,0.7204323962647912,-0.7963617191648712,,
core6_all_equal,10,K10-C05,166,12.063953488372094,0.36651676594656263,-0.4509757746653341,0.10205762387943336,0.4866695148540434,0.4757028178641832,0.37003891745867823,,
core6_all_equal,10,K10-C03,162,11.773255813953488,-0.6633558605583476,-0.018197398374336583,1.405554134374477,-0.061889262770208626,0.2580574076138437,-0.6730901536567222,,
core6_all_equal,10,K10-C10,74,5.377906976744186,2.4271526838125057,-0.19854770139618258,-0.428744360094523,-0.2793481487866636,0.20403061481610027,2.152238734665258,,
core6_all_equal,11,K11-C02,150,10.901162790697674,-0.8378063358777127,-0.084473077794889,0.9190039704734727,-0.007203501685067794,0.6019440370187897,-0.8992078313088001,,
core6_all_equal,11,K11-C11,73,5.305232558139535,2.498960962435994,-0.17842628743794084,-0.3177842795328561,-0.2816669523772042,0.0353661905645638,2.1369865715857808,,
core6_all_equal,11,K11-C01,134,9.738372093023257,-0.9587235983480537,-0.6384630989059126,-0.26389363152753226,1.9943294740924438,0.06966632671527266,-1.0077660928260128,,
core6_all_equal,11,K11-C07,136,9.883720930232558,0.2903435213552921,0.8292886599001492,0.5624778149674213,-0.7770525866045436,0.6501638456565565,0.4686030391277471,,
core6_all_equal,11,K11-C10,47,3.4156976744186043,-0.045862696274436864,3.534493460778837,-0.4174273266094302,-1.0036068707139683,-0.020413501556877576,0.16906570884004168,,
core6_all_equal,11,K11-C09,133,9.665697674418606,0.8301771162312037,0.10667074245986143,-0.18339649383780127,-0.6829009139442974,-1.3804849034941509,0.8541128138218497,,
core6_all_equal,11,K11-C06,77,5.59593023255814,-0.24895985708057727,0.415435373392162,1.8307896879072867,-0.48336954986483394,-0.6696650813947764,-0.16497479828000963,,
core6_all_equal,11,K11-C03,172,12.5,-0.6652169420239159,-0.3938626381992683,-0.7538196131345448,0.007080364904126698,0.6876360662765111,-0.6765251310318674,,
core6_all_equal,11,K11-C08,126,9.156976744186046,0.7605457732884705,-0.0037330657948851697,-1.0093605663374279,-0.5610409110824719,0.5277387303739661,0.8130610945420635,,
core6_all_equal,11,K11-C05,169,12.281976744186046,0.31703416855381744,-0.4212628362199162,0.2591678072784136,0.5326506290933305,0.41570353644737895,0.34324862843945314,,
core6_all_equal,11,K11-C04,159,11.555232558139535,-0.577668460580645,-0.4680621862527857,-0.24975171022759063,0.09277604125770862,-1.3177682473846748,-0.6461674753424748,,
core6_all_equal,12,K12-C07,135,9.811046511627906,0.4325947871206745,0.3859909000636804,0.7133269625321911,-0.5955236772936527,0.7895185621487603,0.5367134275082589,,
core6_all_equal,12,K12-C06,71,5.159883720930233,-0.2609578097139633,0.44167280203194814,1.8752671444002025,-0.46633472219260935,-0.7277418978949666,-0.1778775024146187,,
core6_all_equal,12,K12-C05,127,9.229651162790697,0.41303183021505924,-0.4756415377771546,0.06595571594826355,0.8061951346283389,0.07189830705014272,0.3925239989919012,,
core6_all_equal,12,K12-C11,20,1.4534883720930232,-0.16876675049668932,4.8899517756515225,0.013937769026435228,-0.8574102011788454,-0.19344409358041215,0.18405154732695156,,
core6_all_equal,12,K12-C12,65,4.723837209302325,2.556107266917839,-0.1850366292478197,-0.39718102934159394,-0.2683400789727815,0.13994465189837427,2.232670823961052,,
core6_all_equal,12,K12-C04,149,10.828488372093023,-0.6398964218584613,-0.4478083933894025,-0.24287332591746927,0.003233963827359118,-1.3376656434617185,-0.7046520151201764,,
core6_all_equal,12,K12-C08,87,6.3226744186046515,0.03040233020966491,1.7471068086735715,-0.4394765283463599,-0.9920340868801755,0.00918117262431059,0.24003519474607177,,
core6_all_equal,12,K12-C01,129,9.375,-0.9890543294131632,-0.6720362506568371,-0.26993131623279154,1.998495295537225,0.07420193612762492,-1.055335215900958,,
core6_all_equal,12,K12-C09,118,8.575581395348838,0.7590481323210557,-0.06622160727996064,-1.037686175688031,-0.5269993341278527,0.4990470599021859,0.8115149664066104,,
core6_all_equal,12,K12-C10,121,8.793604651162791,0.9900999474587078,-0.005637616981373649,-0.07343839152098476,-0.6536916640541786,-1.400411037584632,0.9525348463755714,,
core6_all_equal,12,K12-C02,165,11.991279069767442,-0.7759283436654076,-0.129114925714858,0.937339854175152,0.030387865379792413,0.5886629736136083,-0.807054543083988,,
core6_all_equal,12,K12-C03,189,13.73546511627907,-0.614566113636303,-0.410659370979912,-0.6686021698667814,0.05289320414444586,0.704233990970161,-0.6142081698175154,,
core6_all_equal,13,K13-C13,59,4.287790697674419,2.64918951745217,-0.21700810490895567,-0.4251822314068215,-0.26289628192971315,0.016201619154486445,2.2926602458138916,,
core6_all_equal,13,K13-C03,158,11.482558139534884,-0.7445692858389096,-0.10325987105410894,0.9555343316561956,-0.016625135455754263,0.61653265940901,-0.7666918741086602,,
core6_all_equal,13,K13-C10,134,9.738372093023257,0.9071046587553687,-0.0014000571499057134,-0.1646169577865213,-0.6452085078171172,-1.3185682113089205,0.8851063048669718,,
core6_all_equal,13,K13-C08,108,7.848837209302325,0.3726389900899981,0.44823162217284973,0.9059904247275089,-0.6053850440467108,0.7187272149242281,0.5152495310396138,,
core6_all_equal,13,K13-C07,70,5.087209302325581,-0.27065332375066276,0.45281289033556077,1.8796988350172577,-0.48871354908520415,-0.7604190146635166,-0.19119533462962196,,
core6_all_equal,13,K13-C05,171,12.42732558139535,-0.2712845775654412,-0.2719512043099579,-0.7628889457574309,-0.26967392228590226,0.5828638348168038,-0.2440181553080551,,
core6_all_equal,13,K13-C01,74,5.377906976744186,-0.8823536549252657,-0.6904759756664244,-0.1789178884981688,2.5214193281453245,-0.10855297208513054,-0.9391333979841202,,
core6_all_equal,13,K13-C04,136,9.883720930232558,-0.6739697632581173,-0.4557812565791733,-0.18173601307958162,0.03319777961806964,-1.3997748012584033,-0.7381197100839377,,
core6_all_equal,13,K13-C12,15,1.0901162790697674,-0.19372308886429684,5.361093264998944,-0.053263327858459455,-0.953222344063672,-0.4531626668372943,0.16538801860070002,,
core6_all_equal,13,K13-C02,136,9.883720930232558,-1.0309484100342186,-0.5876867654160363,-0.43706791180790294,0.8434481458406823,0.47471058155379137,-1.110776255401627,,
core6_all_equal,13,K13-C11,108,7.848837209302325,0.9843139500803808,0.05911419040906567,-0.7006389739642666,-0.6210735820629397,0.74578123297182,1.0187567690332449,,
core6_all_equal,13,K13-C09,82,5.959302325581396,-0.00035059666260417655,1.9984384991237238,-0.39311556496673716,-0.9240482230209497,0.05419914966986197,0.23215758708568818,,
core6_all_equal,13,K13-C06,125,9.084302325581394,0.46935885231213,-0.4956954510682722,0.026390543714493276,0.8131098092286436,0.07926040833931419,0.4490575573173713,,
core6_all_equal,14,K14-C02,140,10.174418604651162,-1.0220847772526438,-0.5837796876074277,-0.46763743838776634,0.8780142515245184,0.45005504998016654,-1.1018131199326842,,
core6_all_equal,14,K14-C12,102,7.412790697674419,1.1017390939962486,-0.019264589673769525,0.031175025170179765,-0.6155364509983883,-1.438565488900171,1.080116946100931,,
core6_all_equal,14,K14-C10,79,5.741279069767442,0.10609913754243491,2.0549058081613714,-0.46365700658718845,-0.9450007557868129,0.03709723489602918,0.3426893127529282,,
core6_all_equal,14,K14-C05,136,9.883720930232558,-0.4781093850189112,-0.11090798194519984,-0.5151196059689301,-0.39039274682011127,0.8417301646259019,-0.4636708482294593,,
core6_all_equal,14,K14-C11,124,9.011627906976743,1.0938629622696259,-0.0435797956403639,-0.41691903318685597,-0.4965774416760908,0.7899258269365733,1.1393334169330653,,
core6_all_equal,14,K14-C07,60,4.3604651162790695,-0.27884727158204414,0.42752235433028507,1.9559123239042082,-0.4943326070889759,-0.8752053483797279,-0.21064938632849095,,
core6_all_equal,14,K14-C14,48,3.488372093023256,2.810679260260808,-0.22685211717705825,-0.5641288092793425,-0.2474902705514883,-0.04329429341627712,2.4081178617046413,,
core6_all_equal,14,K14-C08,110,7.994186046511628,0.2301152291267533,-0.21562698364585745,-1.026993507211015,-0.3295723958315277,-0.596303016870917,0.1726229371120772,,
core6_all_equal,14,K14-C01,73,5.305232558139535,-0.8068589824264389,-0.689622627245442,-0.166361064298791,2.5450330381398154,-0.1247342997992678,-0.8618578949598044,,
core6_all_equal,14,K14-C04,132,9.593023255813954,-0.6632873670851945,-0.48669317114004,-0.08214691619179391,0.10355350176456914,-1.410137068866204,-0.725197522581372,,
core6_all_equal,14,K14-C03,127,9.229651162790697,-0.789271517194104,-0.1304307626307866,1.1099862553716315,0.011903337583966044,0.5454501347650781,-0.8209994979570572,,
core6_all_equal,14,K14-C06,123,8.938953488372094,0.25120254221433264,-0.49002815008738065,0.1730818300581429,0.6839722597469883,0.5104882589359546,0.29275792130365946,,
core6_all_equal,14,K14-C09,108,7.848837209302325,0.24848644963937874,0.606656391982655,0.9707533865780309,-0.6109880933382211,0.5383670946069488,0.38420238189706635,,
core6_all_equal,14,K14-C13,14,1.0174418604651163,-0.20144667113460807,5.478980264059126,-0.05326332785845945,-0.866487141031092,-0.4578004985025958,0.16126292599813227,,
core6_all_equal,15,K15-C12,116,8.430232558139535,1.0784239091463297,-0.014119350293930815,-0.47533918267737935,-0.5545325415113481,0.8103066208439501,1.1235214386278,,
core6_all_equal,15,K15-C08,109,7.921511627906977,0.5307329972851219,-0.5052860302135797,-0.011993977964721453,0.7998391566153037,0.060764395266777044,0.488422737273829,,
core6_all_equal,15,K15-C11,72,5.232558139534884,0.1713979282531623,2.1005692249004912,-0.4879370894551988,-0.939606934285302,0.10888455810142729,0.4054566700017597,,
core6_all_equal,15,K15-C05,117,8.502906976744185,-0.7185299875477023,0.27621319236236763,0.46859134392167523,-0.48608319451670623,0.48581986724527987,-0.725012832694254,,
core6_all_equal,15,K15-C04,107,7.776162790697675,-0.7452140673921105,-0.5261903065003146,-0.0788979251824704,0.22698720191713617,-1.4987119699251634,-0.8367283343616253,,
core6_all_equal,15,K15-C02,123,8.938953488372094,-1.0682967139163355,-0.6013713796454846,-0.5026086413579213,0.8404203287450621,0.3620210867235601,-1.1193194352076672,,
core6_all_equal,15,K15-C06,130,9.44767441860465,-0.2917126108504133,-0.3585838029305824,-0.7109268097743677,-0.13009130276163897,0.8947517554261883,-0.2776763365809069,,
core6_all_equal,15,K15-C01,70,5.087209302325581,-0.8677719176727681,-0.6823866454420042,-0.1923676391945388,2.576698709587836,-0.09257125486010519,-0.9283651931679249,,
core6_all_equal,15,K15-C15,48,3.488372093023256,2.810679260260808,-0.22685211717705833,-0.5641288092793425,-0.2474902705514883,-0.04329429341627714,2.4081178617046413,,
core6_all_equal,15,K15-C13,104,7.55813953488372,1.1083065140030028,-0.01308421337727687,-0.036911412603893225,-0.6436366305560604,-1.418366787642919,1.0916725319065457,,
core6_all_equal,15,K15-C10,93,6.758720930232558,0.3583443999650985,0.5720486680279276,1.0353443026095954,-0.6455824041251592,0.6040385416418292,0.5053073330281801,,
core6_all_equal,15,K15-C03,99,7.194767441860465,-0.6571165994368757,-0.3865446546970633,1.16109415573871,0.5787939553081272,0.7062249793113257,-0.6481302437481087,,
core6_all_equal,15,K15-C09,110,7.994186046511628,0.009603387394573703,-0.10176809834666507,-0.8103042560311507,-0.5793257711600137,-0.6804164184370662,-0.01135985158115916,,
core6_all_equal,15,K15-C07,63,4.578488372093023,-0.2859227280580146,0.4111943274489609,1.9447012565586554,-0.4741136035027544,-0.8597459094953896,-0.20359935872723847,,
core6_all_equal,15,K15-C14,15,1.0901162790697674,-0.19372308886429687,5.361093264998944,-0.053263327858459455,-0.953222344063672,-0.4531626668372943,0.16538801860070002,,
core6_all_equal,16,K16-C11,99,7.194767441860465,1.0556114189233115,-0.091396013371882,0.44849377978344657,-0.07156725700099918,0.607846731865537,1.0691644046793052,,
core6_all_equal,16,K16-C08,65,4.723837209302325,-0.3006659190559869,0.3903895131143786,1.9811259222644753,-0.45174081239766434,-0.7403514738040391,-0.21034368059152772,,
core6_all_equal,16,K16-C01,61,4.433139534883721,-0.8088694976393219,-0.684797126598593,-0.04516951893287828,2.6844315694735186,-0.1686963196942543,-0.8786612085304287,,
core6_all_equal,16,K16-C10,75,5.450581395348837,-0.1408240402101344,0.18056941664386725,-1.057165428261376,-0.8362306748569366,-0.7258671687570206,-0.07744914007143251,,
core6_all_equal,16,K16-C12,64,4.651162790697675,0.1429659653807522,2.209712091307683,-0.40769768451539756,-0.9033622091808445,0.15580637065271952,0.37646259305815305,,
core6_all_equal,16,K16-C05,123,8.938953488372094,-0.8286258406733302,-0.2590132570594358,0.3381019451894589,-0.2414328276284104,0.06508674229877093,-0.8874946296368335,,
core6_all_equal,16,K16-C02,103,7.4854651162790695,-1.0692802937078907,-0.6097431306545433,-0.7485756479157609,1.0614078832503095,0.4155077068228602,-1.1174522877788757,,
core6_all_equal,16,K16-C06,126,9.156976744186046,-0.2541555762583507,-0.3806230283074899,-0.6782531210445063,-0.058687520317917,0.943211150390556,-0.25129424474182804,,
core6_all_equal,16,K16-C03,101,7.340116279069768,-0.6285817305305481,-0.45259928066414734,0.9363539566376254,0.8090021194842868,0.8075010018675227,-0.6175487796469965,,
core6_all_equal,16,K16-C14,97,7.049418604651163,1.0695679268014202,-0.0016965400971735967,-0.03657969766191502,-0.7064709848729283,-1.5278486703525633,1.0164391199890845,,
core6_all_equal,16,K16-C16,49,3.561046511627907,2.7923252665123615,-0.19004872522908242,-0.5453063446166638,-0.26815008546462354,-0.025488332558423293,2.4067690960484383,,
core6_all_equal,16,K16-C09,115,8.357558139534884,-0.10385473995997078,0.6732204229112646,0.9174854363705428,-0.6862638425154687,0.7360378656025062,-0.005678652996344507,,
core6_all_equal,16,K16-C13,94,6.831395348837209,0.9332574969458157,0.02992834088222328,-0.9645487189636534,-0.6096290558504931,0.6452880276354634,0.9968671148664741,,
core6_all_equal,16,K16-C04,84,6.104651162790697,-0.7989457518481523,-0.511479533011404,-0.14567299947374227,0.2184232889279225,-1.6926231793891116,-0.8834131823159023,,
core6_all_equal,16,K16-C07,105,7.630813953488372,0.2573365124890682,-0.4704223367869954,-0.09688852972348341,0.5060037959927555,-0.5273679734821178,0.2245766295323163,,
core6_all_equal,16,K16-C15,15,1.0901162790697674,-0.19372308886429687,5.361093264998944,-0.053263327858459455,-0.953222344063672,-0.4531626668372943,0.1653880186007,,
core6_all_equal,17,K17-C03,128,9.30232558139535,-0.8876134986823295,-0.37643395057508144,-0.04319173489420547,-0.0902196807504077,0.35173664198176396,-0.9729095906121918,,
core6_all_equal,17,K17-C15,74,5.377906976744186,1.3077223246791567,0.1303932820019422,0.023834455660890232,-0.7282886874248131,-1.5266953505528191,1.2805443970633335,,
core6_all_equal,17,K17-C06,109,7.921511627906977,0.016872158603146267,-0.46691028771660753,0.0015947104149239564,0.5694458820781542,0.889510874724661,0.09863886969443877,,
core6_all_equal,17,K17-C14,60,4.3604651162790695,0.1377977488795192,2.3139175927398683,-0.43955534736686763,-0.9491881485737846,0.13120412299069062,0.3861810848527696,,
core6_all_equal,17,K17-C05,99,7.194767441860465,-0.7236795452128684,-0.2158117595064534,1.2896503666419925,0.2627819752669446,0.6299818375408394,-0.7595961606364129,,
core6_all_equal,17,K17-C01,88,6.395348837209303,-0.9391368863795585,-0.6575646482260968,-0.23124025884767502,2.321444158591322,0.2177154943383311,-0.9633507346420302,,
core6_all_equal,17,K17-C07,76,5.523255813953488,-0.433149408782385,0.07714550494569579,0.9049478011930733,-0.46757952120866975,-1.3109174285146292,-0.4238224163095785,,
core6_all_equal,17,K17-C11,117,8.502906976744185,-0.043875360468024406,0.564207691392682,0.4266272890031469,-0.7720973106587259,0.6356575056627121,0.06600398644227691,,
core6_all_equal,17,K17-C08,105,7.630813953488372,0.19896324757256556,-0.4716999298802586,-0.16480800568100573,0.3918936949930823,-0.7407082300859855,0.19229454595960868,,
core6_all_equal,17,K17-C02,73,5.305232558139535,-1.0597606031444353,-0.6431806068315579,-0.18815398361287486,0.8349209910909556,-1.3588422463538024,-1.1880062121905506,,
core6_all_equal,17,K17-C12,94,6.831395348837209,0.8634350791420745,-0.015349607766350307,-1.0380818340960607,-0.5825913626735879,0.6660102542251084,0.901692430325654,,
core6_all_equal,17,K17-C13,94,6.831395348837209,1.1632056359474767,-0.026766397110403243,0.4722650068775169,-0.1293881246607011,0.4095727001782532,1.1364823403669755,,
core6_all_equal,17,K17-C17,46,3.343023255813953,2.8223174211610473,-0.24295774354791166,-0.5797812386779981,-0.24294083813762066,0.08285976900129813,2.3855321048184988,,
core6_all_equal,17,K17-C04,79,5.741279069767442,-0.7289519963360231,-0.48138846668647667,-1.2851387695924112,0.33726062080905517,0.819951478652929,-0.7426596118640005,,
core6_all_equal,17,K17-C09,81,5.886627906976744,-0.02395163571506782,0.0004718070962415695,-1.03732171812051,-0.7264109087433339,-1.070595478723447,-0.041246701360984614,,
core6_all_equal,17,K17-C10,39,2.8343023255813953,-0.062427260353446985,0.7910176913528573,2.5932853647407943,-0.6096950819632571,0.18614459041041567,0.13529728682061895,,
core6_all_equal,17,K17-C16,14,1.0174418604651163,-0.20144667113460807,5.478980264059126,-0.05326332785845945,-0.8664871410310921,-0.4578004985025958,0.16126292599813227,,
core6_all_equal,18,K18-C17,44,3.1976744186046515,2.841476697304791,-0.3320357758212733,-0.5476090591174714,-0.1967190034486436,0.06553664282062663,2.3887443322837685,,
core6_all_equal,18,K18-C05,115,8.357558139534884,-0.16183514347182434,-0.5368622274117472,0.34028346845059554,0.8791794073647652,0.50948987099528,-0.14591430374196043,,
core6_all_equal,18,K18-C13,88,6.395348837209303,0.8233449321028596,-0.19664126396962897,-1.1385797441534655,-0.4875936668956413,0.6272149493314267,0.8466022438354841,,
core6_all_equal,18,K18-C06,99,7.194767441860465,-0.5286299049840388,-0.3753349191542455,-0.9237883594492207,-0.20053926432921879,0.730819541172773,-0.5104137375707372,,
core6_all_equal,18,K18-C11,103,7.4854651162790695,-0.07782322285861402,0.44093905514398085,-0.13075696444853016,-0.734004944482119,-0.4922465298031358,0.01827176316913048,,
core6_all_equal,18,K18-C12,40,2.9069767441860463,-0.3000706450509677,3.140244480117755,-0.27818128477933135,-0.8634614944136765,0.1656979960013703,-0.10231539950374008,,
core6_all_equal,18,K18-C02,98,7.122093023255814,-1.135864879693677,-0.6162587587770699,-0.6105202370539001,0.9668077175621427,0.37700920125166837,-1.195459292591523,,
core6_all_equal,18,K18-C04,86,6.25,-0.8728222684444659,-0.5559454448461679,-0.36805916376444453,0.19037825881965184,-1.4612708788758175,-0.9528279516250125,,
core6_all_equal,18,K18-C01,66,4.796511627906977,-0.861412858541404,-0.6858815488624183,-0.1409530708560648,2.6377617595029506,-0.11154420258179303,-0.9151941657894382,,
core6_all_equal,18,K18-C09,52,3.77906976744186,-0.08593171090393457,0.6452224305788247,2.2993025442500987,-0.5825418430890148,0.5482522165858765,0.04012219061034413,,
core6_all_equal,18,K18-C08,81,5.886627906976744,0.3777265722969022,-0.521513155536778,-0.5578218280272329,0.29857357498362264,-1.0224994466388393,0.3257263063182101,,
core6_all_equal,18,K18-C16,43,3.125,0.945688606892576,1.731081244218746,-0.6911474938280342,-1.0712460167678208,0.09873930133358032,1.2472760320779916,,
core6_all_equal,18,K18-C15,77,5.59593023255814,1.2256566038674581,0.027406066140775932,0.030092392634863414,-0.7757177425086249,-1.5708800981749482,1.1952081749524623,,
core6_all_equal,18,K18-C07,66,4.796511627906977,-0.3809699808762307,0.1463489272615069,1.2624984083046613,-0.3805499570219234,-1.2404345920222186,-0.36269700690229234,,
core6_all_equal,18,K18-C18,4,0.29069767441860467,0.2415657843777734,7.814362366130683,-0.053263327858459455,-1.16905180277265,-0.6925907265584826,0.4231056942464855,,
core6_all_equal,18,K18-C10,106,7.703488372093023,0.02495964539232722,0.2940615392914617,0.3103005578684448,-0.5142562046262974,0.9739112625146429,0.11322543483017282,,
core6_all_equal,18,K18-C14,92,6.686046511627906,1.1605918349475717,-0.09462691302128709,0.46639732817690627,-0.02127933594869676,0.4586753675319769,1.1262852521799465,,
core6_all_equal,18,K18-C03,116,8.430232558139535,-0.945642883681274,-0.1549950150448035,0.8284850545615697,-0.0568658392674752,0.5290381228663997,-1.018031314541653,,
core6_all_equal,19,K19-C11,42,3.0523255813953485,-0.089008330325927,0.7858581807839102,2.5498812025904245,-0.6143499229131272,0.14511761798659498,0.07301181596410533,,
core6_all_equal,19,K19-C05,99,7.194767441860465,-0.7776213328533708,-0.44271651631821624,-0.9279442714396284,0.0989691887078789,0.905440930389048,-0.7818222693376092,,
core6_all_equal,19,K19-C19,45,3.2703488372093026,2.851928871919816,-0.3159110023866046,-0.5000515729072378,-0.20017251928468358,-0.02570918168534239,2.4119872321031885,,
core6_all_equal,19,K19-C16,89,6.468023255813954,1.0965613125296205,-0.003244779023626142,-0.04155206126077086,-0.7186044131012298,-1.5810416394640918,1.0369435525637638,,
core6_all_equal,19,K19-C13,44,3.1976744186046515,-0.14393242936785378,2.528571709994123,-0.32131965123976475,-1.065904758997119,-0.10047664974414183,0.022898539423092255,,
core6_all_equal,19,K19-C07,116,8.430232558139535,-0.020931360866099438,-0.381237127390981,0.1753906506344792,0.22639728370781087,0.8627820868845378,0.05093664781339448,,
core6_all_equal,19,K19-C06,74,5.377906976744186,-0.76715093466144,-0.5555047004143883,0.045703538486090385,0.14015366600636117,-1.7734718665274753,-0.8269645978154199,,
core6_all_equal,19,K19-C14,79,5.741279069767442,0.8986228232080354,-0.20414047413463657,-1.0670954275944062,-0.4854088645338136,0.6905031391340714,0.9217942393702685,,
core6_all_equal,19,K19-C08,107,7.776162790697675,-0.2415166426086178,0.07821326038606992,0.7903712700747407,-0.2667304610742283,-0.6112390414480836,-0.19503054642082032,,
core6_all_equal,19,K19-C10,85,6.1773255813953485,-0.20958757286861887,0.03432258373269498,-1.0023073899879926,-0.7002545562860246,-0.634583729038793,-0.1633528618902989,,
core6_all_equal,19,K19-C12,85,6.1773255813953485,0.0288089904958613,0.8062074376196536,0.21909069745175,-0.8995912746098744,0.8320623317059536,0.15964721540917826,,
core6_all_equal,19,K19-C04,102,7.412790697674419,-0.8715263829830111,-0.0881316398346878,1.0401326702767217,-0.08871798114249924,0.6692607995725037,-0.9418886316139325,,
core6_all_equal,19,K19-C17,12,0.872093023255814,-0.11075899257668703,5.727965736212099,-0.053263327858459455,-0.8160596974074991,-0.3882330235230738,0.26112035058467997,,
core6_all_equal,19,K19-C01,35,2.5436046511627906,-0.9128371327658718,-0.6991115004810845,-0.5062339867443969,3.1507070964346773,-0.0890928811111291,-0.8459639531312675,,
core6_all_equal,19,K19-C15,93,6.758720930232558,1.1251784651982397,-0.03312207798179929,0.4749664922900874,-0.14846541150031983,0.38673368700149413,1.120566030643256,,
core6_all_equal,19,K19-C09,72,5.232558139534884,0.4331074289919045,-0.592030809668085,-0.3885068950846914,0.8211513055718194,-0.5404118750407781,0.35682752956498587,,
core6_all_equal,19,K19-C03,89,6.468023255813954,-1.0578226967930386,-0.5921773500743814,-0.46130851142003043,0.8173361956047909,-0.3718182260559955,-1.1886733455741334,,
core6_all_equal,19,K19-C18,29,2.1075581395348837,1.2164467066207307,1.7039329731081294,-0.8137092377170848,-1.0073362077038863,0.17430397243202664,1.5199934906798875,,
core6_all_equal,19,K19-C02,79,5.741279069767442,-0.8131945707172229,-0.6400805247840782,0.35956077028744493,1.5421573623773348,0.5857116261902344,-0.8797084587186815,,
core6_all_equal,20,K20-C10,60,4.3604651162790695,0.7198466690934532,-0.4980938417388069,0.18262623671708922,0.9499093782907266,0.6100602424330671,0.7306766231745221,,
core6_all_equal,20,K20-C06,66,4.796511627906977,-0.5404121946029706,-0.19955148377401433,1.134080727801059,-0.2283507635398064,-1.1371374322041403,-0.5939217097690591,,
core6_all_equal,20,K20-C11,89,6.468023255813954,-0.033507685141728354,-0.1365699050432597,-0.9029465386433925,-0.6315745778137702,-1.2199160951883707,-0.0593995707292464,,
core6_all_equal,20,K20-C02,72,5.232558139534884,-0.8931786485415278,-0.6296326972993502,-1.0635655327266038,1.314499795689304,0.6161473964937754,-0.9427862486077959,,
core6_all_equal,20,K20-C17,23,1.6715116279069766,-0.16109110357018142,4.65606891829569,-0.07711464884688703,-0.8704336366190255,-0.19767863553568737,0.13114493812042427,,
core6_all_equal,20,K20-C09,107,7.776162790697675,0.10672747020688397,-0.44059591111436797,-0.1665682480305878,0.3712002649902151,-0.4860826028167006,0.06536651180326836,,
core6_all_equal,20,K20-C13,78,5.6686046511627906,-0.14520099801614558,1.336987718830522,-0.2266287949660109,-0.8851065048305727,0.7012114724703383,0.015414201616540264,,
core6_all_equal,20,K20-C08,106,7.703488372093023,-0.26833173817282946,-0.3228318461614021,-0.6644646788100237,-0.2208255704090129,0.9348615949553827,-0.22599841358944875,,
core6_all_equal,20,K20-C19,29,2.1075581395348837,1.197441995745601,1.8326134310596731,-0.8572173370373545,-1.0720224457313918,-0.0691821899963004,1.4886649909312024,,
core6_all_equal,20,K20-C03,80,5.813953488372093,-0.8768137218976709,-0.5536836593990829,0.7641214424149536,1.097157513671618,0.7348469006775848,-0.9466640033409006,,
core6_all_equal,20,K20-C18,69,5.0145348837209305,1.3304171188703673,-0.17429342700386202,0.011930282843242605,-0.5582219856625195,-1.4503972973046166,1.3250595977373985,,
core6_all_equal,20,K20-C16,74,5.377906976744186,0.9568258914150525,0.17340610598336031,0.6706403798977421,-0.4960498659799416,0.5495177371806184,0.9589258554887149,,
core6_all_equal,20,K20-C12,36,2.616279069767442,-0.08992709108215742,0.7574026982521418,2.654590394691605,-0.6025835194009554,0.2881174276667236,0.10399792096655218,,
core6_all_equal,20,K20-C15,79,5.741279069767442,0.9245056334499431,-0.16740048403032806,-1.004946131069497,-0.5796252022406785,0.6442715893059081,0.9531240566049602,,
core6_all_equal,20,K20-C05,89,6.468023255813954,-1.0350601409785651,-0.4676218109666252,-0.13216028177972997,-0.06248104550436813,0.23552928022589895,-1.142482256579637,,
core6_all_equal,20,K20-C04,61,4.433139534883721,-1.0565901209675486,-0.6376156707847946,-0.3149631497855836,0.7331375050615703,-1.4779333898006688,-1.1497198723872772,,
core6_all_equal,20,K20-C07,113,8.212209302325581,-0.4558902864112807,0.06290545676408496,0.9684069513126503,-0.2450246809406887,0.6417349909967522,-0.4289066736614773,,
core6_all_equal,20,K20-C14,54,3.9244186046511627,0.18468583857447712,1.1867191450211225,0.5694769955042077,-0.8989848269218522,-0.9608764055304354,0.3196150580181098,,
core6_all_equal,20,K20-C01,43,3.125,-0.9093715746252068,-0.6506710046363068,-0.21082071685294437,2.888832858305406,-0.2806461145431153,-0.8768775796004249,,
core6_all_equal,20,K20-C20,48,3.488372093023256,2.751172024867458,-0.330511374971357,-0.5041278299178293,-0.18193459384081745,0.1545382135567387,2.3568057342092867,,
core6_operational_positive_weighted,2,K02-C02,291,39.6457765667575,0.9105387731054112,-0.006914007806335944,-0.4023622447576075,-0.2684088320035749,-0.1433136274632863,0.9202473760394884,,
core6_operational_positive_weighted,2,K02-C01,443,60.3542234332425,-0.5981191489247772,0.004541707159466591,0.26430567319292037,0.17631370228677296,0.09414055438333227,-0.6044965833577559,,
core6_operational_positive_weighted,3,K03-C03,268,36.51226158038147,0.9743483082310147,-0.14925355196222057,-0.40770737804008317,-0.20836191374373222,-0.12475370531126394,0.962912760533398,,
core6_operational_positive_weighted,3,K03-C01,289,39.3732970027248,-0.6967874428440965,-0.44444767157279197,-0.15473556025481836,0.5585657173708736,0.16133334210416675,-0.7574855184072794,,
core6_operational_positive_weighted,3,K03-C02,177,24.114441416893733,-0.3375919526777949,0.9516685254825534,0.8699669730417214,-0.5965225956884865,-0.07452736070443819,-0.22117121470758094,,
core6_operational_positive_weighted,4,K04-C01,229,31.19891008174387,-0.5823174050168543,-0.49262073595245515,-0.5682714299103337,0.5682282368943582,0.12531057547845204,-0.6630552495506161,,
core6_operational_positive_weighted,4,K04-C04,225,30.65395095367847,1.0958784513480326,-0.2518574601715035,-0.27640244402468495,-0.17356743505083475,-0.12849498763988154,1.0737141972847546,,
core6_operational_positive_weighted,4,K04-C03,77,10.490463215258854,-0.12433540779337451,2.0997741686137976,-0.34975792439937026,-0.8753009500610892,-0.1187895315561829,0.08240630212196257,,
core6_operational_positive_weighted,4,K04-C02,203,27.656675749318797,-0.5105819675091607,0.038401310780483214,1.0800791504126697,-0.1166178335353016,0.04611844514400893,-0.47335629312987526,,
core6_operational_positive_weighted,5,K05-C04,64,8.71934604904632,-0.095963617804593,2.3388817947371554,-0.37111870944431896,-0.8443045471190136,-0.2088401550131807,0.11762175421667868,,
core6_operational_positive_weighted,5,K05-C01,112,15.258855585831062,-0.9683632202868826,-0.5924198591451868,-0.11125884037126664,1.3426638826829862,0.25769443660220304,-1.0674276064614288,,
core6_operational_positive_weighted,5,K05-C03,213,29.01907356948229,-0.07887141695071806,-0.2961900227149146,-0.6790016496652646,-0.123637811233386,0.012058674828515846,-0.09840038082259682,,
core6_operational_positive_weighted,5,K05-C02,187,25.47683923705722,-0.4696601218147793,0.12656139813167083,1.1185931498706498,-0.25819242033719486,0.029529142372990005,-0.4177627015951972,,
core6_operational_positive_weighted,5,K05-C05,158,21.525885558583106,1.3874962455790492,-0.2779488433624224,-0.17934797544994946,-0.13750650284247354,-0.14928135658750807,1.3361076327046375,,
core6_operational_positive_weighted,6,K06-C03,162,22.070844686648503,-0.2778383785001148,-0.23777351897989102,-0.9542743880360632,-0.13921078856148322,0.04949951937965715,-0.28246531693680577,,
core6_operational_positive_weighted,6,K06-C01,112,15.258855585831062,-0.9722499776038926,-0.5903823295505248,0.040162830565314576,1.31699009438753,0.27980508075459093,-1.0769537707338177,,
core6_operational_positive_weighted,6,K06-C04,158,21.525885558583106,0.5580972818340599,-0.310686871617582,0.2276172752864114,0.08798529383216304,-0.11479994697264502,0.5196489638627332,,
core6_operational_positive_weighted,6,K06-C06,93,12.670299727520437,1.684304037971564,-0.21161048132789786,-0.5634074539898378,-0.35980521654413306,-0.1422704736941635,1.6563224577233557,,
core6_operational_positive_weighted,6,K06-C05,55,7.493188010899182,-0.06405930535233566,2.51254414668946,-0.22860382587665162,-0.8565380218522586,-0.23585534205028003,0.15829708207252866,,
core6_operational_positive_weighted,6,K06-C02,154,20.98092643051771,-0.5674972042734121,0.22870456750359264,1.1629921297892512,-0.3784476812301694,0.032366872103777734,-0.5095497448481673,,
core6_operational_positive_weighted,7,K07-C06,62,8.446866485013624,-0.1456293924089895,2.3726489182615937,-0.35537582201817813,-0.8258521430215314,-0.06504964336410354,0.09113516751383287,,
core6_operational_positive_weighted,7,K07-C03,133,18.11989100817439,-0.40940913321186456,-0.38269729542796127,-0.9512409318032495,-0.056903631764841256,0.379535723062993,-0.4348136514760725,,
core6_operational_positive_weighted,7,K07-C07,102,13.896457765667575,1.6535174749222872,-0.22264914050235163,-0.5144669982479667,-0.33613911762202253,-0.13843292735930252,1.5929432378668302,,
core6_operational_positive_weighted,7,K07-C01,76,10.354223433242508,-1.0539741643483986,-0.6640704299289018,-0.026674741080969382,1.7332086725432687,0.21149482750484527,-1.1703856753110118,,
core6_operational_positive_weighted,7,K07-C02,140,19.07356948228883,-0.6501600760292187,0.1520158345692673,1.2278434312812816,-0.24961194360206024,0.18561373666541867,-0.6391772491540767,,
core6_operational_positive_weighted,7,K07-C05,112,15.258855585831062,0.1109980209329809,-0.10622648777132018,0.035092394095596474,-0.3937608720316724,-1.2767842675735144,0.11879883773309455,,
core6_operational_positive_weighted,7,K07-C04,109,14.850136239782016,0.49095709536271054,-0.29734658572268985,0.24975073871852427,0.3704608857619501,0.6294981032711178,0.503011755753665,,
core6_operational_positive_weighted,8,K08-C01,68,9.264305177111716,-1.0868014243332147,-0.6981259813377207,0.015081794552003144,1.789174157743997,0.18082743251948996,-1.224641521703214,,
core6_operational_positive_weighted,8,K08-C04,106,14.441416893732969,0.49674364684234384,-0.3470467421456189,0.2914842759605868,0.40912098881404785,0.60650027765525,0.4865736499459672,,
core6_operational_positive_weighted,8,K08-C02,130,17.71117166212534,-0.6916439038220419,0.09089890290345029,1.26626528413853,-0.20626033109566075,0.21786126075228587,-0.6807925209816792,,
core6_operational_positive_weighted,8,K08-C06,76,10.354223433242508,-0.09858117417187727,1.513584007032643,-0.4074184250798008,-0.7509857646304573,0.2310452918080092,0.11164124788051931,,
core6_operational_positive_weighted,8,K08-C05,113,15.39509536784741,0.0999263471119895,-0.10712289775734085,0.07869080518839376,-0.37239837389245695,-1.300205896821663,0.10896162690069798,,
core6_operational_positive_weighted,8,K08-C03,129,17.574931880108995,-0.4327349868186581,-0.45872136404828046,-0.961700387858286,0.021674904805169797,0.37474373033604547,-0.4661855691012608,,
core6_operational_positive_weighted,8,K08-C07,11,1.4986376021798364,-0.43343385281191715,4.886056197179099,-0.04603458941989302,-0.7787538437438069,-0.7266312398909182,-0.1577685062000811,,
core6_operational_positive_weighted,8,K08-C08,101,13.760217983651227,1.6628955988136613,-0.24808312152169537,-0.49405853843815206,-0.3296105007462125,-0.15735081338306567,1.5968102733934124,,
core6_operational_positive_weighted,9,K09-C08,72,9.809264305177113,0.048137849068798935,1.411334178796818,-0.5181997794636415,-0.8396776990928676,0.24860450511733245,0.2442814153900773,,
core6_operational_positive_weighted,9,K09-C01,64,8.71934604904632,-1.0719300177845217,-0.6978862719736427,-0.021028118648783328,1.9018515155571987,0.13553312766026016,-1.2152747709303129,,
core6_operational_positive_weighted,9,K09-C04,101,13.760217983651227,-0.38631147518296255,-0.5020010010412879,-1.1764452719685297,0.07730137402012514,0.2717270335345601,-0.4498092022005156,,
core6_operational_positive_weighted,9,K09-C09,94,12.806539509536785,1.7325684121313902,-0.2794268251493753,-0.4851324262133523,-0.31508743151030705,-0.18513001745402438,1.6428826142896196,,
core6_operational_positive_weighted,9,K09-C05,102,13.896457765667575,0.5344156600730365,-0.38490574560929014,0.2406936219265184,0.4291386809811414,0.5850620326702046,0.5353908617937715,,
core6_operational_positive_weighted,9,K09-C03,47,6.4032697547683926,-0.40400150487806086,0.4031022373688859,2.105242742312415,-0.32553281294447306,-0.15615096043727775,-0.30891638630613155,,
core6_operational_positive_weighted,9,K09-C07,105,14.305177111716622,0.12124624996359984,-0.11354865761626415,0.01985035476844391,-0.37702072714309015,-1.3126035111003829,0.13620142441920544,,
core6_operational_positive_weighted,9,K09-C02,135,18.392370572207085,-0.7393397251044381,-0.07414060726899575,0.5692739730952304,-0.15185209498145638,0.4148437926334339,-0.7420841557716666,,
core6_operational_positive_weighted,9,K09-C06,14,1.9073569482288828,-0.5106211212054963,4.447361080641834,0.04615516457498141,-0.5597012110145012,-0.5095449154856556,-0.2158213693521931,,
core6_operational_positive_weighted,10,K10-C06,102,13.896457765667575,0.13547114807996352,-0.0949106838226278,0.14756389396934333,-0.35676655154663617,-1.325644455729869,0.13526190458923082,,
core6_operational_positive_weighted,10,K10-C03,103,14.032697547683922,-0.6199006082101431,-0.47233372402863366,-0.8555143322642077,0.07144963096539868,0.3633747289926937,-0.649426087957474,,
core6_operational_positive_weighted,10,K10-C10,65,8.85558583106267,2.0337987013732355,-0.2979662324552184,-0.27239589307500006,-0.25966951770354485,-0.36504335185589615,1.8608319053480646,,
core6_operational_positive_weighted,10,K10-C07,69,9.400544959128066,-0.09698178714369213,1.578733148071624,-0.36813757337763686,-0.8308686886632258,0.2038918691647259,0.10496106454381753,,
core6_operational_positive_weighted,10,K10-C04,38,5.177111716621254,-0.5179855034903579,0.4250427576177881,2.273071453705906,-0.31080718122337436,-0.02636915485031668,-0.395441144332116,,
core6_operational_positive_weighted,10,K10-C01,61,8.310626702997276,-1.0906278333764095,-0.6844140817575719,-0.004141147112714029,1.9546670456572086,0.1281115630861595,-1.231543474216864,,
core6_operational_positive_weighted,10,K10-C02,111,15.122615803814716,-0.7723467584152094,-0.08093699560797371,0.7234757787902968,-0.1305523595067072,0.32659598446086036,-0.8117802580524137,,
core6_operational_positive_weighted,10,K10-C05,90,12.26158038147139,0.5356240742448287,-0.305080751746437,0.4249116472099233,0.36817315404839457,0.6358847211376017,0.5186106139590819,,
core6_operational_positive_weighted,10,K10-C08,11,1.4986376021798364,-0.43343385281191704,4.886056197179099,-0.04603458941989302,-0.778753843743807,-0.7266312398909182,-0.1577685062000811,,
core6_operational_positive_weighted,10,K10-C09,84,11.444141689373296,0.6313140013895308,-0.27310986409601595,-1.0475226169842125,-0.16979359690138873,0.18030718206884555,0.7168667602134089,,
core6_operational_positive_weighted,11,K11-C04,95,12.942779291553133,-0.5334120915499949,-0.44487514090316005,-1.0003052892977846,-0.035072672372144946,0.40895451696680163,-0.5642265643016996,,
core6_operational_positive_weighted,11,K11-C03,36,4.904632152588556,-0.5139935261185077,0.3406501088314764,2.339528944787474,-0.25523373789548265,-0.04374734534201805,-0.413522735158473,,
core6_operational_positive_weighted,11,K11-C10,81,11.035422343324251,0.6815992274521746,-0.17250549278709726,-0.8035384495288884,-0.34874477168706425,0.4209583411397732,0.8309076670315243,,
core6_operational_positive_weighted,11,K11-C06,74,10.08174386920981,-0.08644405741183578,0.8126390464473903,0.6537105595509324,-0.8088232701503749,0.01202725251986126,0.09193973026611711,,
core6_operational_positive_weighted,11,K11-C11,68,9.264305177111716,2.0220778032010007,-0.29253773731794697,-0.22368966829472164,-0.2591300309701319,-0.4054948253567716,1.8086978693883289,,
core6_operational_positive_weighted,11,K11-C07,92,12.534059945504087,0.09483389536399772,-0.3296544742137163,-0.09766085165702271,-0.15088084511357278,-1.3178331591085994,0.061127696305949455,,
core6_operational_positive_weighted,11,K11-C09,11,1.4986376021798364,-0.43343385281191715,4.886056197179099,-0.04603458941989302,-0.7787538437438069,-0.7266312398909182,-0.1577685062000811,,
core6_operational_positive_weighted,11,K11-C02,101,13.760217983651227,-0.8916789988169617,-0.23829222023513483,0.7148138396886965,0.07660698515533616,0.27417890694551794,-0.9629363063421866,,
core6_operational_positive_weighted,11,K11-C08,45,6.130790190735695,-0.1088187279639226,1.6755791280067591,-0.8473889043673394,-0.8256510440241304,0.1378547452962609,0.034880995223223986,,
core6_operational_positive_weighted,11,K11-C05,74,10.08174386920981,0.5015740500164535,-0.43043756752116447,0.43534542333172166,0.8516294109596008,0.5943140541978812,0.4704530931414233,,
core6_operational_positive_weighted,11,K11-C01,57,7.7656675749318795,-1.109702740529628,-0.6871862627572307,-0.24665243302558115,1.8787044586729342,0.11700091670621929,-1.2565802691609986,,
core6_operational_positive_weighted,12,K12-C02,93,12.670299727520437,-0.9411397183758404,-0.1950181256322992,0.9687267801443336,0.11227467985530305,0.30241499751687145,-1.0277505612386673,,
core6_operational_positive_weighted,12,K12-C10,84,11.444141689373296,0.7534484354334122,-0.24063875753981545,-0.8616066130945489,-0.3092252276441934,0.2805421022263372,0.9032291923008302,,
core6_operational_positive_weighted,12,K12-C07,88,11.989100817438691,-0.1884986645644285,0.6316944035248774,0.8764915170333617,-0.6297206336384737,0.2301566343396837,-0.04161300892264708,,
core6_operational_positive_weighted,12,K12-C05,89,12.125340599455042,0.20338517756051502,-0.5315719649097354,0.1662711631507751,0.7806548770747436,0.6759831058086688,0.22700563097668688,,
core6_operational_positive_weighted,12,K12-C08,14,1.9073569482288828,-0.5106211212054963,4.447361080641834,0.04615516457498141,-0.5597012110145012,-0.5095449154856556,-0.2158213693521931,,
core6_operational_positive_weighted,12,K12-C11,61,8.310626702997276,1.0537224528689941,-0.13412521461782384,0.3432782077781341,-0.39422281544362575,-1.18721803527753,0.9538846201822719,,
core6_operational_positive_weighted,12,K12-C09,55,7.493188010899182,-0.027197441882491725,1.4888892783312788,-0.7284399102634072,-0.8616386236954359,0.0703167777035125,0.15885451697248046,,
core6_operational_positive_weighted,12,K12-C12,38,5.177111716621254,2.4743993042730326,-0.2718638560230898,-0.3741330717953356,-0.14101083039129195,0.012731773756011314,2.1602218398727264,,
core6_operational_positive_weighted,12,K12-C06,83,11.307901907356948,-0.24667625671115823,-0.3590017312775329,-0.18474129398471134,-0.08802173871595774,-1.106905258224385,-0.3146159116635972,,
core6_operational_positive_weighted,12,K12-C03,72,9.809264305177113,-0.6347620148630903,-0.5146595365721874,-1.2187394767646926,0.05159934173314444,0.5065620202285243,-0.6835767177309036,,
core6_operational_positive_weighted,12,K12-C04,9,1.226158038147139,-0.38495415367,0.44448865410017613,3.7341550566099366,-0.47342615007583966,-0.40144843296287047,-0.15479552006700537,,
core6_operational_positive_weighted,12,K12-C01,48,6.539509536784741,-1.193649573238385,-0.681586035216347,-0.1557403966737936,1.9573736918709506,0.04395820979578714,-1.3770644440277504,,
core6_operational_positive_weighted,13,K13-C09,58,7.901907356948229,0.23664524429682077,-0.620834865462862,-1.3099879062599644,0.24631322926539959,0.2010454414117749,0.18132491000846424,,
core6_operational_positive_weighted,13,K13-C12,58,7.901907356948229,1.0023921544695562,-0.20545986671659838,0.021613616270138983,-0.5142700498928523,-1.3445648284406617,0.9550926058741686,,
core6_operational_positive_weighted,13,K13-C03,6,0.8174386920980926,-0.5374644938368333,0.47890026503224514,4.346499889255891,-0.4110854608814519,-0.4977525719377153,-0.4450332913085201,,
core6_operational_positive_weighted,13,K13-C04,74,10.08174386920981,-0.7571003144888218,-0.4007740736024819,-0.6798516062095189,-0.1018040349288899,0.7248266131946784,-0.7711502845563852,,
core6_operational_positive_weighted,13,K13-C11,62,8.446866485013624,0.8006995145091071,0.47954292669651133,-0.7538139910579612,-0.6629619551265183,0.4382171474076666,1.0696491981806482,,
core6_operational_positive_weighted,13,K13-C13,40,5.449591280653951,2.3983153977060616,-0.46750959247052787,-0.37708799601548715,-0.06275686000781056,0.05737200058156905,2.070326660651833,,
core6_operational_positive_weighted,13,K13-C07,79,10.762942779291553,-0.14074842795999112,0.8256528402138205,0.8835648793436129,-0.7567211807186902,-0.02389441253346047,0.05363338750311787,,
core6_operational_positive_weighted,13,K13-C01,55,7.493188010899182,-1.1430580736988147,-0.7307090214440157,-0.15116443252095713,1.879934867012297,0.11534208943201144,-1.2996181552611286,,
core6_operational_positive_weighted,13,K13-C08,80,10.899182561307901,0.5095937180784919,-0.421461423631167,0.3982739299584044,0.7078325028309416,0.6300376841284149,0.49461149308588387,,
core6_operational_positive_weighted,13,K13-C02,97,13.215258855585832,-0.864441648693818,-0.15777988753021976,1.0783002453835755,0.0441783093048821,0.2838852924074542,-0.912587081498586,,
core6_operational_positive_weighted,13,K13-C10,11,1.4986376021798364,-0.43343385281191715,4.886056197179099,-0.04603458941989302,-0.7787538437438069,-0.7266312398909182,-0.1577685062000811,,
core6_operational_positive_weighted,13,K13-C05,78,10.626702997275205,-0.25418248114387354,-0.3518545365383129,-0.13472586044265425,-0.030747313825307585,-1.1263751933779118,-0.3203536853526581,,
core6_operational_positive_weighted,13,K13-C06,36,4.904632152588556,-0.4590354569893459,1.7044365841918978,-0.7264974069620607,-0.6779815364949244,-0.009353009993859159,-0.3441995116283693,,
core6_operational_positive_weighted,14,K14-C14,36,4.904632152588556,2.4878107750493963,-0.4088589257678873,-0.3586602885225118,-0.085744989148241,0.004404724145404425,2.152117844777522,,
core6_operational_positive_weighted,14,K14-C01,47,6.4032697547683926,-1.2044152003165032,-0.7286659743610898,-0.15038554500558066,1.9485759450082454,0.04933689840874391,-1.4014176283093278,,
core6_operational_positive_weighted,14,K14-C07,74,10.08174386920981,0.334000869535063,-0.5740558697611227,0.28046663662033255,1.0004256843239079,0.5307310126353388,0.32171590260701566,,
core6_operational_positive_weighted,14,K14-C10,74,10.08174386920981,0.6590508678832963,-0.39548751032984536,-0.9958880493638398,-0.14445264831356394,0.3868325501516901,0.742323133332728,,
core6_operational_positive_weighted,14,K14-C08,28,3.8147138964577656,-0.6477494130640615,2.5619670290479446,-0.41848119555918567,-0.5121107741741427,-0.11155332074267417,-0.5202206415043853,,
core6_operational_positive_weighted,14,K14-C06,75,10.217983651226158,-0.2422724086102214,-0.33459021740186756,-0.23292165871830253,-0.12681191815504395,-1.1828877320730404,-0.30931647433361464,,
core6_operational_positive_weighted,14,K14-C09,88,11.989100817438691,-0.17928597778800112,0.4147283733539011,0.24142982530957907,-0.5890752127006555,0.6691534236925482,-0.034714752035744895,,
core6_operational_positive_weighted,14,K14-C02,82,11.1716621253406,-1.0041466318205363,-0.19625642493661688,0.9383271301868419,0.1026550357418103,0.3589180440998421,-1.114020885120871,,
core6_operational_positive_weighted,14,K14-C04,72,9.809264305177113,-0.6896861173240633,-0.48462484106568854,-1.1230157822000149,0.07010673383772827,0.5271986214374195,-0.7220706944331232,,
core6_operational_positive_weighted,14,K14-C13,37,5.040871934604905,0.6683210142446078,1.3875528023466095,-0.7429891296211437,-0.9633060252993053,-0.3493921416251165,0.9852743548630253,,
core6_operational_positive_weighted,14,K14-C05,55,7.493188010899182,-0.21615339943991216,0.4101099729393339,1.522465123275447,-0.4140608119566387,-0.5375249306312228,-0.06233565132835124,,
core6_operational_positive_weighted,14,K14-C12,59,8.038147138964577,1.1125867360288813,-0.24583097715795868,0.19853389016108575,-0.4380293180756365,-0.997927821577043,1.0247587736787973,,
core6_operational_positive_weighted,14,K14-C03,3,0.4087193460490463,-0.25968508139042734,0.6763142435372729,5.667271764822459,-0.4110854608814519,-0.12629375017759933,-0.17523479973190068,,
core6_operational_positive_weighted,14,K14-C11,4,0.544959128065395,-0.015125070432476505,6.78528075268827,-0.04603458941989302,-1.03059605975068,-0.7660283876533547,0.2120895499178672,,
core6_operational_positive_weighted,15,K15-C14,52,7.084468664850137,1.0053015752895735,-0.12267599409599052,0.06962809424598405,-0.6003553898538359,-1.518470616346923,0.9693648615022419,,
core6_operational_positive_weighted,15,K15-C05,80,10.899182561307901,-0.43318512416440874,-0.31741157899709516,-0.1334765710840314,0.07575635879596967,0.7321888601124468,-0.4103631631769413,,
core6_operational_positive_weighted,15,K15-C08,77,10.490463215258854,-0.14842615692475192,-0.3884463878180943,-0.24617016445603865,0.012750263706365887,-1.1415073265320868,-0.2562752163772588,,
core6_operational_positive_weighted,15,K15-C11,70,9.536784741144414,0.7571430384560984,-0.370678424114687,-0.8952866032206763,-0.21404435396347646,0.48454964560570246,0.8789648474415045,,
core6_operational_positive_weighted,15,K15-C06,41,5.5858310626703,-0.4453717433689887,0.1047016049480898,1.701703263876107,-0.26511701788971487,-0.7161985457099245,-0.32548843121969284,,
core6_operational_positive_weighted,15,K15-C01,49,6.67574931880109,-1.0840020489376758,-0.7779182167326787,-0.116625601050254,2.1275482677155155,0.12976856686338764,-1.2379522038595336,,
core6_operational_positive_weighted,15,K15-C07,28,3.8147138964577656,-0.6477494130640615,2.5619670290479446,-0.41848119555918567,-0.5121107741741427,-0.11155332074267417,-0.5202206415043853,,
core6_operational_positive_weighted,15,K15-C02,71,9.673024523160763,-1.0660786611843132,-0.21425518630734905,0.8879644787997278,0.1552489691239013,0.3875866855593999,-1.1751186033950163,,
core6_operational_positive_weighted,15,K15-C04,56,7.629427792915531,-0.6078555612765459,-0.47492231918634575,-1.420122872713496,0.1090696645842206,0.3041267893222176,-0.6804134958780031,,
core6_operational_positive_weighted,15,K15-C09,63,8.583106267029974,-0.22401037503005336,0.676659222092983,0.7242620217372799,-0.7628650641926398,0.4318771777582363,-0.0775155769530675,,
core6_operational_positive_weighted,15,K15-C13,4,0.544959128065395,-0.015125070432476505,6.78528075268827,-0.04603458941989302,-1.03059605975068,-0.7660283876533547,0.2120895499178672,,
core6_operational_positive_weighted,15,K15-C15,33,4.4959128065395095,2.576025300214128,-0.32870237430650484,-0.361267675504185,-0.14967961641862162,-0.02123468947776858,2.2241508212935024,,
core6_operational_positive_weighted,15,K15-C12,44,5.994550408719346,0.48302699734266774,1.2595004919649697,-0.6391499430760078,-0.8552628713914643,0.03879905949356329,0.8089629690411422,,
core6_operational_positive_weighted,15,K15-C10,63,8.583106267029974,0.77369742205499,-0.39432670410860504,0.4829297323906976,0.6186491374187024,0.49476967668058397,0.734994454678108,,
core6_operational_positive_weighted,15,K15-C03,3,0.4087193460490463,-0.25968508139042734,0.6763142435372729,5.667271764822459,-0.4110854608814519,-0.12629375017759933,-0.17523479973190068,,
core6_operational_positive_weighted,16,K16-C05,50,6.811989100817439,-0.5113373326661589,-0.02582751047033413,1.665376003740956,-0.08660217362466385,-0.1642650964019668,-0.4344457444421043,,
core6_operational_positive_weighted,16,K16-C14,53,7.220708446866484,1.0569245021309333,-0.17328006728010642,0.1098182777110645,-0.5482643830945739,-1.4049842854608499,0.9797773247277546,,
core6_operational_positive_weighted,16,K16-C08,73,9.945504087193461,-0.30357187787740214,0.779276165215778,0.7092646992000315,-0.7428574848817208,0.2762613199794822,-0.1619072694298594,,
core6_operational_positive_weighted,16,K16-C10,50,6.811989100817439,0.2195791720838688,-0.6426284693664099,-1.4007077105221757,0.34541880249244306,0.17747701961733997,0.14243248481990362,,
core6_operational_positive_weighted,16,K16-C13,64,8.71934604904632,0.671400735328546,0.049887089267305215,-0.5836737109987513,-0.4837756785553767,0.6462890075804197,0.8164535005092431,,
core6_operational_positive_weighted,16,K16-C01,37,5.040871934604905,-1.1139926872367827,-0.6333828575984878,-0.56229721179119,2.2116463044486507,0.21281580482262663,-1.1961491983452304,,
core6_operational_positive_weighted,16,K16-C06,73,9.945504087193461,-0.28380606877258147,-0.3886841781426092,0.11980593790348928,0.334120620053515,0.7240472968957864,-0.27874715167863806,,
core6_operational_positive_weighted,16,K16-C04,45,6.130790190735695,-0.8554604414185466,-0.42872106611288874,-0.9781754353680681,-0.3456277372273448,0.5450836758184622,-0.9109126058037029,,
core6_operational_positive_weighted,16,K16-C12,9,1.226158038147139,-0.31321655045566776,5.222269161405344,-0.04603458941989302,-0.7227889068533905,-0.6766031157481416,-0.031478532755469836,,
core6_operational_positive_weighted,16,K16-C07,71,9.673024523160763,-0.18984769797954784,-0.35368725847539173,-0.18600720182337843,-0.06700436823285068,-1.202884889300815,-0.2511192239525547,,
core6_operational_positive_weighted,16,K16-C02,64,8.71934604904632,-1.212399174078495,-0.38393692026280885,0.6359967343534375,0.44220272246673004,0.1200556767535887,-1.388880902584018,,
core6_operational_positive_weighted,16,K16-C16,38,5.177111716621254,2.42268773353495,-0.424857306288937,-0.41217347554901007,-0.12809154282798138,0.012731773756011242,2.126658391159846,,
core6_operational_positive_weighted,16,K16-C03,4,0.544959128065395,-0.5317580935811477,0.6699752625761023,5.077871937615228,-0.6448630453604058,0.03879905949356333,-0.4746702468226184,,
core6_operational_positive_weighted,16,K16-C11,50,6.811989100817439,0.7237151786725887,-0.47223666113014373,0.5678016685795789,0.9485649704481443,0.4597857241550281,0.7662801787518413,,
core6_operational_positive_weighted,16,K16-C15,24,3.2697547683923704,0.8833782198265784,1.5311711045865672,-0.6365099637570637,-0.9692294438249546,-0.4977525719377153,1.2703332545678268,,
core6_operational_positive_weighted,16,K16-C09,29,3.9509536784741144,-0.5254121829519802,1.9531036698443869,-0.7670220448004973,-0.7972215400725517,-0.029515206577262625,-0.4441170477373351,,
core6_operational_positive_weighted,17,K17-C06,73,9.945504087193461,-0.2840405783721303,-0.3432816921976298,0.11662349708065255,0.1890504203699997,0.7681474309860288,-0.23456470878657654,,
core6_operational_positive_weighted,17,K17-C15,46,6.267029972752043,1.068754265089207,-0.2698869394369647,0.006713982865869911,-0.5533848601295107,-1.4739535334715466,1.0468119581455304,,
core6_operational_positive_weighted,17,K17-C08,35,4.768392370572207,-0.4315408948050217,1.6469804057384028,-0.7665897066438315,-0.6007792722872317,0.2510612433564867,-0.35159658426899815,,
core6_operational_positive_weighted,17,K17-C09,42,5.722070844686648,-0.10316667437733892,0.942033976072874,0.9778862782831786,-0.7266851999280398,0.8347822489795262,0.10200942943693042,,
core6_operational_positive_weighted,17,K17-C05,45,6.130790190735695,-0.5429942674179381,-0.04282805369572125,1.725893455585591,-0.04795094632414347,-0.21434324866888613,-0.5052610353877452,,
core6_operational_positive_weighted,17,K17-C16,24,3.2697547683923704,0.9617393233376885,1.2567837858387536,-1.0323113075750576,-0.9166294873171899,-0.07470224715536104,1.281319367387708,,
core6_operational_positive_weighted,17,K17-C12,43,5.858310626702997,-0.07094731479415771,0.6979636535973506,0.43661093195978445,-0.8307977753413415,-0.9344806440329422,0.061005246627471685,,
core6_operational_positive_weighted,17,K17-C13,11,1.4986376021798364,-0.43343385281191715,4.886056197179099,-0.04603458941989302,-0.7787538437438069,-0.7266312398909182,-0.1577685062000811,,
core6_operational_positive_weighted,17,K17-C01,41,5.5858310626703,-1.1585325948356378,-0.7611987769394811,-0.16565641655470573,2.1741525099175174,0.05691900201844703,-1.328408988044975,,
core6_operational_positive_weighted,17,K17-C17,33,4.4959128065395095,2.5767663911564247,-0.39950138244425465,-0.4324493401038637,-0.1560553687225931,-0.07376421982768398,2.188474987696594,,
core6_operational_positive_weighted,17,K17-C14,69,9.400544959128066,0.8731594215426199,-0.21539532670242972,-0.27461173599153244,-0.32265654849158676,0.6489246604522081,0.9633219440360989,,
core6_operational_positive_weighted,17,K17-C04,3,0.4087193460490463,-0.25968508139042734,0.6763142435372729,5.667271764822459,-0.4110854608814519,-0.12629375017759933,-0.17523479973190068,,
core6_operational_positive_weighted,17,K17-C03,50,6.811989100817439,-0.9041007102646279,-0.45484974192236144,-1.0501653899320653,-0.02488489132222,0.509313567056377,-0.9280543483493283,,
core6_operational_positive_weighted,17,K17-C02,63,8.583106267029974,-1.153668378589813,-0.225114722532867,0.6705870983002643,0.0943194122301914,0.2549920245391334,-1.2919981086605192,,
core6_operational_positive_weighted,17,K17-C11,51,6.948228882833788,0.26125171842167044,-0.612150222755121,-1.3665533950735338,0.27512050767735996,0.21845888178276973,0.1642977048190676,,
core6_operational_positive_weighted,17,K17-C10,36,4.904632152588556,0.6143112577705494,-0.5431849508974551,0.6208046311430321,1.441601896114258,0.2933171410699391,0.6436990055082417,,
core6_operational_positive_weighted,17,K17-C07,69,9.400544959128066,-0.20832747908925778,-0.38847706772917523,-0.19717234263583788,0.007681342619978638,-1.159918297684009,-0.28063038965610054,,
core6_operational_positive_weighted,18,K18-C10,31,4.223433242506812,0.5552914325454149,-0.6208106901024508,0.5010372539638843,1.6107135842413725,0.3343684445499998,0.6095676062398734,,
core6_operational_positive_weighted,18,K18-C12,66,8.991825613079019,-0.17312565933015878,0.839975206534769,0.6411422496000831,-0.7755659675918212,0.29019038331101554,0.04681010208219018,,
core6_operational_positive_weighted,18,K18-C17,45,6.130790190735695,0.9877883611715291,-0.08484644178119502,-0.05463896645941464,-0.5856393906257377,-1.6231352245294741,0.9887140462516764,,
core6_operational_positive_weighted,18,K18-C18,32,4.35967302452316,2.5954766215402247,-0.27747599894172026,-0.5526172876217281,-0.1539301179546026,-0.10823672411981597,2.2024282800360098,,
core6_operational_positive_weighted,18,K18-C01,31,4.223433242506812,-1.2769758366493875,-0.711601256126959,0.4985392090169265,1.6785844958642946,0.14264776235123017,-1.4708873310056414,,
core6_operational_positive_weighted,18,K18-C11,20,2.7247956403269753,-0.6134411372411034,2.902021015875151,-0.19833206301942555,-0.6448630453604058,-0.35742368371722716,-0.48999970657129016,,
core6_operational_positive_weighted,18,K18-C15,37,5.040871934604905,1.2565539378987385,-0.23189774683770484,0.41092759659794403,-0.33210654720612964,0.4805338745596473,1.1533183784863008,,
core6_operational_positive_weighted,18,K18-C06,70,9.536784741144414,-0.24623428078774015,-0.3933435152248317,0.11769441367500397,0.26286191837358963,0.7251134539836825,-0.21993842425612198,,
core6_operational_positive_weighted,18,K18-C08,70,9.536784741144414,-0.19340931842082282,-0.3466161698539169,-0.19980709908334354,-0.06977018754217916,-1.1710953885251,-0.2788035496910208,,
core6_operational_positive_weighted,18,K18-C02,28,3.8147138964577656,-1.0880884470799577,-0.5987264983667596,-0.9126182769717126,2.1028584922118707,0.15377440908598014,-1.1373408925294772,,
core6_operational_positive_weighted,18,K18-C09,39,5.313351498637602,-0.02346519388309389,-0.5808937607177522,-1.5504768210224025,0.35138912234221326,0.16579352847138076,-0.11957706895210865,,
core6_operational_positive_weighted,18,K18-C03,62,8.446866485013624,-1.019063637996394,-0.09376970161655103,1.135957011315681,-0.009138839825702075,0.3463509871874228,-1.1214745484762438,,
core6_operational_positive_weighted,18,K18-C16,4,0.544959128065395,-0.015125070432476505,6.78528075268827,-0.04603458941989302,-1.03059605975068,-0.7660283876533547,0.2120895499178672,,
core6_operational_positive_weighted,18,K18-C04,52,7.084468664850137,-0.9552701894804453,-0.2984259827227319,-0.7097299029876083,-0.2726171993054562,0.4769299774670335,-1.0462232576057802,,
core6_operational_positive_weighted,18,K18-C05,3,0.4087193460490463,-0.25968508139042734,0.6763142435372729,5.667271764822459,-0.4110854608814519,-0.12629375017759933,-0.17523479973190068,,
core6_operational_positive_weighted,18,K18-C07,41,5.5858310626703,-0.1750434580857123,0.07528166543492164,1.5852293795606318,-0.2976178040245938,-0.7282785073931803,-0.024133685916539804,,
core6_operational_positive_weighted,18,K18-C13,43,5.858310626702997,0.23586175011576466,1.2337233733720365,-0.936287460322955,-0.8112256985012428,0.24612491349920942,0.45458021319801567,,
core6_operational_positive_weighted,18,K18-C14,60,8.174386920980927,0.749267623817512,-0.3942490839335703,-0.7950456107102495,-0.22055672953110447,0.4804223253639234,0.8707453371191214,,
core6_operational_positive_weighted,19,K19-C07,66,8.991825613079019,-0.00789943374508257,-0.5371478261725308,0.0470491258258408,0.7089216938495367,0.620376002653341,-0.009490822812930776,,
core6_operational_positive_weighted,19,K19-C08,37,5.040871934604905,-0.07623202452183488,0.09028891483353066,1.6367024986335772,-0.08569233653912414,-0.11513883060522352,0.11025222001993565,,
core6_operational_positive_weighted,19,K19-C14,60,8.174386920980927,0.7293156029235258,-0.4467720690404126,-0.979179279356012,-0.1118501527483909,0.3318387966598771,0.8402908104184272,,
core6_operational_positive_weighted,19,K19-C09,66,8.991825613079019,-0.2333022438446606,-0.3285377254503705,-0.21264661754881153,-0.13374023565869292,-1.2219096689044062,-0.30130799293764204,,
core6_operational_positive_weighted,19,K19-C01,29,3.9509536784741144,-0.9847211828424905,-0.7643518925443407,0.5610190458511835,2.2886425750496406,0.11565260882324246,-1.113961578548252,,
core6_operational_positive_weighted,19,K19-C17,4,0.544959128065395,-0.015125070432476505,6.78528075268827,-0.04603458941989302,-1.03059605975068,-0.7660283876533547,0.2120895499178672,,
core6_operational_positive_weighted,19,K19-C04,50,6.811989100817439,-0.935600039676012,-0.1123274335290509,1.2781790369624835,0.1350189764613845,0.3607300383523305,-1.0423508002354234,,
core6_operational_positive_weighted,19,K19-C13,24,3.2697547683923704,-0.011864270286370633,1.2327862150571791,0.8004210018430455,-0.9516961249890329,-1.2406702154579472,0.19650459917338436,,
core6_operational_positive_weighted,19,K19-C02,27,3.6784741144414173,-1.1486607212225786,-0.6196551974131643,-0.9992083570202317,1.9266903839080876,0.19472004640521695,-1.2046931855204661,,
core6_operational_positive_weighted,19,K19-C16,47,6.4032697547683926,0.9354328615206822,-0.2902936496542392,0.10170439506721211,-0.35388456255149514,-1.4733808248348523,0.9761489628378243,,
core6_operational_positive_weighted,19,K19-C05,5,0.6811989100817438,-0.5905747762165349,0.5683704534556246,4.646792647935196,-0.6027830801541942,-0.30789584081587834,-0.5942400328622566,,
core6_operational_positive_weighted,19,K19-C06,55,7.493188010899182,-0.47687660384935665,-0.45943356607714037,-1.3357524860347325,-0.11950105551315665,0.38999649097585487,-0.5591216341652999,,
core6_operational_positive_weighted,19,K19-C10,72,9.809264305177113,-0.1568679767835223,0.5004829859238498,0.3752213698066859,-0.6253815799871597,0.6372604945515281,-0.017171036990043007,,
core6_operational_positive_weighted,19,K19-C18,26,3.5422343324250685,1.0599983623557458,1.1261729143860624,-1.0398401374846395,-0.9092115447327617,-0.18979098466650812,1.381609409820363,,
core6_operational_positive_weighted,19,K19-C15,43,5.858310626702997,1.0900018069916961,-0.3310993553283671,0.29553916886995335,0.0026464967661851617,0.6665356730106587,1.0403794750356226,,
core6_operational_positive_weighted,19,K19-C11,11,1.4986376021798364,-0.644644771366511,3.443732217442617,0.054871286770860464,-0.4599662285452331,-0.34391609019867747,-0.3868742500802269,,
core6_operational_positive_weighted,19,K19-C19,30,4.087193460490464,2.669247129845645,-0.41254157185009127,-0.29814283667787633,0.002700863646296567,-0.06851126679269245,2.193882106226125,,
core6_operational_positive_weighted,19,K19-C12,29,3.9509536784741144,-0.4052826189486695,1.5881282537155097,-0.9129997518158295,-0.8987938698806491,0.0217204929758568,-0.33628222743633523,,
core6_operational_positive_weighted,19,K19-C03,53,7.220708446866484,-1.084452182496543,-0.34304857086552754,0.08449218680228394,-0.008370489882801068,0.2864382740003073,-1.2450189844568038,,
core6_operational_positive_weighted,20,K20-C02,28,3.8147138964577656,-1.1374371635768301,-0.5971740948660648,-0.879429965533558,2.2381155232318366,0.1360858937640699,-1.1881471019822174,,
core6_operational_positive_weighted,20,K20-C08,60,8.174386920980927,-0.13968763601372625,-0.2669261234849148,0.005161453965260598,0.06231414768842982,0.8766450685747139,-0.0781482213236476,,
core6_operational_positive_weighted,20,K20-C06,48,6.539509536784741,-0.621990547624175,-0.26389246831064034,-0.3724631433567442,-0.1948411952384195,-1.1426463597156944,-0.6478931419826068,,
core6_operational_positive_weighted,20,K20-C18,20,2.7247956403269753,0.9764434939965353,1.515957550279758,-0.8552762499869009,-0.9674761119413625,-0.12216642993582033,1.3939908965404437,,
core6_operational_positive_weighted,20,K20-C11,60,8.174386920980927,-0.2058818789796782,0.768863365570364,0.6646869540445922,-0.8073384665732789,0.38136663956122585,-0.023166559025078998,,
core6_operational_positive_weighted,20,K20-C17,48,6.539509536784741,1.089827629076915,-0.34562004427430426,-0.7903132033385125,-0.26643558048509913,0.4876451357870368,1.2360974611291267,,
core6_operational_positive_weighted,20,K20-C03,66,8.991825613079019,-0.9787841499745903,-0.10807290708654052,1.1006942051199873,0.004401064260688963,0.3727367881465969,-1.0857118029863326,,
core6_operational_positive_weighted,20,K20-C10,18,2.452316076294278,-0.6092700303875427,2.968610501591066,-0.07041365769853757,-0.5396631323448765,-0.44272163538066117,-0.4739889375004553,,
core6_operational_positive_weighted,20,K20-C19,25,3.4059945504087197,1.2694997551274478,-0.14666659896442086,-0.08423802347536898,-0.6645003624566379,-1.7342977163747235,1.613937985014383,,
core6_operational_positive_weighted,20,K20-C01,36,4.904632152588556,-1.2309279915753784,-0.6530606208910792,0.3899205139158687,1.4006908188304412,0.07319339484172221,-1.4303768984870195,,
core6_operational_positive_weighted,20,K20-C14,60,8.174386920980927,0.5310589540402803,-0.2167576170207931,-0.12132288851570709,-0.3806943748991879,-1.1911423725565986,0.33022858638096264,,
core6_operational_positive_weighted,20,K20-C20,23,3.1335149863760217,2.8578170756861643,-0.42107754124376695,-0.2031579962285486,0.08086389080469462,0.12493443845243081,2.205585815495111,,
core6_operational_positive_weighted,20,K20-C12,46,6.267029972752043,0.15808721558948075,-0.5840799088167257,-1.4511667703087268,0.27906662547163386,0.1895359726715814,0.08132259327919938,,
core6_operational_positive_weighted,20,K20-C16,4,0.544959128065395,-0.015125070432476505,6.78528075268827,-0.04603458941989302,-1.03059605975068,-0.7660283876533547,0.2120895499178672,,
core6_operational_positive_weighted,20,K20-C13,29,3.9509536784741144,-0.2955679381706371,1.3067149708481713,-0.8756152170923905,-0.787547984852733,0.43160608940081246,-0.18129610335666277,,
core6_operational_positive_weighted,20,K20-C07,42,5.722070844686648,0.1378122792772991,-0.6848848926553235,0.25388941024343176,1.4891923329546164,0.19799569739075587,0.18683244004624638,,
core6_operational_positive_weighted,20,K20-C15,40,5.449591280653951,1.0281985063155117,-0.2681033628062751,0.6096189409916539,-0.04171687740470471,0.5155045474190456,0.9324208635079435,,
core6_operational_positive_weighted,20,K20-C09,38,5.177111716621254,-0.26731149225845824,0.16967238175348598,1.582909842746383,-0.36617555649470546,-0.9191736913614728,-0.08401106733278861,,
core6_operational_positive_weighted,20,K20-C05,3,0.4087193460490463,-0.25968508139042734,0.6763142435372729,5.667271764822459,-0.4110854608814519,-0.12629375017759933,-0.17523479973190068,,
core6_operational_positive_weighted,20,K20-C04,40,5.449591280653951,-0.8368161372498217,-0.45120935571323206,-0.8468869823733673,-0.28718334110760635,0.8869633691791615,-0.9183048119491733,,
expanded8_recent_equal,2,K02-C02,364,50.0,0.6524287566482797,0.48506538173496344,0.027630656356184977,-0.4905559332515388,-0.04060569837551402,0.7011635580519661,0.622879398928966,0.5280289807143453
expanded8_recent_equal,2,K02-C01,364,50.0,-0.6524287566482764,-0.485065381734968,-0.027630656356184755,0.4905559332515388,0.04060569837551451,-0.701163558051967,-0.6228793989289676,-0.5280289807143442
expanded8_recent_equal,3,K03-C03,189,25.961538461538463,1.223570999755649,0.17971385443877097,-0.2710731375702677,-0.48072153364051007,-0.3095557869985186,1.1617602041765738,0.9393102483031512,0.8578597801065165
expanded8_recent_equal,3,K03-C02,315,43.269230769230774,-0.17886037053967888,0.4767796702617437,0.2998898890397475,-0.35766373330941326,0.22483525581997707,-0.08916579100553618,0.04614346657052648,0.011515702317657637
expanded8_recent_equal,3,K03-C01,224,30.76923076923077,-0.7808656349723999,-0.8221049759882969,-0.19300219663723128,0.9085734189755423,-0.05498688321684191,-0.8548457786724502,-0.8574322718705888,-0.7400131458490774
expanded8_recent_equal,4,K04-C03,186,25.549450549450547,0.1392210683556166,1.0985895085125736,0.42472746351863855,-0.7063016676064127,0.17993127204891857,0.29181325047892476,0.5104834737267909,0.23509003143839172
expanded8_recent_equal,4,K04-C01,119,16.346153846153847,-0.975318220380054,-1.0535900926501285,-0.3821913671079815,1.457115796683766,0.06520797445009072,-1.0542528203125536,-1.1110955373246527,-0.8492651305205263
expanded8_recent_equal,4,K04-C02,277,38.04945054945055,-0.4166694411846918,-0.23154199942774628,0.07060665453137394,0.02309558828571124,0.032333081365918205,-0.42073226836239996,-0.30532019040271435,-0.3057496388115794
expanded8_recent_equal,4,K04-C04,146,20.054945054945055,1.408117703556456,-0.1015294090170497,-0.3635382111904622,-0.3316585451076538,-0.34372074725355334,1.285764790167797,0.8345488737671365,0.9727976344877379
expanded8_recent_equal,5,K05-C03,161,22.115384615384613,0.16138102972630314,-0.18225850597503282,-0.14470926667058112,0.045467499700457756,0.7275481869804095,0.23820718096291052,-0.0200726083258323,0.3976704044414494
expanded8_recent_equal,5,K05-C02,189,25.961538461538463,-0.5915461706297392,-0.20537606577341003,0.12128523748649069,-0.07354498842732166,-0.43337810179792613,-0.6532748293105041,-0.44294125554946534,-0.5983517776604503
expanded8_recent_equal,5,K05-C05,114,15.659340659340659,1.571800207864342,-0.005952860994954482,-0.3652009932913693,-0.4407346456552664,-0.5911572286891379,1.422922651611726,1.0159511691514589,1.0126187667435742
expanded8_recent_equal,5,K05-C01,113,15.521978021978022,-0.9678019966615258,-1.0693883527145658,-0.34374904062283684,1.5600015307006747,0.21192820689025774,-1.0166176698299705,-1.058436090921427,-0.8264766443362325
expanded8_recent_equal,5,K05-C04,151,20.741758241758244,0.1059356449622819,1.2561536814789669,0.5354426283086988,-0.7911038940628198,0.05441880680744988,0.2502132517331546,0.600877034636837,0.17891968386741078
expanded8_recent_equal,6,K06-C02,163,22.39010989010989,-0.6781890680972029,-0.21873342865840006,0.09041633240554695,-0.0971373581227007,-0.4822113518127781,-0.750059432659096,-0.4838696500935267,-0.6590594128799176
expanded8_recent_equal,6,K06-C04,114,15.659340659340659,0.022435103825312094,1.1833900316778847,1.0942690997272269,-0.6321297912273459,0.08087895243684316,0.18778914056675994,0.2655488008719409,0.1511595073216773
expanded8_recent_equal,6,K06-C03,145,19.917582417582416,0.10809146012538473,-0.3575984110464161,0.12056419002404838,0.24409252535309625,0.6474041863985723,0.14316432378049107,-0.1784059309080514,0.30316712540344
expanded8_recent_equal,6,K06-C01,106,14.560439560439562,-0.9856557724758872,-1.0913564395336164,-0.40755023598082035,1.606393085503112,0.18757789595481275,-1.0358520285890438,-1.0801392603387472,-0.8206379545793903
expanded8_recent_equal,6,K06-C05,104,14.285714285714285,0.3688309368392135,0.8279097899422807,-0.9042010447740378,-0.809627898422908,0.3086033076539082,0.49916248981375905,0.9979386155936185,0.20391479367605905
expanded8_recent_equal,6,K06-C06,96,13.186813186813188,1.6503650937160912,-0.18562479897567372,-0.20551159827112594,-0.3497249607252997,-0.7965766482013197,1.4372949441714407,0.8872520335591813,1.1668307492121064
expanded8_recent_equal,7,K07-C01,93,12.774725274725274,-0.9807615529191178,-1.1436718780997812,-0.5016285777104147,1.7263856983497121,0.08192454342500725,-1.0341617345213172,-1.0934105185258574,-0.8106246827151107
expanded8_recent_equal,7,K07-C05,110,15.10989010989011,0.03996942227280009,1.1954335563695166,1.1005112857013042,-0.6442530513080541,0.05502687367736375,0.21372967557771108,0.2825277603329884,0.17141343226131037
expanded8_recent_equal,7,K07-C03,98,13.461538461538462,-0.29399969760681294,-0.4477428281768558,-0.3440201492007793,-0.058345513668953054,-1.1588092874497933,-0.3422433148376324,-0.2527137340843912,-0.32474441517190666
expanded8_recent_equal,7,K07-C04,116,15.934065934065933,0.1772778445642877,-0.32607398790107245,0.1449869340290314,0.2711375691290876,0.7174840210087271,0.21344453865286975,-0.15747557005345592,0.4813723498451036
expanded8_recent_equal,7,K07-C02,120,16.483516483516482,-0.8154824357249781,-0.12317343793986663,0.4151821664361184,-0.00044821821290045075,0.3935594521440119,-0.8778552769901022,-0.603085834058775,-0.8400047732953502
expanded8_recent_equal,7,K07-C06,100,13.736263736263737,0.3738036572356511,0.8680027923825046,-0.8844764302257122,-0.81591051371072,0.34839689206191216,0.514908756748851,1.0225953842339544,0.22130916809258996
expanded8_recent_equal,7,K07-C07,91,12.5,1.7092247794605908,-0.1698054226920762,-0.20751110302779244,-0.3711570815981756,-0.7187208612466013,1.486800142101278,0.9203626188615861,1.2218465278544997
expanded8_recent_equal,8,K08-C02,119,16.346153846153847,-0.7985460795413046,-0.1285081996263473,0.4065603313298543,-0.004259820152370768,0.42333431031884144,-0.8732965125499067,-0.6078006979883971,-0.8151234265559472
expanded8_recent_equal,8,K08-C08,52,7.142857142857142,2.133295022321124,-0.3274301834001743,-0.41423490105764754,-0.2102845447029384,-0.11301919381184766,1.697567586230711,0.8457967584831861,1.4877035560174101
expanded8_recent_equal,8,K08-C07,67,9.203296703296704,0.9088040246065207,0.42617630376992377,0.22764977173835962,-0.6849082186226962,-1.373785724691588,0.9608773602007663,0.9816758051359608,0.7263724794307701
expanded8_recent_equal,8,K08-C04,112,15.384615384615385,0.18992419089221413,-0.3322100149790706,0.1471885439001109,0.2904373016303488,0.7038321051755799,0.23491771086041385,-0.16233205957252816,0.4975068438307912
expanded8_recent_equal,8,K08-C01,94,12.912087912087914,-0.9825149162220893,-1.1460692722838774,-0.48531569980760086,1.7197412416738664,0.09209717971978354,-1.0330378815741652,-1.091077434990134,-0.8151361984123121
expanded8_recent_equal,8,K08-C06,95,13.049450549450551,0.3461637089316702,0.7581029979230742,-0.9471215982931737,-0.7809007205963461,0.46249178069037444,0.5056741039598496,0.9540502166706206,0.18296784162186053
expanded8_recent_equal,8,K08-C03,94,12.912087912087914,-0.35840060479033997,-0.454079619601276,-0.30674822580732536,-0.03494171769422165,-1.1343677014265987,-0.4087646828919646,-0.2860832631023581,-0.3553828181426801
expanded8_recent_equal,8,K08-C05,95,13.049450549450551,-0.05163400102302265,1.256492270020276,1.1142362594643906,-0.625094726417129,0.23948813473474354,0.13104847308688933,0.20604314088939096,0.08313918756247543
expanded8_recent_equal,9,K09-C03,82,11.263736263736265,-0.31941440734736537,-0.543361487904268,-0.2290326017867415,-0.02797972229398899,-1.2960810717257623,-0.3775066651707786,-0.3006443078491609,-0.2895864220162716
expanded8_recent_equal,9,K09-C01,93,12.774725274725274,-1.0172697852885315,-1.163426856128123,-0.5412477969614593,1.6331744269316093,0.08987103493505409,-1.0786996607852306,-1.0594053701037738,-0.8890841827508528
expanded8_recent_equal,9,K09-C04,93,12.774725274725274,-0.24451220013593944,0.1511187000178466,-0.7930499459792092,-0.28558276566143953,0.5534163730211215,-0.16366509844465849,0.02201871217513406,-0.41590540522782776
expanded8_recent_equal,9,K09-C09,41,5.631868131868132,2.34960160864037,-0.3684652104843321,-0.3828067096765682,-0.20848666676991132,-0.4038451286403781,2.0103122201894834,0.8101301326920205,1.4515736556201666
expanded8_recent_equal,9,K09-C05,96,13.186813186813188,0.23080167163283152,-0.3547875163637001,0.3784500143656824,0.485688985487966,0.6250175725647729,0.259078830424439,-0.2387768050609755,0.6504455461405728
expanded8_recent_equal,9,K09-C07,79,10.851648351648352,0.7277045059474017,0.5783563706408192,-0.7215496072145718,-0.7964428183565201,0.5672975860386715,0.7992940501692831,1.0288355476334428,0.6505281451418232
expanded8_recent_equal,9,K09-C02,93,12.774725274725274,-0.8762633515718827,-0.11756638005098698,0.7362519171111114,0.0777509657846335,0.23820554312259568,-0.9652840545623895,-0.6642821581839251,-0.8203203551443782
expanded8_recent_equal,9,K09-C08,60,8.241758241758241,0.8647229795445383,0.5588317904602694,0.15703360544574746,-0.7587092293935292,-1.4211543257003574,0.8989499285775675,1.150549631657533,0.615309267917037
expanded8_recent_equal,9,K09-C06,91,12.5,-0.03112597176239481,1.3140723996008554,1.11366166493958,-0.658232746631771,0.23415952729879883,0.1306735362653089,0.2451020310449015,0.12233340071023133
expanded8_recent_equal,10,K10-C02,85,11.675824175824175,-0.8677043030624293,-0.013204133287610666,0.8025187297547102,0.013976403211335506,0.2440641329417675,-0.9579386512221538,-0.5654078663029666,-0.7689971894216401
expanded8_recent_equal,10,K10-C10,55,7.554945054945055,2.1130273478050667,-0.30851390469935946,-0.3934214198394472,-0.16659284206141034,-0.09949626577709308,1.5830927912425183,0.8360774863936098,1.4441146675809091
expanded8_recent_equal,10,K10-C08,74,10.164835164835164,0.5640243107464896,0.9013490467572396,-0.763670649061117,-0.8856549606797993,0.4888779757570921,0.7349856789338106,1.2323180480308724,0.30125005704165403
expanded8_recent_equal,10,K10-C01,89,12.225274725274724,-1.0332038660258904,-1.161859005738641,-0.5377326835430978,1.6173007960579922,0.30466440283021595,-1.081454510253388,-1.0160476467354607,-0.8756060289415432
expanded8_recent_equal,10,K10-C05,68,9.340659340659341,0.4433298976113874,-0.39220221203160566,0.4461814002176518,0.7488516053093853,0.5273565552749381,0.5644820210939321,-0.17350430333716452,-0.047133343454108426
expanded8_recent_equal,10,K10-C03,76,10.43956043956044,-0.5211052241482632,-0.5405598893655481,-0.20826486370250943,0.08999892017433761,-1.3993293564740794,-0.6054158665263374,-0.6230903257028182,-0.5229076759428936
expanded8_recent_equal,10,K10-C07,87,11.95054945054945,-0.03262852719036478,1.327689977252261,1.1174262497573038,-0.678150245614668,0.22267791603399822,0.12345303417050275,0.2470903504118292,0.13961057254403283
expanded8_recent_equal,10,K10-C04,90,12.362637362637363,-0.27899219737371916,-0.010470324425493388,-0.7889804162981141,-0.21781965088446983,0.501675883855705,-0.2186929063403061,-0.026461854884258604,-0.38915196143709274
expanded8_recent_equal,10,K10-C09,63,8.653846153846153,0.8406565839569885,0.2982643893820135,0.15363278110545056,-0.7131709789921001,-1.5034635802222795,0.9621380166480771,0.8804084630731579,0.6954965446974525
expanded8_recent_equal,10,K10-C06,41,5.631868131868132,-0.19024669390992846,-0.2636296391506056,0.18036599714071896,-0.11355871190607966,0.5394615586620146,-0.1909933176201677,-0.344286767078996,1.5507856552978556
expanded8_recent_equal,11,K11-C11,22,3.021978021978022,2.86365392147786,-0.3918254181444069,-0.4184815765010676,-0.19018100054272608,-0.49588171046461277,2.3502485792119328,0.8454007316624225,1.6539477186705176
expanded8_recent_equal,11,K11-C03,76,10.43956043956044,-0.46315780383422517,-0.48569093906167055,-0.20754662054649628,-0.05975484913138399,-1.2956067304482046,-0.5293180860293326,-0.34529174378673905,-0.3526734269526501
expanded8_recent_equal,11,K11-C07,94,12.912087912087914,-0.09443781046074501,1.096239096528059,1.1926378485624662,-0.5882596905804047,0.202164540848305,0.0961760746001515,0.17532030098067097,0.1755076143554661
expanded8_recent_equal,11,K11-C06,73,10.027472527472527,0.4715043294073703,-0.34167391447735057,0.354685266927941,0.7035546430363914,0.5083499691148281,0.5580872406482257,-0.13774909291256432,0.1254411877610432
expanded8_recent_equal,11,K11-C01,84,11.538461538461538,-1.026368498479977,-1.185406986979789,-0.6155600362445032,1.7209959309547878,0.02639370394408444,-1.0728513841401122,-1.0302177293225598,-0.9046878675413709
expanded8_recent_equal,11,K11-C02,89,12.225274725274724,-0.8909742489824206,-0.22023647747369204,0.7330896340264877,0.19140986763688367,0.35448622600556606,-0.9890410516391396,-0.8588288438713741,-0.825933684247759
expanded8_recent_equal,11,K11-C09,62,8.516483516483516,1.1998778120300537,-0.027784807604084662,-0.4266455368315859,-0.4047917386315298,0.6130150593464728,1.0290465492437453,0.8945678251921068,0.8967967546066992
expanded8_recent_equal,11,K11-C08,68,9.340659340659341,0.3438309586889921,1.3523919338689534,-0.6403303716417948,-1.0237291276247824,0.06365540362985049,0.49659850800713295,1.0981165244506554,0.2628961988539556
expanded8_recent_equal,11,K11-C04,11,1.510989010989011,-0.7720537528520738,-0.5651176171559898,-0.08972209554416744,-0.10976682390187696,0.8142057762144778,-0.8137774868216017,-1.1165787259436142,2.641236790958004
expanded8_recent_equal,11,K11-C10,55,7.554945054945055,1.0076648546313642,0.06702401615480727,0.134082471869511,-0.5772412374406798,-1.6268119340081006,1.063467432717627,0.8738814042284664,0.8183680284726098
expanded8_recent_equal,11,K11-C05,94,12.912087912087914,-0.34609891779629826,-0.011770168924486804,-0.6696902461330883,-0.22628183303468177,0.6136068193525402,-0.32151898896323944,-0.01833246577065126,-0.3540308470320181
expanded8_recent_equal,12,K12-C10,60,8.241758241758241,0.4140711793294807,1.297677023739326,-0.7914064820695361,-1.0103162531942305,0.12258409165141373,0.5439049219622725,1.2123101709798472,0.13586659390957925
expanded8_recent_equal,12,K12-C04,73,10.027472527472527,-0.42887804880036,-0.5016602689061772,-0.24688765149606254,-0.09698868076442699,-1.3476456506974877,-0.503739969487924,-0.3455748145083239,-0.3519457811955172
expanded8_recent_equal,12,K12-C08,96,13.186813186813188,-0.07148665773117004,1.1985872673874969,1.1093970962007522,-0.6408912919790408,0.23497728094663903,0.10982660059207058,0.17443124011383357,0.2343916010019061
expanded8_recent_equal,12,K12-C02,60,8.241758241758241,-0.9696635793836331,-1.2901174822614412,-0.6631282544055985,1.2040221242392843,0.7055916854385188,-1.0603651997230832,-0.9404598812063226,-0.8303569811236948
expanded8_recent_equal,12,K12-C09,62,8.516483516483516,0.9351931273518034,-0.20248058579467348,-0.5287750797898342,-0.35057701954140885,0.4898444409407463,0.7837056549959651,0.6864629110309914,1.0650714615629526
expanded8_recent_equal,12,K12-C07,75,10.302197802197801,0.43789544647460793,-0.3183228354079876,0.43315021605571247,0.700808076637882,0.5126243832695474,0.5405668075746239,-0.190305918561904,0.017805911051319626
expanded8_recent_equal,12,K12-C01,38,5.21978021978022,-1.0915150263456663,-0.936617343911636,-0.2524368177973144,2.1943109531127676,-0.7575456079389787,-1.0917867217930552,-1.19682807402881,-0.9407195696309532
expanded8_recent_equal,12,K12-C03,78,10.714285714285714,-0.9004902471325221,-0.0380603863759321,0.8295320390172742,0.04109566988159631,0.16016692137008406,-0.9974241944848733,-0.7133717316071816,-0.8643745313676777
expanded8_recent_equal,12,K12-C12,28,3.8461538461538463,2.7118798611617616,-0.27447189036677044,-0.3221577070131563,-0.18922368891604932,-0.24634123681145262,2.219268697068429,0.990047350136367,1.521538776186314
expanded8_recent_equal,12,K12-C06,92,12.637362637362637,-0.3506480384030219,-0.03861578663003375,-0.6470489760998968,-0.1974648933543972,0.6284761678279771,-0.3088385980685031,-0.04079975210145547,-0.3528279177512997
expanded8_recent_equal,12,K12-C05,10,1.3736263736263736,-0.8072813110622841,-0.5664837943322201,0.008285447835436763,-0.0009396381812611872,0.8164452420036727,-0.8929656764371512,-1.2822728091391795,2.686596453750532
expanded8_recent_equal,12,K12-C11,56,7.6923076923076925,1.0142470559840202,0.23203805172616443,0.22224495370347863,-0.6599338157530197,-1.526435878099538,1.1174158298267045,0.9617898176669886,0.7794584441649588
expanded8_recent_equal,13,K13-C09,44,6.043956043956044,-0.019693759648301674,1.126540354932915,1.8729099756777798,-0.7544204733060174,0.019195421050243335,0.20691518170943432,0.3838364738372145,0.3665643168213305
expanded8_recent_equal,13,K13-C02,63,8.653846153846153,-0.8886091306340033,-1.083036551091019,-0.19641385162829353,0.8135070560486126,0.740978799615402,-0.9629447439043421,-0.8578157615922863,-0.8470237369603965
expanded8_recent_equal,13,K13-C10,54,7.417582417582418,1.3304785176800578,-0.3656362289531648,-0.5845843750558116,-0.16496470317633638,0.40861363883804497,1.0304553947892099,0.7261297107785987,1.293724186848049
expanded8_recent_equal,13,K13-C12,38,5.21978021978022,0.6818702724269634,1.2960648808812272,-0.7710083764387646,-0.8923237323699296,-0.0055565692513859484,0.8016133822943083,1.8143914805654082,0.1272366262964009
expanded8_recent_equal,13,K13-C07,31,4.258241758241758,-0.478111976818493,-0.10906148633379532,0.13726801717494855,-0.1632033412825703,0.7441321692622462,-0.43057407286459143,-0.3833603724195192,1.694296774610179
expanded8_recent_equal,13,K13-C04,75,10.302197802197801,-0.47423363851026396,-0.49139936740346146,-0.21024242652539882,-0.05873062646048476,-1.2971625698385927,-0.537031822795559,-0.47688683249907327,-0.3897522649362684
expanded8_recent_equal,13,K13-C05,74,10.164835164835164,-0.24605840171249369,-0.10658837431350345,-0.867311195276087,-0.22901162998371272,0.5454698815110747,-0.21592048658661106,-0.013313296976127511,-0.43416431748103396
expanded8_recent_equal,13,K13-C03,73,10.027472527472527,-0.8350022358639253,0.116738131943694,0.8986806655027858,-0.1430340586217899,0.18439437002031478,-0.946864710725845,-0.5025088455747534,-0.7312929056996297
expanded8_recent_equal,13,K13-C01,53,7.280219780219781,-1.0952104189133898,-1.0558968083820501,-0.5955131147336796,2.1354576778552645,-0.3794717434979656,-1.114450702738324,-1.1555699735303564,-0.9577797196714238
expanded8_recent_equal,13,K13-C11,51,7.0054945054945055,0.9703124595767287,0.12616704341888618,0.17017182192113195,-0.6904307608483481,-1.5556759618807294,1.0548292972677678,0.9409731250363494,0.8314450781988005
expanded8_recent_equal,13,K13-C13,19,2.60989010989011,3.044117903888059,-0.08632583577411992,-0.26967465354162856,-0.34762349375533586,-0.7380976155591272,2.599735322685627,1.0954659002654268,1.3096385044128882
expanded8_recent_equal,13,K13-C06,63,8.653846153846153,0.46574802794810144,-0.38953566796501543,0.49414844116575096,0.7854259149994274,0.5102782762522954,0.5701988040999785,-0.1639531732627481,-0.016248024352019306
expanded8_recent_equal,13,K13-C08,90,12.362637362637363,0.11138133657053463,1.160754247577503,-0.024466440078760074,-0.6581319425356968,0.3593453914757545,0.268131901988575,0.18983886893708204,0.10286054634513413
expanded8_recent_equal,14,K14-C14,29,3.983516483516483,2.642917694663145,-0.22444375418407148,-0.3357034898840732,-0.36838621038589514,-0.7456979803972302,2.30279696523752,0.9045873147229052,1.2516823172022176
expanded8_recent_equal,14,K14-C12,52,7.142857142857142,0.5679053523293291,0.8536474112486915,-0.8740210198531033,-0.7773075851191822,0.4980965667396413,0.817950894437581,1.3443290871672382,0.00011306179232428395
expanded8_recent_equal,14,K14-C07,89,12.225274725274724,-0.38895484266377894,-0.1262804395427131,-0.5892525072283512,-0.2041555990301246,0.5925238256211273,-0.37929864962956855,-0.1355062810263514,-0.3631223525848914
expanded8_recent_equal,14,K14-C06,70,9.615384615384617,-0.36529927120493166,-0.4851198813176134,-0.1960239482007435,-0.13657154944882668,-1.2598594682642872,-0.39123269311693964,-0.24436960337179903,-0.3074329316233811
expanded8_recent_equal,14,K14-C11,56,7.6923076923076925,1.0621357660679678,-0.3167406749323589,-0.5102861108060133,-0.23450452885786077,0.40470346047595845,0.821556748216423,0.6243675347764833,1.4451368688419144
expanded8_recent_equal,14,K14-C13,52,7.142857142857142,0.8572315675930384,0.427007343205888,0.264946877163037,-0.7387500183708775,-1.477370659229125,0.9262079040506751,1.074869280757607,0.7715201449531446
expanded8_recent_equal,14,K14-C03,64,8.791208791208792,-1.0160255622424272,-1.0676123739694547,-0.3230715431714767,0.8990960338714424,0.7148294818189482,-1.0996226100511999,-1.0047774721814224,-0.8866592386265552
expanded8_recent_equal,14,K14-C10,69,9.478021978021978,0.10045838937485903,0.9267329995784024,1.4051851117120813,-0.6433750994278207,0.3098391332566413,0.25575102150955903,0.3126852553003535,0.3711240317270333
expanded8_recent_equal,14,K14-C09,51,7.0054945054945055,-0.16674935395096038,1.7392425961025004,-0.18089416617875576,-0.7181815355322491,0.06244784854744137,-0.03153929042854521,0.11497091048951451,0.0678580090034553
expanded8_recent_equal,14,K14-C08,69,9.478021978021978,0.4470450490330748,-0.32755487261864885,0.4392417507643916,0.632607531463643,0.5311892301017149,0.5361457597568685,-0.11063082148629015,0.03655160986291581
expanded8_recent_equal,14,K14-C02,29,3.983516483516483,-0.7879803883647357,-1.092000666713838,-0.4495821806202175,2.716375549627551,0.25665601766316415,-0.7364468667489927,-0.7347806187443359,-0.697850298072584
expanded8_recent_equal,14,K14-C04,58,7.967032967032966,-0.8770615700457267,0.14719170348231292,1.0750746705579115,-0.12538750878958219,0.11224908573920905,-0.9935995064259475,-0.5891427614112288,-0.8853954834711755
expanded8_recent_equal,14,K14-C05,8,1.098901098901099,-1.0117968573382257,-0.6200569809647659,0.08334185763880451,-0.0702298537201262,0.822603772923959,-1.0507360236048657,-1.4967125621858497,2.836698209356733
expanded8_recent_equal,14,K14-C01,32,4.395604395604396,-1.014872279086736,-0.9617645187348506,-0.3499383262260913,1.2271188627522394,-1.3174857218755378,-1.1751746072864435,-1.4336529220240408,-0.9206362330402301
expanded8_recent_equal,15,K15-C09,63,8.653846153846153,-0.063419777668609,1.5221020249525323,-0.3489094144033899,-0.727211549516693,0.11144008331946698,0.05231608168821222,0.21151571937386593,0.13077044037694904
expanded8_recent_equal,15,K15-C01,25,3.4340659340659343,-0.789320848050983,-1.1799989609661112,-0.4900891132589253,2.8331776033488247,0.3681041910068284,-0.7730305843554782,-0.6959551001980477,-0.6659539765483784
expanded8_recent_equal,15,K15-C13,48,6.593406593406594,1.0800025019402664,0.041770297365182146,0.10040013259411536,-0.6722193149620384,-1.67673335889224,1.1645917384644908,0.8858189104203926,0.783984554625792
expanded8_recent_equal,15,K15-C06,69,9.478021978021978,-0.3206515335226233,-0.15326597136945674,-0.9143447280083331,-0.21947196150272621,0.5133384158400154,-0.2751525839559435,-0.03143276009297058,-0.4836206224103828
expanded8_recent_equal,15,K15-C08,70,9.615384615384617,0.08880871726083285,-0.2961895113741795,0.4859171465841407,0.5188422826391605,0.6545638578132895,0.13318705239828055,-0.11716271168026743,0.23319310045054023
expanded8_recent_equal,15,K15-C05,72,9.89010989010989,-0.32700294800324264,-0.47607175967167636,-0.1266644606999113,-0.0669537205977212,-1.2268184611046558,-0.35068668974540823,-0.2938488229131829,-0.28434070912299275
expanded8_recent_equal,15,K15-C11,50,6.868131868131869,0.7360883392101765,0.4364145125440467,0.33798778617168496,-0.5175203089220759,0.7573233451689241,0.9224154900718079,0.22939595778252445,-0.016655057429938572
expanded8_recent_equal,15,K15-C04,68,9.340659340659341,-0.902257570942752,0.1477543028103625,0.8949143743361823,-0.12182895039800438,0.16871269579944065,-1.0171428345227593,-0.5590339082814096,-0.8218328820770178
expanded8_recent_equal,15,K15-C07,11,1.510989010989011,-0.7720537528520738,-0.5651176171559898,-0.08972209554416744,-0.10976682390187696,0.8142057762144778,-0.8137774868216017,-1.116578725943614,2.6412367909580046
expanded8_recent_equal,15,K15-C15,22,3.021978021978022,2.874278105699987,-0.3472204715989641,-0.3738199111635264,-0.2250271437537607,-0.518276368356563,2.372065733493768,0.9503898300108479,1.5819658642570154
expanded8_recent_equal,15,K15-C14,32,4.395604395604396,0.6639235678813799,1.2239156357724228,-0.8139234050105465,-0.8810728015153546,0.11437271709103193,0.8365824955657292,2.0467122833848745,0.2680038883342521
expanded8_recent_equal,15,K15-C10,51,7.0054945054945055,-0.04952151318421098,1.0525854445084617,1.7082261661270426,-0.700837301354811,-0.06313788002310323,0.16098613735891903,0.3989778611922412,0.4423100466837772
expanded8_recent_equal,15,K15-C12,49,6.730769230769231,1.2213672961898225,-0.27411253835565175,-0.5718351518692572,-0.14980980165772842,0.44994981009438867,0.9337056612793024,0.800194614464334,1.2344651834764144
expanded8_recent_equal,15,K15-C03,64,8.791208791208792,-0.9996873842034658,-1.0622559275279964,-0.3333065081446632,0.9073887458375299,0.6917349908678745,-1.073697905117538,-1.0439710416706338,-0.8913673053415193
expanded8_recent_equal,15,K15-C02,34,4.670329670329671,-0.9834848865357622,-0.9486994597701622,-0.3722144264618501,1.3064687341140182,-1.244126750619186,-1.0930433992192958,-1.3893620833470635,-0.9828470028810546
