specification,k,method,replicate,held_out_cycle,ari
core6_all_equal,2,bootstrap_refit,1,,0.9229680927995215
core6_all_equal,2,bootstrap_refit,2,,0.9568336033772256
core6_all_equal,2,bootstrap_refit,3,,0.9568332407213681
core6_all_equal,2,bootstrap_refit,4,,0.8924604899343166
core6_all_equal,2,bootstrap_refit,5,,0.9062661032901257
core6_all_equal,2,bootstrap_refit,6,,0.9568270746393375
core6_all_equal,2,bootstrap_refit,7,,0.9826185713420427
core6_all_equal,2,bootstrap_refit,8,,0.9090669792438905
core6_all_equal,2,bootstrap_refit,9,,0.9257666307075575
core6_all_equal,2,bootstrap_refit,10,,0.9797357744916083
core6_all_equal,2,bootstrap_refit,11,,0.889718482453508
core6_all_equal,2,bootstrap_refit,12,,0.8979696600023382
core6_all_equal,2,bootstrap_refit,13,,0.9768576831978125
core6_all_equal,2,bootstrap_refit,14,,0.9596777212245343
core6_all_equal,2,bootstrap_refit,15,,0.9454837070255946
core6_all_equal,2,bootstrap_refit,16,,0.9797357744916083
core6_all_equal,2,bootstrap_refit,17,,0.914622285770919
core6_all_equal,2,bootstrap_refit,18,,0.9398257661528847
core6_all_equal,2,bootstrap_refit,19,,0.9653903234148352
core6_all_equal,2,bootstrap_refit,20,,0.9511499749607663
core6_all_equal,2,bootstrap_refit,21,,0.9426569458364489
core6_all_equal,2,bootstrap_refit,22,,0.9313771535313994
core6_all_equal,2,bootstrap_refit,23,,0.9062673860728353
core6_all_equal,2,bootstrap_refit,24,,0.9118288994643722
core6_all_equal,2,bootstrap_refit,25,,0.9855048351878922
core6_all_equal,2,bootstrap_refit,26,,0.9568270746393375
core6_all_equal,2,bootstrap_refit,27,,0.8678843165011504
core6_all_equal,2,bootstrap_refit,28,,0.9398236425368092
core6_all_equal,2,bootstrap_refit,29,,0.939825072743708
core6_all_equal,2,bootstrap_refit,30,,0.9682507838277452
core6_all_equal,2,leave_cycle_out,1,2009-2010,0.9819807788739299
core6_all_equal,2,leave_cycle_out,2,2011-2012,0.9789184624128242
core6_all_equal,2,leave_cycle_out,3,2013-2014,1.0
core6_all_equal,2,leave_cycle_out,4,2015-2016,0.9141901910586796
core6_all_equal,2,leave_cycle_out,5,2017-2018,1.0
core6_all_equal,2,leave_cycle_out,6,2021-2023,0.9849038914831552
core6_all_equal,3,bootstrap_refit,1,,0.9290607468209691
core6_all_equal,3,bootstrap_refit,2,,0.888636443266539
core6_all_equal,3,bootstrap_refit,3,,0.912552507312351
core6_all_equal,3,bootstrap_refit,4,,0.9467377290876935
core6_all_equal,3,bootstrap_refit,5,,0.9674847072989675
core6_all_equal,3,bootstrap_refit,6,,0.93754772228437
core6_all_equal,3,bootstrap_refit,7,,0.9604706649868867
core6_all_equal,3,bootstrap_refit,8,,0.9438653299072344
core6_all_equal,3,bootstrap_refit,9,,0.8279255777677402
core6_all_equal,3,bootstrap_refit,10,,0.9309077225308222
core6_all_equal,3,bootstrap_refit,11,,0.8787544596130898
core6_all_equal,3,bootstrap_refit,12,,0.9580150345763823
core6_all_equal,3,bootstrap_refit,13,,0.9572135833790151
core6_all_equal,3,bootstrap_refit,14,,0.8764688614655409
core6_all_equal,3,bootstrap_refit,15,,0.931427644618853
core6_all_equal,3,bootstrap_refit,16,,0.8970196752928429
core6_all_equal,3,bootstrap_refit,17,,0.8789736699791659
core6_all_equal,3,bootstrap_refit,18,,0.8914476998269659
core6_all_equal,3,bootstrap_refit,19,,0.9200595373372704
core6_all_equal,3,bootstrap_refit,20,,0.8672243009243596
core6_all_equal,3,bootstrap_refit,21,,0.9286709645440248
core6_all_equal,3,bootstrap_refit,22,,0.858100904949894
core6_all_equal,3,bootstrap_refit,23,,0.9271406907214896
core6_all_equal,3,bootstrap_refit,24,,0.8942486408028292
core6_all_equal,3,bootstrap_refit,25,,0.5669932396051319
core6_all_equal,3,bootstrap_refit,26,,0.9050945957194113
core6_all_equal,3,bootstrap_refit,27,,0.9037406482438181
core6_all_equal,3,bootstrap_refit,28,,0.8791302683179553
core6_all_equal,3,bootstrap_refit,29,,0.9331378050907048
core6_all_equal,3,bootstrap_refit,30,,0.9124562768182738
core6_all_equal,3,leave_cycle_out,1,2009-2010,0.9573587913643339
core6_all_equal,3,leave_cycle_out,2,2011-2012,0.9529700468478156
core6_all_equal,3,leave_cycle_out,3,2013-2014,0.9761575628801682
core6_all_equal,3,leave_cycle_out,4,2015-2016,0.9630208990907351
core6_all_equal,3,leave_cycle_out,5,2017-2018,0.9580700777475667
core6_all_equal,3,leave_cycle_out,6,2021-2023,0.9157861805458491
core6_all_equal,4,bootstrap_refit,1,,0.3608049449635874
core6_all_equal,4,bootstrap_refit,2,,0.3268136823996334
core6_all_equal,4,bootstrap_refit,3,,0.34887860103982715
core6_all_equal,4,bootstrap_refit,4,,0.8107456751638271
core6_all_equal,4,bootstrap_refit,5,,0.8367166670495613
core6_all_equal,4,bootstrap_refit,6,,0.8202745787320309
core6_all_equal,4,bootstrap_refit,7,,0.36092590268870145
core6_all_equal,4,bootstrap_refit,8,,0.79806027116157
core6_all_equal,4,bootstrap_refit,9,,0.8130701959764455
core6_all_equal,4,bootstrap_refit,10,,0.9562574046351401
core6_all_equal,4,bootstrap_refit,11,,0.3500795041360192
core6_all_equal,4,bootstrap_refit,12,,0.6769410372100999
core6_all_equal,4,bootstrap_refit,13,,0.3392532949915532
core6_all_equal,4,bootstrap_refit,14,,0.8497839276732642
core6_all_equal,4,bootstrap_refit,15,,0.6422775134427482
core6_all_equal,4,bootstrap_refit,16,,0.36245448644039896
core6_all_equal,4,bootstrap_refit,17,,0.8452237552808176
core6_all_equal,4,bootstrap_refit,18,,0.8076921451119023
core6_all_equal,4,bootstrap_refit,19,,0.36722902876371427
core6_all_equal,4,bootstrap_refit,20,,0.7876738687208761
core6_all_equal,4,bootstrap_refit,21,,0.3545617975232763
core6_all_equal,4,bootstrap_refit,22,,0.8730388974928928
core6_all_equal,4,bootstrap_refit,23,,0.7498741252961584
core6_all_equal,4,bootstrap_refit,24,,0.34267472486390355
core6_all_equal,4,bootstrap_refit,25,,0.5358402882275037
core6_all_equal,4,bootstrap_refit,26,,0.8389777982629469
core6_all_equal,4,bootstrap_refit,27,,0.32235958605513787
core6_all_equal,4,bootstrap_refit,28,,0.35586548122762734
core6_all_equal,4,bootstrap_refit,29,,0.3477360204177371
core6_all_equal,4,bootstrap_refit,30,,0.847994027834889
core6_all_equal,4,leave_cycle_out,1,2009-2010,0.8653547083797617
core6_all_equal,4,leave_cycle_out,2,2011-2012,0.9190398436134115
core6_all_equal,4,leave_cycle_out,3,2013-2014,0.8348862674338153
core6_all_equal,4,leave_cycle_out,4,2015-2016,0.9001025010991431
core6_all_equal,4,leave_cycle_out,5,2017-2018,0.8255946346027331
core6_all_equal,4,leave_cycle_out,6,2021-2023,0.8624373231949887
core6_all_equal,5,bootstrap_refit,1,,0.7267925455626428
core6_all_equal,5,bootstrap_refit,2,,0.8073742211848793
core6_all_equal,5,bootstrap_refit,3,,0.7401069035310254
core6_all_equal,5,bootstrap_refit,4,,0.8414797916315613
core6_all_equal,5,bootstrap_refit,5,,0.5513200833091735
core6_all_equal,5,bootstrap_refit,6,,0.9408890363958555
core6_all_equal,5,bootstrap_refit,7,,0.8202560645062771
core6_all_equal,5,bootstrap_refit,8,,0.38762107268059254
core6_all_equal,5,bootstrap_refit,9,,0.7863471794373675
core6_all_equal,5,bootstrap_refit,10,,0.8502638289737477
core6_all_equal,5,bootstrap_refit,11,,0.7481468264959645
core6_all_equal,5,bootstrap_refit,12,,0.40834721721222234
core6_all_equal,5,bootstrap_refit,13,,0.7335309010607856
core6_all_equal,5,bootstrap_refit,14,,0.4350131977240929
core6_all_equal,5,bootstrap_refit,15,,0.7983477881851321
core6_all_equal,5,bootstrap_refit,16,,0.7917912153037804
core6_all_equal,5,bootstrap_refit,17,,0.6927501145100797
core6_all_equal,5,bootstrap_refit,18,,0.7908731712369792
core6_all_equal,5,bootstrap_refit,19,,0.6184150474893899
core6_all_equal,5,bootstrap_refit,20,,0.749960946263107
core6_all_equal,5,bootstrap_refit,21,,0.4094435851746102
core6_all_equal,5,bootstrap_refit,22,,0.8407761027020457
core6_all_equal,5,bootstrap_refit,23,,0.7932143639141443
core6_all_equal,5,bootstrap_refit,24,,0.7977021966401934
core6_all_equal,5,bootstrap_refit,25,,0.38932461106792754
core6_all_equal,5,bootstrap_refit,26,,0.7572165905287058
core6_all_equal,5,bootstrap_refit,27,,0.7779481840136048
core6_all_equal,5,bootstrap_refit,28,,0.8128783871025215
core6_all_equal,5,bootstrap_refit,29,,0.9095382532709768
core6_all_equal,5,bootstrap_refit,30,,0.8336197450607976
core6_all_equal,5,leave_cycle_out,1,2009-2010,0.903506253761935
core6_all_equal,5,leave_cycle_out,2,2011-2012,0.92075236760169
core6_all_equal,5,leave_cycle_out,3,2013-2014,0.8925889194295845
core6_all_equal,5,leave_cycle_out,4,2015-2016,0.9074103466536196
core6_all_equal,5,leave_cycle_out,5,2017-2018,0.9552766654349996
core6_all_equal,5,leave_cycle_out,6,2021-2023,0.9001818943591969
core6_all_equal,6,bootstrap_refit,1,,0.6668598199384654
core6_all_equal,6,bootstrap_refit,2,,0.8704247472860845
core6_all_equal,6,bootstrap_refit,3,,0.7891837653054377
core6_all_equal,6,bootstrap_refit,4,,0.8321894840763286
core6_all_equal,6,bootstrap_refit,5,,0.5546551330730015
core6_all_equal,6,bootstrap_refit,6,,0.8034423441202795
core6_all_equal,6,bootstrap_refit,7,,0.8460470946596019
core6_all_equal,6,bootstrap_refit,8,,0.7755402477887148
core6_all_equal,6,bootstrap_refit,9,,0.8523845269741099
core6_all_equal,6,bootstrap_refit,10,,0.8554369644669191
core6_all_equal,6,bootstrap_refit,11,,0.6943024608233926
core6_all_equal,6,bootstrap_refit,12,,0.6785199370760329
core6_all_equal,6,bootstrap_refit,13,,0.8873806681600838
core6_all_equal,6,bootstrap_refit,14,,0.7311038071652692
core6_all_equal,6,bootstrap_refit,15,,0.6039854069085586
core6_all_equal,6,bootstrap_refit,16,,0.7530431893419157
core6_all_equal,6,bootstrap_refit,17,,0.8254230854204346
core6_all_equal,6,bootstrap_refit,18,,0.8637244478400435
core6_all_equal,6,bootstrap_refit,19,,0.908692534559492
core6_all_equal,6,bootstrap_refit,20,,0.7927339823174981
core6_all_equal,6,bootstrap_refit,21,,0.8984579100381042
core6_all_equal,6,bootstrap_refit,22,,0.6527183154004125
core6_all_equal,6,bootstrap_refit,23,,0.9153691355879199
core6_all_equal,6,bootstrap_refit,24,,0.8961852376321848
core6_all_equal,6,bootstrap_refit,25,,0.8119563379819522
core6_all_equal,6,bootstrap_refit,26,,0.6979943737366407
core6_all_equal,6,bootstrap_refit,27,,0.5950194658073191
core6_all_equal,6,bootstrap_refit,28,,0.6095415248839258
core6_all_equal,6,bootstrap_refit,29,,0.7949282283928536
core6_all_equal,6,bootstrap_refit,30,,0.6834043353702411
core6_all_equal,6,leave_cycle_out,1,2009-2010,0.8854758298608819
core6_all_equal,6,leave_cycle_out,2,2011-2012,0.9863702058668089
core6_all_equal,6,leave_cycle_out,3,2013-2014,0.8601956043176009
core6_all_equal,6,leave_cycle_out,4,2015-2016,0.8473381594760158
core6_all_equal,6,leave_cycle_out,5,2017-2018,0.9077663641242588
core6_all_equal,6,leave_cycle_out,6,2021-2023,0.88175570024095
core6_all_equal,7,bootstrap_refit,1,,0.4613530332092273
core6_all_equal,7,bootstrap_refit,2,,0.8084784248613974
core6_all_equal,7,bootstrap_refit,3,,0.515673051205051
core6_all_equal,7,bootstrap_refit,4,,0.3897165679707026
core6_all_equal,7,bootstrap_refit,5,,0.8113271123676606
core6_all_equal,7,bootstrap_refit,6,,0.4871697267131311
core6_all_equal,7,bootstrap_refit,7,,0.3860994738468967
core6_all_equal,7,bootstrap_refit,8,,0.5284390020878684
core6_all_equal,7,bootstrap_refit,9,,0.5017530907585492
core6_all_equal,7,bootstrap_refit,10,,0.866074169829967
core6_all_equal,7,bootstrap_refit,11,,0.5198391595389521
core6_all_equal,7,bootstrap_refit,12,,0.7946800100208662
core6_all_equal,7,bootstrap_refit,13,,0.855614729385593
core6_all_equal,7,bootstrap_refit,14,,0.4179021722425277
core6_all_equal,7,bootstrap_refit,15,,0.4593159546017318
core6_all_equal,7,bootstrap_refit,16,,0.8616175730097041
core6_all_equal,7,bootstrap_refit,17,,0.3563710556726821
core6_all_equal,7,bootstrap_refit,18,,0.6366560636450616
core6_all_equal,7,bootstrap_refit,19,,0.3862439430012924
core6_all_equal,7,bootstrap_refit,20,,0.6225434542079088
core6_all_equal,7,bootstrap_refit,21,,0.7434815498738065
core6_all_equal,7,bootstrap_refit,22,,0.751510606254362
core6_all_equal,7,bootstrap_refit,23,,0.8406475569462505
core6_all_equal,7,bootstrap_refit,24,,0.7544903609078749
core6_all_equal,7,bootstrap_refit,25,,0.8447451385452909
core6_all_equal,7,bootstrap_refit,26,,0.41934143975266863
core6_all_equal,7,bootstrap_refit,27,,0.48523783465241666
core6_all_equal,7,bootstrap_refit,28,,0.37729874494074045
core6_all_equal,7,bootstrap_refit,29,,0.34295704314931075
core6_all_equal,7,bootstrap_refit,30,,0.8449896254256455
core6_all_equal,7,leave_cycle_out,1,2009-2010,0.5095723428702661
core6_all_equal,7,leave_cycle_out,2,2011-2012,0.9324442191501937
core6_all_equal,7,leave_cycle_out,3,2013-2014,0.5191717589792334
core6_all_equal,7,leave_cycle_out,4,2015-2016,0.9352017334039201
core6_all_equal,7,leave_cycle_out,5,2017-2018,0.9552808912030086
core6_all_equal,7,leave_cycle_out,6,2021-2023,0.9200343554944166
core6_all_equal,8,bootstrap_refit,1,,0.521650786425377
core6_all_equal,8,bootstrap_refit,2,,0.5519711562821311
core6_all_equal,8,bootstrap_refit,3,,0.7171320991384883
core6_all_equal,8,bootstrap_refit,4,,0.5402588046784242
core6_all_equal,8,bootstrap_refit,5,,0.4825327565570096
core6_all_equal,8,bootstrap_refit,6,,0.4938840442519667
core6_all_equal,8,bootstrap_refit,7,,0.7512986056204961
core6_all_equal,8,bootstrap_refit,8,,0.5041662372398922
core6_all_equal,8,bootstrap_refit,9,,0.5409724990340338
core6_all_equal,8,bootstrap_refit,10,,0.6228360030787414
core6_all_equal,8,bootstrap_refit,11,,0.5799651077583277
core6_all_equal,8,bootstrap_refit,12,,0.5192323188185667
core6_all_equal,8,bootstrap_refit,13,,0.5485088948769888
core6_all_equal,8,bootstrap_refit,14,,0.6612784105042181
core6_all_equal,8,bootstrap_refit,15,,0.6174964795386946
core6_all_equal,8,bootstrap_refit,16,,0.8167302359575251
core6_all_equal,8,bootstrap_refit,17,,0.5473193194756524
core6_all_equal,8,bootstrap_refit,18,,0.5034252062623299
core6_all_equal,8,bootstrap_refit,19,,0.5383367105521549
core6_all_equal,8,bootstrap_refit,20,,0.5032619190305582
core6_all_equal,8,bootstrap_refit,21,,0.6466594235124125
core6_all_equal,8,bootstrap_refit,22,,0.7693352813479273
core6_all_equal,8,bootstrap_refit,23,,0.7084304553036047
core6_all_equal,8,bootstrap_refit,24,,0.6182397847533481
core6_all_equal,8,bootstrap_refit,25,,0.8564272446218397
core6_all_equal,8,bootstrap_refit,26,,0.49782812903873314
core6_all_equal,8,bootstrap_refit,27,,0.7855132069444855
core6_all_equal,8,bootstrap_refit,28,,0.6740415086812409
core6_all_equal,8,bootstrap_refit,29,,0.5385340109421306
core6_all_equal,8,bootstrap_refit,30,,0.4654440387489971
core6_all_equal,8,leave_cycle_out,1,2009-2010,0.8985593578316073
core6_all_equal,8,leave_cycle_out,2,2011-2012,0.9103100233661745
core6_all_equal,8,leave_cycle_out,3,2013-2014,0.5640376568431281
core6_all_equal,8,leave_cycle_out,4,2015-2016,0.6554618714362354
core6_all_equal,8,leave_cycle_out,5,2017-2018,0.851447445014802
core6_all_equal,8,leave_cycle_out,6,2021-2023,0.865009385656761
core6_all_equal,9,bootstrap_refit,1,,0.527008261268009
core6_all_equal,9,bootstrap_refit,2,,0.44549949203860995
core6_all_equal,9,bootstrap_refit,3,,0.6215099110808759
core6_all_equal,9,bootstrap_refit,4,,0.45541115778955615
core6_all_equal,9,bootstrap_refit,5,,0.6238261426980266
core6_all_equal,9,bootstrap_refit,6,,0.543370988232474
core6_all_equal,9,bootstrap_refit,7,,0.4971362802304961
core6_all_equal,9,bootstrap_refit,8,,0.5476336209887083
core6_all_equal,9,bootstrap_refit,9,,0.4608618038106939
core6_all_equal,9,bootstrap_refit,10,,0.4517725473152819
core6_all_equal,9,bootstrap_refit,11,,0.6149710164987363
core6_all_equal,9,bootstrap_refit,12,,0.5371697867083289
core6_all_equal,9,bootstrap_refit,13,,0.48472036236353255
core6_all_equal,9,bootstrap_refit,14,,0.7366097192020276
core6_all_equal,9,bootstrap_refit,15,,0.49111052998443616
core6_all_equal,9,bootstrap_refit,16,,0.45629190995722135
core6_all_equal,9,bootstrap_refit,17,,0.454245432045887
core6_all_equal,9,bootstrap_refit,18,,0.8172705475013697
core6_all_equal,9,bootstrap_refit,19,,0.46668466398260305
core6_all_equal,9,bootstrap_refit,20,,0.5029048804595745
core6_all_equal,9,bootstrap_refit,21,,0.6350745967448548
core6_all_equal,9,bootstrap_refit,22,,0.4879213285828037
core6_all_equal,9,bootstrap_refit,23,,0.7397967641980518
core6_all_equal,9,bootstrap_refit,24,,0.4669547622536534
core6_all_equal,9,bootstrap_refit,25,,0.5292798499804909
core6_all_equal,9,bootstrap_refit,26,,0.6368293138885033
core6_all_equal,9,bootstrap_refit,27,,0.4831176808803387
core6_all_equal,9,bootstrap_refit,28,,0.4431756131001951
core6_all_equal,9,bootstrap_refit,29,,0.4629341998541204
core6_all_equal,9,bootstrap_refit,30,,0.7282583090246972
core6_all_equal,9,leave_cycle_out,1,2009-2010,0.566445222987187
core6_all_equal,9,leave_cycle_out,2,2011-2012,0.8937444984005085
core6_all_equal,9,leave_cycle_out,3,2013-2014,0.5132342263370473
core6_all_equal,9,leave_cycle_out,4,2015-2016,0.5020011192100361
core6_all_equal,9,leave_cycle_out,5,2017-2018,0.46463861150232
core6_all_equal,9,leave_cycle_out,6,2021-2023,0.4548102235604438
core6_all_equal,10,bootstrap_refit,1,,0.5486517715718001
core6_all_equal,10,bootstrap_refit,2,,0.6757098900219527
core6_all_equal,10,bootstrap_refit,3,,0.45555817692145467
core6_all_equal,10,bootstrap_refit,4,,0.4138147067956364
core6_all_equal,10,bootstrap_refit,5,,0.44609381379506996
core6_all_equal,10,bootstrap_refit,6,,0.584838541641371
core6_all_equal,10,bootstrap_refit,7,,0.5258510798108271
core6_all_equal,10,bootstrap_refit,8,,0.6450763573212832
core6_all_equal,10,bootstrap_refit,9,,0.5104165163430642
core6_all_equal,10,bootstrap_refit,10,,0.4058063834603605
core6_all_equal,10,bootstrap_refit,11,,0.553196100974371
core6_all_equal,10,bootstrap_refit,12,,0.5713824535335122
core6_all_equal,10,bootstrap_refit,13,,0.5692874837903111
core6_all_equal,10,bootstrap_refit,14,,0.5596295516407767
core6_all_equal,10,bootstrap_refit,15,,0.4658892242761876
core6_all_equal,10,bootstrap_refit,16,,0.46825645156315154
core6_all_equal,10,bootstrap_refit,17,,0.477573938875931
core6_all_equal,10,bootstrap_refit,18,,0.5761136173537833
core6_all_equal,10,bootstrap_refit,19,,0.8075081484511556
core6_all_equal,10,bootstrap_refit,20,,0.5243709127050131
core6_all_equal,10,bootstrap_refit,21,,0.5637585923716915
core6_all_equal,10,bootstrap_refit,22,,0.4449355572332921
core6_all_equal,10,bootstrap_refit,23,,0.7496424787539823
core6_all_equal,10,bootstrap_refit,24,,0.525653978290993
core6_all_equal,10,bootstrap_refit,25,,0.42630349681900026
core6_all_equal,10,bootstrap_refit,26,,0.48348751780889915
core6_all_equal,10,bootstrap_refit,27,,0.5025636021484097
core6_all_equal,10,bootstrap_refit,28,,0.7598300168265759
core6_all_equal,10,bootstrap_refit,29,,0.7729713888785156
core6_all_equal,10,bootstrap_refit,30,,0.5766504225078396
core6_all_equal,10,leave_cycle_out,1,2009-2010,0.6631210566559314
core6_all_equal,10,leave_cycle_out,2,2011-2012,0.5318971762939072
core6_all_equal,10,leave_cycle_out,3,2013-2014,0.8008054759009943
core6_all_equal,10,leave_cycle_out,4,2015-2016,0.6770088371167206
core6_all_equal,10,leave_cycle_out,5,2017-2018,0.6424248497702277
core6_all_equal,10,leave_cycle_out,6,2021-2023,0.4086450932750554
core6_all_equal,11,bootstrap_refit,1,,0.48149574072957646
core6_all_equal,11,bootstrap_refit,2,,0.5110183434070955
core6_all_equal,11,bootstrap_refit,3,,0.5326474823618342
core6_all_equal,11,bootstrap_refit,4,,0.5477079364922379
core6_all_equal,11,bootstrap_refit,5,,0.6021341844587946
core6_all_equal,11,bootstrap_refit,6,,0.6621818300221963
core6_all_equal,11,bootstrap_refit,7,,0.5247293327031005
core6_all_equal,11,bootstrap_refit,8,,0.5707201624343111
core6_all_equal,11,bootstrap_refit,9,,0.4801630995687789
core6_all_equal,11,bootstrap_refit,10,,0.47558011086328883
core6_all_equal,11,bootstrap_refit,11,,0.4388972796094286
core6_all_equal,11,bootstrap_refit,12,,0.5218235869767295
core6_all_equal,11,bootstrap_refit,13,,0.48741994953313805
core6_all_equal,11,bootstrap_refit,14,,0.44973727107724787
core6_all_equal,11,bootstrap_refit,15,,0.6205170957426931
core6_all_equal,11,bootstrap_refit,16,,0.3956358215181212
core6_all_equal,11,bootstrap_refit,17,,0.37171626757615905
core6_all_equal,11,bootstrap_refit,18,,0.6503797829808008
core6_all_equal,11,bootstrap_refit,19,,0.5058570996739616
core6_all_equal,11,bootstrap_refit,20,,0.43039937414936263
core6_all_equal,11,bootstrap_refit,21,,0.4840090511530724
core6_all_equal,11,bootstrap_refit,22,,0.7531778862866609
core6_all_equal,11,bootstrap_refit,23,,0.4494550179935065
core6_all_equal,11,bootstrap_refit,24,,0.820254707892175
core6_all_equal,11,bootstrap_refit,25,,0.5557050393016818
core6_all_equal,11,bootstrap_refit,26,,0.5436095282126872
core6_all_equal,11,bootstrap_refit,27,,0.6804211071066011
core6_all_equal,11,bootstrap_refit,28,,0.4187869615415294
core6_all_equal,11,bootstrap_refit,29,,0.4944374233833186
core6_all_equal,11,bootstrap_refit,30,,0.5739160380795562
core6_all_equal,11,leave_cycle_out,1,2009-2010,0.6057102150298262
core6_all_equal,11,leave_cycle_out,2,2011-2012,0.8408535436474025
core6_all_equal,11,leave_cycle_out,3,2013-2014,0.6263935588443809
core6_all_equal,11,leave_cycle_out,4,2015-2016,0.7276404272182648
core6_all_equal,11,leave_cycle_out,5,2017-2018,0.6810015876273281
core6_all_equal,11,leave_cycle_out,6,2021-2023,0.5160436205139233
core6_all_equal,12,bootstrap_refit,1,,0.6236996080786629
core6_all_equal,12,bootstrap_refit,2,,0.631774767423968
core6_all_equal,12,bootstrap_refit,3,,0.5354942353539032
core6_all_equal,12,bootstrap_refit,4,,0.4994989559658788
core6_all_equal,12,bootstrap_refit,5,,0.5459552104375507
core6_all_equal,12,bootstrap_refit,6,,0.5852803857289567
core6_all_equal,12,bootstrap_refit,7,,0.4907356361454683
core6_all_equal,12,bootstrap_refit,8,,0.5508182884665563
core6_all_equal,12,bootstrap_refit,9,,0.49277361383775525
core6_all_equal,12,bootstrap_refit,10,,0.42013098497551904
core6_all_equal,12,bootstrap_refit,11,,0.4234560906933351
core6_all_equal,12,bootstrap_refit,12,,0.48418008903422044
core6_all_equal,12,bootstrap_refit,13,,0.5157590417167
core6_all_equal,12,bootstrap_refit,14,,0.557335268351859
core6_all_equal,12,bootstrap_refit,15,,0.6037801718349634
core6_all_equal,12,bootstrap_refit,16,,0.4703808769697146
core6_all_equal,12,bootstrap_refit,17,,0.5891132738630966
core6_all_equal,12,bootstrap_refit,18,,0.5355440190083959
core6_all_equal,12,bootstrap_refit,19,,0.32757614365057647
core6_all_equal,12,bootstrap_refit,20,,0.5652127668378379
core6_all_equal,12,bootstrap_refit,21,,0.5619855698912236
core6_all_equal,12,bootstrap_refit,22,,0.5350583867509238
core6_all_equal,12,bootstrap_refit,23,,0.582436361540335
core6_all_equal,12,bootstrap_refit,24,,0.5634843140194112
core6_all_equal,12,bootstrap_refit,25,,0.4751957286457215
core6_all_equal,12,bootstrap_refit,26,,0.4505226577996512
core6_all_equal,12,bootstrap_refit,27,,0.44925362996081586
core6_all_equal,12,bootstrap_refit,28,,0.503807631384673
core6_all_equal,12,bootstrap_refit,29,,0.4790118325347324
core6_all_equal,12,bootstrap_refit,30,,0.6253488978504294
core6_all_equal,12,leave_cycle_out,1,2009-2010,0.5439377350171861
core6_all_equal,12,leave_cycle_out,2,2011-2012,0.9232593013399376
core6_all_equal,12,leave_cycle_out,3,2013-2014,0.5705538709996635
core6_all_equal,12,leave_cycle_out,4,2015-2016,0.6147757214245203
core6_all_equal,12,leave_cycle_out,5,2017-2018,0.632844631639296
core6_all_equal,12,leave_cycle_out,6,2021-2023,0.6257233536602046
core6_all_equal,13,bootstrap_refit,1,,0.3946610194721023
core6_all_equal,13,bootstrap_refit,2,,0.3873875010961318
core6_all_equal,13,bootstrap_refit,3,,0.37795510780026725
core6_all_equal,13,bootstrap_refit,4,,0.35902067230413737
core6_all_equal,13,bootstrap_refit,5,,0.3711788857967658
core6_all_equal,13,bootstrap_refit,6,,0.3516634309840846
core6_all_equal,13,bootstrap_refit,7,,0.46216579618125647
core6_all_equal,13,bootstrap_refit,8,,0.38023651116376184
core6_all_equal,13,bootstrap_refit,9,,0.32801392055167916
core6_all_equal,13,bootstrap_refit,10,,0.37525473145139854
core6_all_equal,13,bootstrap_refit,11,,0.475247977900687
core6_all_equal,13,bootstrap_refit,12,,0.5410920435570791
core6_all_equal,13,bootstrap_refit,13,,0.39440220517680635
core6_all_equal,13,bootstrap_refit,14,,0.5559381674533008
core6_all_equal,13,bootstrap_refit,15,,0.46208993584571095
core6_all_equal,13,bootstrap_refit,16,,0.45569101068567613
core6_all_equal,13,bootstrap_refit,17,,0.4161680511026439
core6_all_equal,13,bootstrap_refit,18,,0.41559960534044293
core6_all_equal,13,bootstrap_refit,19,,0.4997941635307171
core6_all_equal,13,bootstrap_refit,20,,0.4100206459438146
core6_all_equal,13,bootstrap_refit,21,,0.48811679014295173
core6_all_equal,13,bootstrap_refit,22,,0.4563168300695887
core6_all_equal,13,bootstrap_refit,23,,0.47786477249753473
core6_all_equal,13,bootstrap_refit,24,,0.4725236436685365
core6_all_equal,13,bootstrap_refit,25,,0.372779106974772
core6_all_equal,13,bootstrap_refit,26,,0.40661838218487234
core6_all_equal,13,bootstrap_refit,27,,0.4024447680817825
core6_all_equal,13,bootstrap_refit,28,,0.5558209999721491
core6_all_equal,13,bootstrap_refit,29,,0.45021346643834526
core6_all_equal,13,bootstrap_refit,30,,0.5254289074074141
core6_all_equal,13,leave_cycle_out,1,2009-2010,0.5031545368060847
core6_all_equal,13,leave_cycle_out,2,2011-2012,0.6682387455553183
core6_all_equal,13,leave_cycle_out,3,2013-2014,0.6471906040992559
core6_all_equal,13,leave_cycle_out,4,2015-2016,0.5685041750241092
core6_all_equal,13,leave_cycle_out,5,2017-2018,0.6375259465809656
core6_all_equal,13,leave_cycle_out,6,2021-2023,0.5333349984996172
core6_all_equal,14,bootstrap_refit,1,,0.40306961037049055
core6_all_equal,14,bootstrap_refit,2,,0.4459463048893117
core6_all_equal,14,bootstrap_refit,3,,0.6202447368105939
core6_all_equal,14,bootstrap_refit,4,,0.41519155250415385
core6_all_equal,14,bootstrap_refit,5,,0.5020080976282827
core6_all_equal,14,bootstrap_refit,6,,0.4423323062171241
core6_all_equal,14,bootstrap_refit,7,,0.3986983924236635
core6_all_equal,14,bootstrap_refit,8,,0.40877184882526535
core6_all_equal,14,bootstrap_refit,9,,0.43680583520495747
core6_all_equal,14,bootstrap_refit,10,,0.5728359488161437
core6_all_equal,14,bootstrap_refit,11,,0.38930305334657067
core6_all_equal,14,bootstrap_refit,12,,0.5874382529871703
core6_all_equal,14,bootstrap_refit,13,,0.44584863608535663
core6_all_equal,14,bootstrap_refit,14,,0.37730515235773154
core6_all_equal,14,bootstrap_refit,15,,0.3917836998098661
core6_all_equal,14,bootstrap_refit,16,,0.4748303663999016
core6_all_equal,14,bootstrap_refit,17,,0.5028825286577986
core6_all_equal,14,bootstrap_refit,18,,0.5095663581778116
core6_all_equal,14,bootstrap_refit,19,,0.5120196018411229
core6_all_equal,14,bootstrap_refit,20,,0.4629357961479997
core6_all_equal,14,bootstrap_refit,21,,0.3780980660982493
core6_all_equal,14,bootstrap_refit,22,,0.4440604647014691
core6_all_equal,14,bootstrap_refit,23,,0.45516578786403683
core6_all_equal,14,bootstrap_refit,24,,0.5247011864868568
core6_all_equal,14,bootstrap_refit,25,,0.5040268635704631
core6_all_equal,14,bootstrap_refit,26,,0.4874681909380509
core6_all_equal,14,bootstrap_refit,27,,0.44959548713583447
core6_all_equal,14,bootstrap_refit,28,,0.4451820073795881
core6_all_equal,14,bootstrap_refit,29,,0.5694957208694488
core6_all_equal,14,bootstrap_refit,30,,0.5041389256000037
core6_all_equal,14,leave_cycle_out,1,2009-2010,0.5501965998962909
core6_all_equal,14,leave_cycle_out,2,2011-2012,0.43046690015095
core6_all_equal,14,leave_cycle_out,3,2013-2014,0.4805034703769306
core6_all_equal,14,leave_cycle_out,4,2015-2016,0.49127168191981335
core6_all_equal,14,leave_cycle_out,5,2017-2018,0.49309111272793316
core6_all_equal,14,leave_cycle_out,6,2021-2023,0.4093831731070644
core6_all_equal,15,bootstrap_refit,1,,0.45908885671159383
core6_all_equal,15,bootstrap_refit,2,,0.4497948659548804
core6_all_equal,15,bootstrap_refit,3,,0.37149148266281157
core6_all_equal,15,bootstrap_refit,4,,0.5609272483414804
core6_all_equal,15,bootstrap_refit,5,,0.41422457936621276
core6_all_equal,15,bootstrap_refit,6,,0.5016718335509522
core6_all_equal,15,bootstrap_refit,7,,0.3518649531762417
core6_all_equal,15,bootstrap_refit,8,,0.3464346743815793
core6_all_equal,15,bootstrap_refit,9,,0.48462121813442455
core6_all_equal,15,bootstrap_refit,10,,0.39456711966208774
core6_all_equal,15,bootstrap_refit,11,,0.5126026931594879
core6_all_equal,15,bootstrap_refit,12,,0.3677270407103869
core6_all_equal,15,bootstrap_refit,13,,0.36404378488080197
core6_all_equal,15,bootstrap_refit,14,,0.43379311849201835
core6_all_equal,15,bootstrap_refit,15,,0.5204451928572887
core6_all_equal,15,bootstrap_refit,16,,0.4115140460893825
core6_all_equal,15,bootstrap_refit,17,,0.4182755674209085
core6_all_equal,15,bootstrap_refit,18,,0.5172530865081313
core6_all_equal,15,bootstrap_refit,19,,0.5160555418299354
core6_all_equal,15,bootstrap_refit,20,,0.5276123544538832
core6_all_equal,15,bootstrap_refit,21,,0.42833750304802193
core6_all_equal,15,bootstrap_refit,22,,0.42881139047427913
core6_all_equal,15,bootstrap_refit,23,,0.48991751223338065
core6_all_equal,15,bootstrap_refit,24,,0.5495105805845679
core6_all_equal,15,bootstrap_refit,25,,0.44619140506393895
core6_all_equal,15,bootstrap_refit,26,,0.4782728909813126
core6_all_equal,15,bootstrap_refit,27,,0.4059793945560179
core6_all_equal,15,bootstrap_refit,28,,0.3872924859762259
core6_all_equal,15,bootstrap_refit,29,,0.5170179599532768
core6_all_equal,15,bootstrap_refit,30,,0.4313193987130782
core6_all_equal,15,leave_cycle_out,1,2009-2010,0.4919671432298129
core6_all_equal,15,leave_cycle_out,2,2011-2012,0.39710917824070646
core6_all_equal,15,leave_cycle_out,3,2013-2014,0.549022325431154
core6_all_equal,15,leave_cycle_out,4,2015-2016,0.5512094363134827
core6_all_equal,15,leave_cycle_out,5,2017-2018,0.46650222001223934
core6_all_equal,15,leave_cycle_out,6,2021-2023,0.5799515150125797
core6_all_equal,16,bootstrap_refit,1,,0.3538937406016526
core6_all_equal,16,bootstrap_refit,2,,0.48099569885923105
core6_all_equal,16,bootstrap_refit,3,,0.34476759232810994
core6_all_equal,16,bootstrap_refit,4,,0.3358275136855358
core6_all_equal,16,bootstrap_refit,5,,0.3849110076146797
core6_all_equal,16,bootstrap_refit,6,,0.3223315716604398
core6_all_equal,16,bootstrap_refit,7,,0.40946674142695455
core6_all_equal,16,bootstrap_refit,8,,0.3788029632206311
core6_all_equal,16,bootstrap_refit,9,,0.36433834624529876
core6_all_equal,16,bootstrap_refit,10,,0.4400921259639484
core6_all_equal,16,bootstrap_refit,11,,0.3290053813789125
core6_all_equal,16,bootstrap_refit,12,,0.4160893173535587
core6_all_equal,16,bootstrap_refit,13,,0.4853535043175903
core6_all_equal,16,bootstrap_refit,14,,0.39717338721887063
core6_all_equal,16,bootstrap_refit,15,,0.4504470529532085
core6_all_equal,16,bootstrap_refit,16,,0.47302334941112784
core6_all_equal,16,bootstrap_refit,17,,0.4046169879973716
core6_all_equal,16,bootstrap_refit,18,,0.44618691536351385
core6_all_equal,16,bootstrap_refit,19,,0.4157267173450026
core6_all_equal,16,bootstrap_refit,20,,0.3881919884112823
core6_all_equal,16,bootstrap_refit,21,,0.3797165947572105
core6_all_equal,16,bootstrap_refit,22,,0.3938347736195725
core6_all_equal,16,bootstrap_refit,23,,0.34734198500058283
core6_all_equal,16,bootstrap_refit,24,,0.4032471784579124
core6_all_equal,16,bootstrap_refit,25,,0.49006934257672985
core6_all_equal,16,bootstrap_refit,26,,0.37672046028052236
core6_all_equal,16,bootstrap_refit,27,,0.4644895585330457
core6_all_equal,16,bootstrap_refit,28,,0.4197130805156697
core6_all_equal,16,bootstrap_refit,29,,0.38029132754866934
core6_all_equal,16,bootstrap_refit,30,,0.4039309040387512
core6_all_equal,16,leave_cycle_out,1,2009-2010,0.3721930586055227
core6_all_equal,16,leave_cycle_out,2,2011-2012,0.5520818720793607
core6_all_equal,16,leave_cycle_out,3,2013-2014,0.47239465601142994
core6_all_equal,16,leave_cycle_out,4,2015-2016,0.36155241568312524
core6_all_equal,16,leave_cycle_out,5,2017-2018,0.3777325612131142
core6_all_equal,16,leave_cycle_out,6,2021-2023,0.4168055128525432
core6_all_equal,17,bootstrap_refit,1,,0.36188778894674856
core6_all_equal,17,bootstrap_refit,2,,0.5472376640956734
core6_all_equal,17,bootstrap_refit,3,,0.3986135219152846
core6_all_equal,17,bootstrap_refit,4,,0.3488835247151472
core6_all_equal,17,bootstrap_refit,5,,0.35824216585741125
core6_all_equal,17,bootstrap_refit,6,,0.36635086976159603
core6_all_equal,17,bootstrap_refit,7,,0.35712559547862294
core6_all_equal,17,bootstrap_refit,8,,0.3992781466137817
core6_all_equal,17,bootstrap_refit,9,,0.3737358891241423
core6_all_equal,17,bootstrap_refit,10,,0.32792044081986993
core6_all_equal,17,bootstrap_refit,11,,0.42536523957976036
core6_all_equal,17,bootstrap_refit,12,,0.3995667596979372
core6_all_equal,17,bootstrap_refit,13,,0.38177777107775046
core6_all_equal,17,bootstrap_refit,14,,0.37386652215845795
core6_all_equal,17,bootstrap_refit,15,,0.39361879642852504
core6_all_equal,17,bootstrap_refit,16,,0.39011756725772484
core6_all_equal,17,bootstrap_refit,17,,0.4508333945995253
core6_all_equal,17,bootstrap_refit,18,,0.41837244762128367
core6_all_equal,17,bootstrap_refit,19,,0.3777324301782889
core6_all_equal,17,bootstrap_refit,20,,0.41204896866713936
core6_all_equal,17,bootstrap_refit,21,,0.39101254863995893
core6_all_equal,17,bootstrap_refit,22,,0.3414924354997532
core6_all_equal,17,bootstrap_refit,23,,0.38634513501849793
core6_all_equal,17,bootstrap_refit,24,,0.5423390963669296
core6_all_equal,17,bootstrap_refit,25,,0.3809665893869653
core6_all_equal,17,bootstrap_refit,26,,0.4105916554756962
core6_all_equal,17,bootstrap_refit,27,,0.33162703395391974
core6_all_equal,17,bootstrap_refit,28,,0.3620363797929349
core6_all_equal,17,bootstrap_refit,29,,0.44516267998221193
core6_all_equal,17,bootstrap_refit,30,,0.3749725356447587
core6_all_equal,17,leave_cycle_out,1,2009-2010,0.41854070678812444
core6_all_equal,17,leave_cycle_out,2,2011-2012,0.35679121963093796
core6_all_equal,17,leave_cycle_out,3,2013-2014,0.4264025614009376
core6_all_equal,17,leave_cycle_out,4,2015-2016,0.46987604951709394
core6_all_equal,17,leave_cycle_out,5,2017-2018,0.40229806578775096
core6_all_equal,17,leave_cycle_out,6,2021-2023,0.41545648861210266
core6_all_equal,18,bootstrap_refit,1,,0.35287317601833224
core6_all_equal,18,bootstrap_refit,2,,0.4680025175739629
core6_all_equal,18,bootstrap_refit,3,,0.3991545071708625
core6_all_equal,18,bootstrap_refit,4,,0.43461647231127937
core6_all_equal,18,bootstrap_refit,5,,0.380883564957602
core6_all_equal,18,bootstrap_refit,6,,0.37730324455605124
core6_all_equal,18,bootstrap_refit,7,,0.33675225779998824
core6_all_equal,18,bootstrap_refit,8,,0.3559587212131043
core6_all_equal,18,bootstrap_refit,9,,0.31917779948424785
core6_all_equal,18,bootstrap_refit,10,,0.40660834473499013
core6_all_equal,18,bootstrap_refit,11,,0.37125924973717345
core6_all_equal,18,bootstrap_refit,12,,0.37444705887107377
core6_all_equal,18,bootstrap_refit,13,,0.37680355067706955
core6_all_equal,18,bootstrap_refit,14,,0.38538591648350434
core6_all_equal,18,bootstrap_refit,15,,0.39845202755852593
core6_all_equal,18,bootstrap_refit,16,,0.41152951038015895
core6_all_equal,18,bootstrap_refit,17,,0.3835084548962745
core6_all_equal,18,bootstrap_refit,18,,0.31819937852256513
core6_all_equal,18,bootstrap_refit,19,,0.32773596866498955
core6_all_equal,18,bootstrap_refit,20,,0.32662946655255914
core6_all_equal,18,bootstrap_refit,21,,0.4100891366151984
core6_all_equal,18,bootstrap_refit,22,,0.3565067258747453
core6_all_equal,18,bootstrap_refit,23,,0.32772556401542613
core6_all_equal,18,bootstrap_refit,24,,0.3949528122721616
core6_all_equal,18,bootstrap_refit,25,,0.4178111407365286
core6_all_equal,18,bootstrap_refit,26,,0.34177980738044994
core6_all_equal,18,bootstrap_refit,27,,0.42940478309527297
core6_all_equal,18,bootstrap_refit,28,,0.32971263378894555
core6_all_equal,18,bootstrap_refit,29,,0.3827488519349141
core6_all_equal,18,bootstrap_refit,30,,0.34287507170837267
core6_all_equal,18,leave_cycle_out,1,2009-2010,0.4257982346084247
core6_all_equal,18,leave_cycle_out,2,2011-2012,0.35257585778623546
core6_all_equal,18,leave_cycle_out,3,2013-2014,0.32400154144772825
core6_all_equal,18,leave_cycle_out,4,2015-2016,0.37509979328881593
core6_all_equal,18,leave_cycle_out,5,2017-2018,0.47364717756008484
core6_all_equal,18,leave_cycle_out,6,2021-2023,0.3149209676632763
core6_all_equal,19,bootstrap_refit,1,,0.3805715683129255
core6_all_equal,19,bootstrap_refit,2,,0.37257335530436814
core6_all_equal,19,bootstrap_refit,3,,0.36100490266589197
core6_all_equal,19,bootstrap_refit,4,,0.31696874690233534
core6_all_equal,19,bootstrap_refit,5,,0.4433167814277173
core6_all_equal,19,bootstrap_refit,6,,0.4507495349837594
core6_all_equal,19,bootstrap_refit,7,,0.34743977808896653
core6_all_equal,19,bootstrap_refit,8,,0.3741234647343911
core6_all_equal,19,bootstrap_refit,9,,0.35892424340946055
core6_all_equal,19,bootstrap_refit,10,,0.36956612155988444
core6_all_equal,19,bootstrap_refit,11,,0.35331021811342245
core6_all_equal,19,bootstrap_refit,12,,0.3606545646974377
core6_all_equal,19,bootstrap_refit,13,,0.3896417771256419
core6_all_equal,19,bootstrap_refit,14,,0.38858028462493716
core6_all_equal,19,bootstrap_refit,15,,0.42872196346035957
core6_all_equal,19,bootstrap_refit,16,,0.4689022662954469
core6_all_equal,19,bootstrap_refit,17,,0.33584947439209795
core6_all_equal,19,bootstrap_refit,18,,0.409157167649164
core6_all_equal,19,bootstrap_refit,19,,0.3793406203391834
core6_all_equal,19,bootstrap_refit,20,,0.4282354492476145
core6_all_equal,19,bootstrap_refit,21,,0.48075035222927504
core6_all_equal,19,bootstrap_refit,22,,0.37214756926027004
core6_all_equal,19,bootstrap_refit,23,,0.342966046688638
core6_all_equal,19,bootstrap_refit,24,,0.4073571430567159
core6_all_equal,19,bootstrap_refit,25,,0.4471599957341399
core6_all_equal,19,bootstrap_refit,26,,0.3131331297411305
core6_all_equal,19,bootstrap_refit,27,,0.3059256007943785
core6_all_equal,19,bootstrap_refit,28,,0.3029103979648889
core6_all_equal,19,bootstrap_refit,29,,0.32761312613278165
core6_all_equal,19,bootstrap_refit,30,,0.3301906127737903
core6_all_equal,19,leave_cycle_out,1,2009-2010,0.45298548811318856
core6_all_equal,19,leave_cycle_out,2,2011-2012,0.45727251956852594
core6_all_equal,19,leave_cycle_out,3,2013-2014,0.3010614566065887
core6_all_equal,19,leave_cycle_out,4,2015-2016,0.4379212165923513
core6_all_equal,19,leave_cycle_out,5,2017-2018,0.4542400589178642
core6_all_equal,19,leave_cycle_out,6,2021-2023,0.48005380803930525
core6_all_equal,20,bootstrap_refit,1,,0.3768991067321216
core6_all_equal,20,bootstrap_refit,2,,0.3305541381897756
core6_all_equal,20,bootstrap_refit,3,,0.40164331701831646
core6_all_equal,20,bootstrap_refit,4,,0.38892213777105633
core6_all_equal,20,bootstrap_refit,5,,0.3315830342708637
core6_all_equal,20,bootstrap_refit,6,,0.34401394537460533
core6_all_equal,20,bootstrap_refit,7,,0.28965851068656345
core6_all_equal,20,bootstrap_refit,8,,0.3779232572325727
core6_all_equal,20,bootstrap_refit,9,,0.38393955897475357
core6_all_equal,20,bootstrap_refit,10,,0.39818938985922475
core6_all_equal,20,bootstrap_refit,11,,0.46345590616801896
core6_all_equal,20,bootstrap_refit,12,,0.3405121899243542
core6_all_equal,20,bootstrap_refit,13,,0.522575931061469
core6_all_equal,20,bootstrap_refit,14,,0.4019051601451498
core6_all_equal,20,bootstrap_refit,15,,0.4502884287818505
core6_all_equal,20,bootstrap_refit,16,,0.42136854783957406
core6_all_equal,20,bootstrap_refit,17,,0.3741595160122474
core6_all_equal,20,bootstrap_refit,18,,0.40601380373852247
core6_all_equal,20,bootstrap_refit,19,,0.39426794688884137
core6_all_equal,20,bootstrap_refit,20,,0.36043740903276467
core6_all_equal,20,bootstrap_refit,21,,0.3961332957435223
core6_all_equal,20,bootstrap_refit,22,,0.36937415193015366
core6_all_equal,20,bootstrap_refit,23,,0.540487984883415
core6_all_equal,20,bootstrap_refit,24,,0.3597677814422943
core6_all_equal,20,bootstrap_refit,25,,0.31266549221090895
core6_all_equal,20,bootstrap_refit,26,,0.47346930948248805
core6_all_equal,20,bootstrap_refit,27,,0.44105306715118153
core6_all_equal,20,bootstrap_refit,28,,0.5158448464553481
core6_all_equal,20,bootstrap_refit,29,,0.40918974124234636
core6_all_equal,20,bootstrap_refit,30,,0.3265449149422282
core6_all_equal,20,leave_cycle_out,1,2009-2010,0.43237968405981425
core6_all_equal,20,leave_cycle_out,2,2011-2012,0.48480295967475356
core6_all_equal,20,leave_cycle_out,3,2013-2014,0.40999559533852437
core6_all_equal,20,leave_cycle_out,4,2015-2016,0.2825971974604041
core6_all_equal,20,leave_cycle_out,5,2017-2018,0.41140448953853836
core6_all_equal,20,leave_cycle_out,6,2021-2023,0.44499478753909344
core6_operational_positive_weighted,2,bootstrap_refit,1,,0.7130463464462128
core6_operational_positive_weighted,2,bootstrap_refit,2,,0.8935961078680205
core6_operational_positive_weighted,2,bootstrap_refit,3,,0.9621082196637111
core6_operational_positive_weighted,2,bootstrap_refit,4,,0.9039682519750033
core6_operational_positive_weighted,2,bootstrap_refit,5,,0.8834027795865228
core6_operational_positive_weighted,2,bootstrap_refit,6,,0.8328685635560378
core6_operational_positive_weighted,2,bootstrap_refit,7,,0.914426411602133
core6_operational_positive_weighted,2,bootstrap_refit,8,,0.9039682519750033
core6_operational_positive_weighted,2,bootstrap_refit,9,,0.9143716736664497
core6_operational_positive_weighted,2,bootstrap_refit,10,,0.8833309962994241
core6_operational_positive_weighted,2,bootstrap_refit,11,,0.935449143925071
core6_operational_positive_weighted,2,bootstrap_refit,12,,0.8833635047099231
core6_operational_positive_weighted,2,bootstrap_refit,13,,0.7130889261594382
core6_operational_positive_weighted,2,bootstrap_refit,14,,0.9039473022907251
core6_operational_positive_weighted,2,bootstrap_refit,15,,0.88836276731708
core6_operational_positive_weighted,2,bootstrap_refit,16,,0.6544536778230227
core6_operational_positive_weighted,2,bootstrap_refit,17,,0.9196161971588621
core6_operational_positive_weighted,2,bootstrap_refit,18,,0.8988572964155431
core6_operational_positive_weighted,2,bootstrap_refit,19,,0.95673647271807
core6_operational_positive_weighted,2,bootstrap_refit,20,,0.9460695699860239
core6_operational_positive_weighted,2,bootstrap_refit,21,,0.8988658118686478
core6_operational_positive_weighted,2,bootstrap_refit,22,,0.867811667585543
core6_operational_positive_weighted,2,bootstrap_refit,23,,0.6856982087003533
core6_operational_positive_weighted,2,bootstrap_refit,24,,0.893678324872171
core6_operational_positive_weighted,2,bootstrap_refit,25,,0.9249428069124123
core6_operational_positive_weighted,2,bootstrap_refit,26,,0.663312450903958
core6_operational_positive_weighted,2,bootstrap_refit,27,,0.935449143925071
core6_operational_positive_weighted,2,bootstrap_refit,28,,0.9302279506533082
core6_operational_positive_weighted,2,bootstrap_refit,29,,0.9302279506533082
core6_operational_positive_weighted,2,bootstrap_refit,30,,0.8885327788818007
core6_operational_positive_weighted,2,leave_cycle_out,1,2009-2010,0.8977167254501578
core6_operational_positive_weighted,2,leave_cycle_out,2,2011-2012,0.9639175257731959
core6_operational_positive_weighted,2,leave_cycle_out,3,2013-2014,0.9696917540718111
core6_operational_positive_weighted,2,leave_cycle_out,4,2015-2016,0.9040402102597552
core6_operational_positive_weighted,2,leave_cycle_out,5,2017-2018,0.9104533045842046
core6_operational_positive_weighted,2,leave_cycle_out,6,2021-2023,0.8678886939809716
core6_operational_positive_weighted,3,bootstrap_refit,1,,0.9065794098360418
core6_operational_positive_weighted,3,bootstrap_refit,2,,0.9189539776235112
core6_operational_positive_weighted,3,bootstrap_refit,3,,0.9211502862939439
core6_operational_positive_weighted,3,bootstrap_refit,4,,0.8544442257141323
core6_operational_positive_weighted,3,bootstrap_refit,5,,0.5176232617322222
core6_operational_positive_weighted,3,bootstrap_refit,6,,0.6872137780058687
core6_operational_positive_weighted,3,bootstrap_refit,7,,0.937120866288383
core6_operational_positive_weighted,3,bootstrap_refit,8,,0.6950381902281284
core6_operational_positive_weighted,3,bootstrap_refit,9,,0.5483100701050146
core6_operational_positive_weighted,3,bootstrap_refit,10,,0.8541139687870827
core6_operational_positive_weighted,3,bootstrap_refit,11,,0.7115533707160157
core6_operational_positive_weighted,3,bootstrap_refit,12,,0.8185794549152055
core6_operational_positive_weighted,3,bootstrap_refit,13,,0.8235198330312435
core6_operational_positive_weighted,3,bootstrap_refit,14,,0.9512973427666186
core6_operational_positive_weighted,3,bootstrap_refit,15,,0.9339336578683892
core6_operational_positive_weighted,3,bootstrap_refit,16,,0.6486291563153473
core6_operational_positive_weighted,3,bootstrap_refit,17,,0.9293881894631121
core6_operational_positive_weighted,3,bootstrap_refit,18,,0.9132937312503263
core6_operational_positive_weighted,3,bootstrap_refit,19,,0.6796796078448274
core6_operational_positive_weighted,3,bootstrap_refit,20,,0.5456518199353956
core6_operational_positive_weighted,3,bootstrap_refit,21,,0.6613723741476474
core6_operational_positive_weighted,3,bootstrap_refit,22,,0.6706004501506919
core6_operational_positive_weighted,3,bootstrap_refit,23,,0.813181963858443
core6_operational_positive_weighted,3,bootstrap_refit,24,,0.965312399643328
core6_operational_positive_weighted,3,bootstrap_refit,25,,0.6014786929816776
core6_operational_positive_weighted,3,bootstrap_refit,26,,0.7100349181558401
core6_operational_positive_weighted,3,bootstrap_refit,27,,0.9244775746953914
core6_operational_positive_weighted,3,bootstrap_refit,28,,0.8696768761223422
core6_operational_positive_weighted,3,bootstrap_refit,29,,0.956071498886932
core6_operational_positive_weighted,3,bootstrap_refit,30,,0.899582490197042
core6_operational_positive_weighted,3,leave_cycle_out,1,2009-2010,0.9723532933504418
core6_operational_positive_weighted,3,leave_cycle_out,2,2011-2012,0.9199632469581913
core6_operational_positive_weighted,3,leave_cycle_out,3,2013-2014,0.719697150552038
core6_operational_positive_weighted,3,leave_cycle_out,4,2015-2016,0.9771494363897915
core6_operational_positive_weighted,3,leave_cycle_out,5,2017-2018,0.9535276523953029
core6_operational_positive_weighted,3,leave_cycle_out,6,2021-2023,0.7828236042605403
core6_operational_positive_weighted,4,bootstrap_refit,1,,0.8474073081099974
core6_operational_positive_weighted,4,bootstrap_refit,2,,0.8540916440703223
core6_operational_positive_weighted,4,bootstrap_refit,3,,0.9263699470194604
core6_operational_positive_weighted,4,bootstrap_refit,4,,0.8510766852934037
core6_operational_positive_weighted,4,bootstrap_refit,5,,0.8935474588667067
core6_operational_positive_weighted,4,bootstrap_refit,6,,0.957757211855318
core6_operational_positive_weighted,4,bootstrap_refit,7,,0.8635770170365571
core6_operational_positive_weighted,4,bootstrap_refit,8,,0.8495315459518606
core6_operational_positive_weighted,4,bootstrap_refit,9,,0.8432963406325246
core6_operational_positive_weighted,4,bootstrap_refit,10,,0.8941617905939239
core6_operational_positive_weighted,4,bootstrap_refit,11,,0.8575891480955058
core6_operational_positive_weighted,4,bootstrap_refit,12,,0.9731346935029457
core6_operational_positive_weighted,4,bootstrap_refit,13,,0.929584634113098
core6_operational_positive_weighted,4,bootstrap_refit,14,,0.9049693634569379
core6_operational_positive_weighted,4,bootstrap_refit,15,,0.8624325652612936
core6_operational_positive_weighted,4,bootstrap_refit,16,,0.9201142150682387
core6_operational_positive_weighted,4,bootstrap_refit,17,,0.9154722884279893
core6_operational_positive_weighted,4,bootstrap_refit,18,,0.8340325655168789
core6_operational_positive_weighted,4,bootstrap_refit,19,,0.783914213627556
core6_operational_positive_weighted,4,bootstrap_refit,20,,0.8604339173324861
core6_operational_positive_weighted,4,bootstrap_refit,21,,0.8634882689435052
core6_operational_positive_weighted,4,bootstrap_refit,22,,0.9191618149945924
core6_operational_positive_weighted,4,bootstrap_refit,23,,0.8402309242037598
core6_operational_positive_weighted,4,bootstrap_refit,24,,0.8711876035834294
core6_operational_positive_weighted,4,bootstrap_refit,25,,0.876612718650637
core6_operational_positive_weighted,4,bootstrap_refit,26,,0.9148485517796805
core6_operational_positive_weighted,4,bootstrap_refit,27,,0.8752721463603143
core6_operational_positive_weighted,4,bootstrap_refit,28,,0.7796538435700477
core6_operational_positive_weighted,4,bootstrap_refit,29,,0.8972065392895918
core6_operational_positive_weighted,4,bootstrap_refit,30,,0.8973196127034384
core6_operational_positive_weighted,4,leave_cycle_out,1,2009-2010,0.9201434165395416
core6_operational_positive_weighted,4,leave_cycle_out,2,2011-2012,0.9003447532859298
core6_operational_positive_weighted,4,leave_cycle_out,3,2013-2014,0.9373052597909168
core6_operational_positive_weighted,4,leave_cycle_out,4,2015-2016,0.9357919071469876
core6_operational_positive_weighted,4,leave_cycle_out,5,2017-2018,0.913435397879188
core6_operational_positive_weighted,4,leave_cycle_out,6,2021-2023,0.9533098307096675
core6_operational_positive_weighted,5,bootstrap_refit,1,,0.7597642162913014
core6_operational_positive_weighted,5,bootstrap_refit,2,,0.753248889074986
core6_operational_positive_weighted,5,bootstrap_refit,3,,0.6680438925495149
core6_operational_positive_weighted,5,bootstrap_refit,4,,0.7163262843405144
core6_operational_positive_weighted,5,bootstrap_refit,5,,0.8215322587525729
core6_operational_positive_weighted,5,bootstrap_refit,6,,0.7005446300942304
core6_operational_positive_weighted,5,bootstrap_refit,7,,0.82188751711843
core6_operational_positive_weighted,5,bootstrap_refit,8,,0.8057064965734383
core6_operational_positive_weighted,5,bootstrap_refit,9,,0.7707055896532735
core6_operational_positive_weighted,5,bootstrap_refit,10,,0.7032584133720998
core6_operational_positive_weighted,5,bootstrap_refit,11,,0.8282115582326663
core6_operational_positive_weighted,5,bootstrap_refit,12,,0.7513861673720263
core6_operational_positive_weighted,5,bootstrap_refit,13,,0.7370321128958887
core6_operational_positive_weighted,5,bootstrap_refit,14,,0.6632182525858309
core6_operational_positive_weighted,5,bootstrap_refit,15,,0.7683736166379143
core6_operational_positive_weighted,5,bootstrap_refit,16,,0.7900397801944811
core6_operational_positive_weighted,5,bootstrap_refit,17,,0.8366014041406328
core6_operational_positive_weighted,5,bootstrap_refit,18,,0.8547280689872644
core6_operational_positive_weighted,5,bootstrap_refit,19,,0.48301623598009585
core6_operational_positive_weighted,5,bootstrap_refit,20,,0.7778872655073549
core6_operational_positive_weighted,5,bootstrap_refit,21,,0.8083810415212377
core6_operational_positive_weighted,5,bootstrap_refit,22,,0.4097876503079533
core6_operational_positive_weighted,5,bootstrap_refit,23,,0.4246797532635799
core6_operational_positive_weighted,5,bootstrap_refit,24,,0.7092772757142858
core6_operational_positive_weighted,5,bootstrap_refit,25,,0.6482469092856059
core6_operational_positive_weighted,5,bootstrap_refit,26,,0.742436635350715
core6_operational_positive_weighted,5,bootstrap_refit,27,,0.8261386457691807
core6_operational_positive_weighted,5,bootstrap_refit,28,,0.5185660460047202
core6_operational_positive_weighted,5,bootstrap_refit,29,,0.8242902496377758
core6_operational_positive_weighted,5,bootstrap_refit,30,,0.8100012317871985
core6_operational_positive_weighted,5,leave_cycle_out,1,2009-2010,0.9712636391142087
core6_operational_positive_weighted,5,leave_cycle_out,2,2011-2012,0.8851430716635978
core6_operational_positive_weighted,5,leave_cycle_out,3,2013-2014,0.8804601491682835
core6_operational_positive_weighted,5,leave_cycle_out,4,2015-2016,0.8745906099228254
core6_operational_positive_weighted,5,leave_cycle_out,5,2017-2018,0.8406570102079647
core6_operational_positive_weighted,5,leave_cycle_out,6,2021-2023,0.9603421357962971
core6_operational_positive_weighted,6,bootstrap_refit,1,,0.6868068853288646
core6_operational_positive_weighted,6,bootstrap_refit,2,,0.5429069022747874
core6_operational_positive_weighted,6,bootstrap_refit,3,,0.37076029885285905
core6_operational_positive_weighted,6,bootstrap_refit,4,,0.6594489051699394
core6_operational_positive_weighted,6,bootstrap_refit,5,,0.41123053255421893
core6_operational_positive_weighted,6,bootstrap_refit,6,,0.5047099604920366
core6_operational_positive_weighted,6,bootstrap_refit,7,,0.5718257101014913
core6_operational_positive_weighted,6,bootstrap_refit,8,,0.5155524868238244
core6_operational_positive_weighted,6,bootstrap_refit,9,,0.5405673568345053
core6_operational_positive_weighted,6,bootstrap_refit,10,,0.6934644378192512
core6_operational_positive_weighted,6,bootstrap_refit,11,,0.5311942833431561
core6_operational_positive_weighted,6,bootstrap_refit,12,,0.720283988213823
core6_operational_positive_weighted,6,bootstrap_refit,13,,0.5108284645251429
core6_operational_positive_weighted,6,bootstrap_refit,14,,0.684694443021522
core6_operational_positive_weighted,6,bootstrap_refit,15,,0.4151576839398796
core6_operational_positive_weighted,6,bootstrap_refit,16,,0.7358770195994839
core6_operational_positive_weighted,6,bootstrap_refit,17,,0.7710523140571428
core6_operational_positive_weighted,6,bootstrap_refit,18,,0.5989755432960702
core6_operational_positive_weighted,6,bootstrap_refit,19,,0.5449481613327954
core6_operational_positive_weighted,6,bootstrap_refit,20,,0.5986020574700324
core6_operational_positive_weighted,6,bootstrap_refit,21,,0.6889239537298673
core6_operational_positive_weighted,6,bootstrap_refit,22,,0.4314181038009993
core6_operational_positive_weighted,6,bootstrap_refit,23,,0.6133762167622798
core6_operational_positive_weighted,6,bootstrap_refit,24,,0.47215170904489245
core6_operational_positive_weighted,6,bootstrap_refit,25,,0.6404432111638757
core6_operational_positive_weighted,6,bootstrap_refit,26,,0.30120461715838037
core6_operational_positive_weighted,6,bootstrap_refit,27,,0.6179827590308393
core6_operational_positive_weighted,6,bootstrap_refit,28,,0.4307921693058387
core6_operational_positive_weighted,6,bootstrap_refit,29,,0.5346037323834197
core6_operational_positive_weighted,6,bootstrap_refit,30,,0.4429097561157554
core6_operational_positive_weighted,6,leave_cycle_out,1,2009-2010,0.8381642810388905
core6_operational_positive_weighted,6,leave_cycle_out,2,2011-2012,0.736255533007023
core6_operational_positive_weighted,6,leave_cycle_out,3,2013-2014,0.7568066376898873
core6_operational_positive_weighted,6,leave_cycle_out,4,2015-2016,0.6609470434517983
core6_operational_positive_weighted,6,leave_cycle_out,5,2017-2018,0.6659621418201376
core6_operational_positive_weighted,6,leave_cycle_out,6,2021-2023,0.770140005201392
core6_operational_positive_weighted,7,bootstrap_refit,1,,0.6180248458177842
core6_operational_positive_weighted,7,bootstrap_refit,2,,0.501009021347316
core6_operational_positive_weighted,7,bootstrap_refit,3,,0.48061103695370583
core6_operational_positive_weighted,7,bootstrap_refit,4,,0.638607292386765
core6_operational_positive_weighted,7,bootstrap_refit,5,,0.6421017598486793
core6_operational_positive_weighted,7,bootstrap_refit,6,,0.5506239804502359
core6_operational_positive_weighted,7,bootstrap_refit,7,,0.4801992443837843
core6_operational_positive_weighted,7,bootstrap_refit,8,,0.44852666625770715
core6_operational_positive_weighted,7,bootstrap_refit,9,,0.4961802827871336
core6_operational_positive_weighted,7,bootstrap_refit,10,,0.3064315037516231
core6_operational_positive_weighted,7,bootstrap_refit,11,,0.43336497530625917
core6_operational_positive_weighted,7,bootstrap_refit,12,,0.8313637212010555
core6_operational_positive_weighted,7,bootstrap_refit,13,,0.41752613710567194
core6_operational_positive_weighted,7,bootstrap_refit,14,,0.5547902716074773
core6_operational_positive_weighted,7,bootstrap_refit,15,,0.6412696465380809
core6_operational_positive_weighted,7,bootstrap_refit,16,,0.5143810076782492
core6_operational_positive_weighted,7,bootstrap_refit,17,,0.6140078784042161
core6_operational_positive_weighted,7,bootstrap_refit,18,,0.42980629324990965
core6_operational_positive_weighted,7,bootstrap_refit,19,,0.4539158717048978
core6_operational_positive_weighted,7,bootstrap_refit,20,,0.5846672310369678
core6_operational_positive_weighted,7,bootstrap_refit,21,,0.4928704217335869
core6_operational_positive_weighted,7,bootstrap_refit,22,,0.3527656867807623
core6_operational_positive_weighted,7,bootstrap_refit,23,,0.6241436561192525
core6_operational_positive_weighted,7,bootstrap_refit,24,,0.4725443388639576
core6_operational_positive_weighted,7,bootstrap_refit,25,,0.4383634732950927
core6_operational_positive_weighted,7,bootstrap_refit,26,,0.28477557475922705
core6_operational_positive_weighted,7,bootstrap_refit,27,,0.6276605251830153
core6_operational_positive_weighted,7,bootstrap_refit,28,,0.4325547754498712
core6_operational_positive_weighted,7,bootstrap_refit,29,,0.6544879695329751
core6_operational_positive_weighted,7,bootstrap_refit,30,,0.47291238374991096
core6_operational_positive_weighted,7,leave_cycle_out,1,2009-2010,0.6257952262632073
core6_operational_positive_weighted,7,leave_cycle_out,2,2011-2012,0.4201090182956447
core6_operational_positive_weighted,7,leave_cycle_out,3,2013-2014,0.771402887208503
core6_operational_positive_weighted,7,leave_cycle_out,4,2015-2016,0.5687255691966369
core6_operational_positive_weighted,7,leave_cycle_out,5,2017-2018,0.49063354474975773
core6_operational_positive_weighted,7,leave_cycle_out,6,2021-2023,0.4702680308267605
core6_operational_positive_weighted,8,bootstrap_refit,1,,0.3835126948522269
core6_operational_positive_weighted,8,bootstrap_refit,2,,0.5839465670969592
core6_operational_positive_weighted,8,bootstrap_refit,3,,0.5570047363455014
core6_operational_positive_weighted,8,bootstrap_refit,4,,0.285695618818933
core6_operational_positive_weighted,8,bootstrap_refit,5,,0.5189606465437792
core6_operational_positive_weighted,8,bootstrap_refit,6,,0.3201588553960036
core6_operational_positive_weighted,8,bootstrap_refit,7,,0.42845921063040976
core6_operational_positive_weighted,8,bootstrap_refit,8,,0.6486105503241067
core6_operational_positive_weighted,8,bootstrap_refit,9,,0.36881979460217235
core6_operational_positive_weighted,8,bootstrap_refit,10,,0.2745364158751762
core6_operational_positive_weighted,8,bootstrap_refit,11,,0.7128043319812627
core6_operational_positive_weighted,8,bootstrap_refit,12,,0.4888048011219234
core6_operational_positive_weighted,8,bootstrap_refit,13,,0.4406523053197476
core6_operational_positive_weighted,8,bootstrap_refit,14,,0.4666321844731704
core6_operational_positive_weighted,8,bootstrap_refit,15,,0.49458562754121316
core6_operational_positive_weighted,8,bootstrap_refit,16,,0.5257737359564609
core6_operational_positive_weighted,8,bootstrap_refit,17,,0.45371654533042016
core6_operational_positive_weighted,8,bootstrap_refit,18,,0.4908234305618219
core6_operational_positive_weighted,8,bootstrap_refit,19,,0.3139285724168742
core6_operational_positive_weighted,8,bootstrap_refit,20,,0.4926681810038763
core6_operational_positive_weighted,8,bootstrap_refit,21,,0.49424074554132313
core6_operational_positive_weighted,8,bootstrap_refit,22,,0.4775665083635071
core6_operational_positive_weighted,8,bootstrap_refit,23,,0.5301055630880749
core6_operational_positive_weighted,8,bootstrap_refit,24,,0.4316457869290525
core6_operational_positive_weighted,8,bootstrap_refit,25,,0.3857170613657037
core6_operational_positive_weighted,8,bootstrap_refit,26,,0.441510142213479
core6_operational_positive_weighted,8,bootstrap_refit,27,,0.4274715834464064
core6_operational_positive_weighted,8,bootstrap_refit,28,,0.4048654317233886
core6_operational_positive_weighted,8,bootstrap_refit,29,,0.5693963325588346
core6_operational_positive_weighted,8,bootstrap_refit,30,,0.6528772653625099
core6_operational_positive_weighted,8,leave_cycle_out,1,2009-2010,0.6958974450183559
core6_operational_positive_weighted,8,leave_cycle_out,2,2011-2012,0.6583673651891376
core6_operational_positive_weighted,8,leave_cycle_out,3,2013-2014,0.5556571932644443
core6_operational_positive_weighted,8,leave_cycle_out,4,2015-2016,0.7174769429360729
core6_operational_positive_weighted,8,leave_cycle_out,5,2017-2018,0.5626475752642737
core6_operational_positive_weighted,8,leave_cycle_out,6,2021-2023,0.46612799830405705
core6_operational_positive_weighted,9,bootstrap_refit,1,,0.6187895678894832
core6_operational_positive_weighted,9,bootstrap_refit,2,,0.6478193377749812
core6_operational_positive_weighted,9,bootstrap_refit,3,,0.4766384101749686
core6_operational_positive_weighted,9,bootstrap_refit,4,,0.5284804630857198
core6_operational_positive_weighted,9,bootstrap_refit,5,,0.39139426512123343
core6_operational_positive_weighted,9,bootstrap_refit,6,,0.46089607035689373
core6_operational_positive_weighted,9,bootstrap_refit,7,,0.4238581132612719
core6_operational_positive_weighted,9,bootstrap_refit,8,,0.6171485425761521
core6_operational_positive_weighted,9,bootstrap_refit,9,,0.5031585256523924
core6_operational_positive_weighted,9,bootstrap_refit,10,,0.5474313827444822
core6_operational_positive_weighted,9,bootstrap_refit,11,,0.63512250455899
core6_operational_positive_weighted,9,bootstrap_refit,12,,0.553188568489844
core6_operational_positive_weighted,9,bootstrap_refit,13,,0.4840301567635893
core6_operational_positive_weighted,9,bootstrap_refit,14,,0.591115533299898
core6_operational_positive_weighted,9,bootstrap_refit,15,,0.5425776233968385
core6_operational_positive_weighted,9,bootstrap_refit,16,,0.4422188125700958
core6_operational_positive_weighted,9,bootstrap_refit,17,,0.40622636130193823
core6_operational_positive_weighted,9,bootstrap_refit,18,,0.5208004242920538
core6_operational_positive_weighted,9,bootstrap_refit,19,,0.4918131505042939
core6_operational_positive_weighted,9,bootstrap_refit,20,,0.40803153652189433
core6_operational_positive_weighted,9,bootstrap_refit,21,,0.34851878724164814
core6_operational_positive_weighted,9,bootstrap_refit,22,,0.4858783719865147
core6_operational_positive_weighted,9,bootstrap_refit,23,,0.5253937590835505
core6_operational_positive_weighted,9,bootstrap_refit,24,,0.4538356115757229
core6_operational_positive_weighted,9,bootstrap_refit,25,,0.45661027232560153
core6_operational_positive_weighted,9,bootstrap_refit,26,,0.3826922785453298
core6_operational_positive_weighted,9,bootstrap_refit,27,,0.3853478460898989
core6_operational_positive_weighted,9,bootstrap_refit,28,,0.5618376023697957
core6_operational_positive_weighted,9,bootstrap_refit,29,,0.5751031647247151
core6_operational_positive_weighted,9,bootstrap_refit,30,,0.5280199919601647
core6_operational_positive_weighted,9,leave_cycle_out,1,2009-2010,0.8063866757528343
core6_operational_positive_weighted,9,leave_cycle_out,2,2011-2012,0.8308967153264815
core6_operational_positive_weighted,9,leave_cycle_out,3,2013-2014,0.6458477748509636
core6_operational_positive_weighted,9,leave_cycle_out,4,2015-2016,0.8258676712714391
core6_operational_positive_weighted,9,leave_cycle_out,5,2017-2018,0.6630277334870637
core6_operational_positive_weighted,9,leave_cycle_out,6,2021-2023,0.8266582863156664
core6_operational_positive_weighted,10,bootstrap_refit,1,,0.40392808173401484
core6_operational_positive_weighted,10,bootstrap_refit,2,,0.5665693007322928
core6_operational_positive_weighted,10,bootstrap_refit,3,,0.4832060029058831
core6_operational_positive_weighted,10,bootstrap_refit,4,,0.4899812118938855
core6_operational_positive_weighted,10,bootstrap_refit,5,,0.38171805827327665
core6_operational_positive_weighted,10,bootstrap_refit,6,,0.4245310700137512
core6_operational_positive_weighted,10,bootstrap_refit,7,,0.30741723744039656
core6_operational_positive_weighted,10,bootstrap_refit,8,,0.3493446311026624
core6_operational_positive_weighted,10,bootstrap_refit,9,,0.7227292394914451
core6_operational_positive_weighted,10,bootstrap_refit,10,,0.44267571274347844
core6_operational_positive_weighted,10,bootstrap_refit,11,,0.39911016261079585
core6_operational_positive_weighted,10,bootstrap_refit,12,,0.48270804816190876
core6_operational_positive_weighted,10,bootstrap_refit,13,,0.4600728164636353
core6_operational_positive_weighted,10,bootstrap_refit,14,,0.45979316715817425
core6_operational_positive_weighted,10,bootstrap_refit,15,,0.3442293692361085
core6_operational_positive_weighted,10,bootstrap_refit,16,,0.3964944362449204
core6_operational_positive_weighted,10,bootstrap_refit,17,,0.3716979163603431
core6_operational_positive_weighted,10,bootstrap_refit,18,,0.3704269528887673
core6_operational_positive_weighted,10,bootstrap_refit,19,,0.318360886241329
core6_operational_positive_weighted,10,bootstrap_refit,20,,0.4590759992104063
core6_operational_positive_weighted,10,bootstrap_refit,21,,0.5339981849040621
core6_operational_positive_weighted,10,bootstrap_refit,22,,0.6161238865060237
core6_operational_positive_weighted,10,bootstrap_refit,23,,0.5253105766709163
core6_operational_positive_weighted,10,bootstrap_refit,24,,0.4758907337990275
core6_operational_positive_weighted,10,bootstrap_refit,25,,0.504305516903947
core6_operational_positive_weighted,10,bootstrap_refit,26,,0.6719114205367928
core6_operational_positive_weighted,10,bootstrap_refit,27,,0.5207071760110399
core6_operational_positive_weighted,10,bootstrap_refit,28,,0.4520229080969158
core6_operational_positive_weighted,10,bootstrap_refit,29,,0.6551900363814694
core6_operational_positive_weighted,10,bootstrap_refit,30,,0.4479752320602669
core6_operational_positive_weighted,10,leave_cycle_out,1,2009-2010,0.4859474334758914
core6_operational_positive_weighted,10,leave_cycle_out,2,2011-2012,0.6810866263329742
core6_operational_positive_weighted,10,leave_cycle_out,3,2013-2014,0.7766597183513021
core6_operational_positive_weighted,10,leave_cycle_out,4,2015-2016,0.5801204347312167
core6_operational_positive_weighted,10,leave_cycle_out,5,2017-2018,0.550313515262219
core6_operational_positive_weighted,10,leave_cycle_out,6,2021-2023,0.5782016158334842
core6_operational_positive_weighted,11,bootstrap_refit,1,,0.5159544673628221
core6_operational_positive_weighted,11,bootstrap_refit,2,,0.4574670130105547
core6_operational_positive_weighted,11,bootstrap_refit,3,,0.49372138039965185
core6_operational_positive_weighted,11,bootstrap_refit,4,,0.5485948429309546
core6_operational_positive_weighted,11,bootstrap_refit,5,,0.5736984740629788
core6_operational_positive_weighted,11,bootstrap_refit,6,,0.45179547373919954
core6_operational_positive_weighted,11,bootstrap_refit,7,,0.43417660132098085
core6_operational_positive_weighted,11,bootstrap_refit,8,,0.415619407087242
core6_operational_positive_weighted,11,bootstrap_refit,9,,0.4542862296937691
core6_operational_positive_weighted,11,bootstrap_refit,10,,0.5577880435665412
core6_operational_positive_weighted,11,bootstrap_refit,11,,0.4442093807664399
core6_operational_positive_weighted,11,bootstrap_refit,12,,0.41979423874508326
core6_operational_positive_weighted,11,bootstrap_refit,13,,0.48267654768894497
core6_operational_positive_weighted,11,bootstrap_refit,14,,0.3135982480078139
core6_operational_positive_weighted,11,bootstrap_refit,15,,0.5377368355336147
core6_operational_positive_weighted,11,bootstrap_refit,16,,0.5327806338842694
core6_operational_positive_weighted,11,bootstrap_refit,17,,0.5246383844687773
core6_operational_positive_weighted,11,bootstrap_refit,18,,0.40942322189076524
core6_operational_positive_weighted,11,bootstrap_refit,19,,0.5401143589017257
core6_operational_positive_weighted,11,bootstrap_refit,20,,0.5485080905034364
core6_operational_positive_weighted,11,bootstrap_refit,21,,0.485693416899834
core6_operational_positive_weighted,11,bootstrap_refit,22,,0.4975276667936211
core6_operational_positive_weighted,11,bootstrap_refit,23,,0.3801133818004023
core6_operational_positive_weighted,11,bootstrap_refit,24,,0.44264747485700695
core6_operational_positive_weighted,11,bootstrap_refit,25,,0.3685591537013228
core6_operational_positive_weighted,11,bootstrap_refit,26,,0.6427407449616601
core6_operational_positive_weighted,11,bootstrap_refit,27,,0.43611535743801483
core6_operational_positive_weighted,11,bootstrap_refit,28,,0.5345351501980307
core6_operational_positive_weighted,11,bootstrap_refit,29,,0.4383800291443833
core6_operational_positive_weighted,11,bootstrap_refit,30,,0.43477443506238567
core6_operational_positive_weighted,11,leave_cycle_out,1,2009-2010,0.6986302648901505
core6_operational_positive_weighted,11,leave_cycle_out,2,2011-2012,0.5198842766312416
core6_operational_positive_weighted,11,leave_cycle_out,3,2013-2014,0.5064398721915603
core6_operational_positive_weighted,11,leave_cycle_out,4,2015-2016,0.6326049796976267
core6_operational_positive_weighted,11,leave_cycle_out,5,2017-2018,0.5318340518894371
core6_operational_positive_weighted,11,leave_cycle_out,6,2021-2023,0.5907215314365681
core6_operational_positive_weighted,12,bootstrap_refit,1,,0.5403804766253562
core6_operational_positive_weighted,12,bootstrap_refit,2,,0.496180385986094
core6_operational_positive_weighted,12,bootstrap_refit,3,,0.4668687166518877
core6_operational_positive_weighted,12,bootstrap_refit,4,,0.41153834955558866
core6_operational_positive_weighted,12,bootstrap_refit,5,,0.46294925227791883
core6_operational_positive_weighted,12,bootstrap_refit,6,,0.3843031123956084
core6_operational_positive_weighted,12,bootstrap_refit,7,,0.5146561873436492
core6_operational_positive_weighted,12,bootstrap_refit,8,,0.4259684183212178
core6_operational_positive_weighted,12,bootstrap_refit,9,,0.48608023857750027
core6_operational_positive_weighted,12,bootstrap_refit,10,,0.5524593804889534
core6_operational_positive_weighted,12,bootstrap_refit,11,,0.5606828553618296
core6_operational_positive_weighted,12,bootstrap_refit,12,,0.5546490420919528
core6_operational_positive_weighted,12,bootstrap_refit,13,,0.5290845037337971
core6_operational_positive_weighted,12,bootstrap_refit,14,,0.44376942368144073
core6_operational_positive_weighted,12,bootstrap_refit,15,,0.4916403931542051
core6_operational_positive_weighted,12,bootstrap_refit,16,,0.5136749054234454
core6_operational_positive_weighted,12,bootstrap_refit,17,,0.45201911041974563
core6_operational_positive_weighted,12,bootstrap_refit,18,,0.5238174856824619
core6_operational_positive_weighted,12,bootstrap_refit,19,,0.700877965894352
core6_operational_positive_weighted,12,bootstrap_refit,20,,0.5651935545085665
core6_operational_positive_weighted,12,bootstrap_refit,21,,0.3870809545179749
core6_operational_positive_weighted,12,bootstrap_refit,22,,0.4427883548155155
core6_operational_positive_weighted,12,bootstrap_refit,23,,0.5164009680392541
core6_operational_positive_weighted,12,bootstrap_refit,24,,0.43477832742574807
core6_operational_positive_weighted,12,bootstrap_refit,25,,0.4239178141921717
core6_operational_positive_weighted,12,bootstrap_refit,26,,0.42283623493684913
core6_operational_positive_weighted,12,bootstrap_refit,27,,0.5938407873406789
core6_operational_positive_weighted,12,bootstrap_refit,28,,0.473862536461227
core6_operational_positive_weighted,12,bootstrap_refit,29,,0.4945022243009296
core6_operational_positive_weighted,12,bootstrap_refit,30,,0.5091685482600379
core6_operational_positive_weighted,12,leave_cycle_out,1,2009-2010,0.5452102073284012
core6_operational_positive_weighted,12,leave_cycle_out,2,2011-2012,0.5147026355134904
core6_operational_positive_weighted,12,leave_cycle_out,3,2013-2014,0.6639327048917307
core6_operational_positive_weighted,12,leave_cycle_out,4,2015-2016,0.6246643415434887
core6_operational_positive_weighted,12,leave_cycle_out,5,2017-2018,0.5196005899431628
core6_operational_positive_weighted,12,leave_cycle_out,6,2021-2023,0.6839715366958423
core6_operational_positive_weighted,13,bootstrap_refit,1,,0.36324385674702286
core6_operational_positive_weighted,13,bootstrap_refit,2,,0.5284180278915256
core6_operational_positive_weighted,13,bootstrap_refit,3,,0.4179478015354705
core6_operational_positive_weighted,13,bootstrap_refit,4,,0.4240147080070553
core6_operational_positive_weighted,13,bootstrap_refit,5,,0.5098836137552644
core6_operational_positive_weighted,13,bootstrap_refit,6,,0.547483107283496
core6_operational_positive_weighted,13,bootstrap_refit,7,,0.5040413951431627
core6_operational_positive_weighted,13,bootstrap_refit,8,,0.5537693174840392
core6_operational_positive_weighted,13,bootstrap_refit,9,,0.6594858948992011
core6_operational_positive_weighted,13,bootstrap_refit,10,,0.3944064278781835
core6_operational_positive_weighted,13,bootstrap_refit,11,,0.5117333398570686
core6_operational_positive_weighted,13,bootstrap_refit,12,,0.4111185940463737
core6_operational_positive_weighted,13,bootstrap_refit,13,,0.4694265624557743
core6_operational_positive_weighted,13,bootstrap_refit,14,,0.5345175643308584
core6_operational_positive_weighted,13,bootstrap_refit,15,,0.4423908292025325
core6_operational_positive_weighted,13,bootstrap_refit,16,,0.5085883115977726
core6_operational_positive_weighted,13,bootstrap_refit,17,,0.41518210078644174
core6_operational_positive_weighted,13,bootstrap_refit,18,,0.49246202783478654
core6_operational_positive_weighted,13,bootstrap_refit,19,,0.39700605542644113
core6_operational_positive_weighted,13,bootstrap_refit,20,,0.4660871413697074
core6_operational_positive_weighted,13,bootstrap_refit,21,,0.4416955681306936
core6_operational_positive_weighted,13,bootstrap_refit,22,,0.5494722333418202
core6_operational_positive_weighted,13,bootstrap_refit,23,,0.45007815323925676
core6_operational_positive_weighted,13,bootstrap_refit,24,,0.6692003546877552
core6_operational_positive_weighted,13,bootstrap_refit,25,,0.4896904384625607
core6_operational_positive_weighted,13,bootstrap_refit,26,,0.4916920526877277
core6_operational_positive_weighted,13,bootstrap_refit,27,,0.3121628049649191
core6_operational_positive_weighted,13,bootstrap_refit,28,,0.443965887295863
core6_operational_positive_weighted,13,bootstrap_refit,29,,0.38053481717668025
core6_operational_positive_weighted,13,bootstrap_refit,30,,0.27927742316320936
core6_operational_positive_weighted,13,leave_cycle_out,1,2009-2010,0.46009927354914526
core6_operational_positive_weighted,13,leave_cycle_out,2,2011-2012,0.4573253164513196
core6_operational_positive_weighted,13,leave_cycle_out,3,2013-2014,0.5634326428167363
core6_operational_positive_weighted,13,leave_cycle_out,4,2015-2016,0.6592044549657959
core6_operational_positive_weighted,13,leave_cycle_out,5,2017-2018,0.5294560933325914
core6_operational_positive_weighted,13,leave_cycle_out,6,2021-2023,0.4880805822449259
core6_operational_positive_weighted,14,bootstrap_refit,1,,0.47004151935044935
core6_operational_positive_weighted,14,bootstrap_refit,2,,0.4188301535702751
core6_operational_positive_weighted,14,bootstrap_refit,3,,0.43040526749984986
core6_operational_positive_weighted,14,bootstrap_refit,4,,0.4491364657420227
core6_operational_positive_weighted,14,bootstrap_refit,5,,0.5541056926146006
core6_operational_positive_weighted,14,bootstrap_refit,6,,0.38562140645314913
core6_operational_positive_weighted,14,bootstrap_refit,7,,0.519507436705548
core6_operational_positive_weighted,14,bootstrap_refit,8,,0.46769185791107964
core6_operational_positive_weighted,14,bootstrap_refit,9,,0.5387898616965495
core6_operational_positive_weighted,14,bootstrap_refit,10,,0.44089543664511394
core6_operational_positive_weighted,14,bootstrap_refit,11,,0.40721036542467276
core6_operational_positive_weighted,14,bootstrap_refit,12,,0.49603418350278644
core6_operational_positive_weighted,14,bootstrap_refit,13,,0.467418325181761
core6_operational_positive_weighted,14,bootstrap_refit,14,,0.4655727397560507
core6_operational_positive_weighted,14,bootstrap_refit,15,,0.4259364671870867
core6_operational_positive_weighted,14,bootstrap_refit,16,,0.47906836200103137
core6_operational_positive_weighted,14,bootstrap_refit,17,,0.6437251698541239
core6_operational_positive_weighted,14,bootstrap_refit,18,,0.6464926651607611
core6_operational_positive_weighted,14,bootstrap_refit,19,,0.4617228916216474
core6_operational_positive_weighted,14,bootstrap_refit,20,,0.4996472961222377
core6_operational_positive_weighted,14,bootstrap_refit,21,,0.5021422611104853
core6_operational_positive_weighted,14,bootstrap_refit,22,,0.41759181392544314
core6_operational_positive_weighted,14,bootstrap_refit,23,,0.4692382339097921
core6_operational_positive_weighted,14,bootstrap_refit,24,,0.563073257750734
core6_operational_positive_weighted,14,bootstrap_refit,25,,0.399660465598622
core6_operational_positive_weighted,14,bootstrap_refit,26,,0.5510827003206328
core6_operational_positive_weighted,14,bootstrap_refit,27,,0.49733846124591113
core6_operational_positive_weighted,14,bootstrap_refit,28,,0.4564736142023582
core6_operational_positive_weighted,14,bootstrap_refit,29,,0.4183709995878131
core6_operational_positive_weighted,14,bootstrap_refit,30,,0.3950305787510378
core6_operational_positive_weighted,14,leave_cycle_out,1,2009-2010,0.3610363148483598
core6_operational_positive_weighted,14,leave_cycle_out,2,2011-2012,0.39843201908236286
core6_operational_positive_weighted,14,leave_cycle_out,3,2013-2014,0.5114694765777116
core6_operational_positive_weighted,14,leave_cycle_out,4,2015-2016,0.5153691375693095
core6_operational_positive_weighted,14,leave_cycle_out,5,2017-2018,0.6959327804938202
core6_operational_positive_weighted,14,leave_cycle_out,6,2021-2023,0.4920813235759922
core6_operational_positive_weighted,15,bootstrap_refit,1,,0.47508917946620366
core6_operational_positive_weighted,15,bootstrap_refit,2,,0.42260270198381794
core6_operational_positive_weighted,15,bootstrap_refit,3,,0.6092211703036441
core6_operational_positive_weighted,15,bootstrap_refit,4,,0.5276847933500564
core6_operational_positive_weighted,15,bootstrap_refit,5,,0.5304535884863213
core6_operational_positive_weighted,15,bootstrap_refit,6,,0.3977682954903797
core6_operational_positive_weighted,15,bootstrap_refit,7,,0.4296079845672489
core6_operational_positive_weighted,15,bootstrap_refit,8,,0.451258669328472
core6_operational_positive_weighted,15,bootstrap_refit,9,,0.46594588339028564
core6_operational_positive_weighted,15,bootstrap_refit,10,,0.5028203926092432
core6_operational_positive_weighted,15,bootstrap_refit,11,,0.4678143685908284
core6_operational_positive_weighted,15,bootstrap_refit,12,,0.4332953411894396
core6_operational_positive_weighted,15,bootstrap_refit,13,,0.418125020934092
core6_operational_positive_weighted,15,bootstrap_refit,14,,0.4398594811140058
core6_operational_positive_weighted,15,bootstrap_refit,15,,0.39306538468318736
core6_operational_positive_weighted,15,bootstrap_refit,16,,0.5639626762954503
core6_operational_positive_weighted,15,bootstrap_refit,17,,0.5145800894750497
core6_operational_positive_weighted,15,bootstrap_refit,18,,0.49152360635445963
core6_operational_positive_weighted,15,bootstrap_refit,19,,0.5076064667981343
core6_operational_positive_weighted,15,bootstrap_refit,20,,0.5484103921056089
core6_operational_positive_weighted,15,bootstrap_refit,21,,0.4989372555120997
core6_operational_positive_weighted,15,bootstrap_refit,22,,0.40056959923121477
core6_operational_positive_weighted,15,bootstrap_refit,23,,0.44360744251562867
core6_operational_positive_weighted,15,bootstrap_refit,24,,0.36386574741633393
core6_operational_positive_weighted,15,bootstrap_refit,25,,0.4779919621748331
core6_operational_positive_weighted,15,bootstrap_refit,26,,0.354995476151895
core6_operational_positive_weighted,15,bootstrap_refit,27,,0.5533039287826899
core6_operational_positive_weighted,15,bootstrap_refit,28,,0.41225556182011197
core6_operational_positive_weighted,15,bootstrap_refit,29,,0.3922973811297819
core6_operational_positive_weighted,15,bootstrap_refit,30,,0.48155787290878044
core6_operational_positive_weighted,15,leave_cycle_out,1,2009-2010,0.6035971223021582
core6_operational_positive_weighted,15,leave_cycle_out,2,2011-2012,0.4621220896559713
core6_operational_positive_weighted,15,leave_cycle_out,3,2013-2014,0.5356106993232356
core6_operational_positive_weighted,15,leave_cycle_out,4,2015-2016,0.5464055749221965
core6_operational_positive_weighted,15,leave_cycle_out,5,2017-2018,0.6996407716235595
core6_operational_positive_weighted,15,leave_cycle_out,6,2021-2023,0.57079900820549
core6_operational_positive_weighted,16,bootstrap_refit,1,,0.3836242521970171
core6_operational_positive_weighted,16,bootstrap_refit,2,,0.4366119094084497
core6_operational_positive_weighted,16,bootstrap_refit,3,,0.46883147494232286
core6_operational_positive_weighted,16,bootstrap_refit,4,,0.4271965340577179
core6_operational_positive_weighted,16,bootstrap_refit,5,,0.5035094324830963
core6_operational_positive_weighted,16,bootstrap_refit,6,,0.4896182666712107
core6_operational_positive_weighted,16,bootstrap_refit,7,,0.3852614301715255
core6_operational_positive_weighted,16,bootstrap_refit,8,,0.3622881424949222
core6_operational_positive_weighted,16,bootstrap_refit,9,,0.4615276190304461
core6_operational_positive_weighted,16,bootstrap_refit,10,,0.4764516713729229
core6_operational_positive_weighted,16,bootstrap_refit,11,,0.3480644959228776
core6_operational_positive_weighted,16,bootstrap_refit,12,,0.5508637600573798
core6_operational_positive_weighted,16,bootstrap_refit,13,,0.3545052068761951
core6_operational_positive_weighted,16,bootstrap_refit,14,,0.4093493083227224
core6_operational_positive_weighted,16,bootstrap_refit,15,,0.4369713194687348
core6_operational_positive_weighted,16,bootstrap_refit,16,,0.440113212283652
core6_operational_positive_weighted,16,bootstrap_refit,17,,0.35109309517696297
core6_operational_positive_weighted,16,bootstrap_refit,18,,0.5189765785680902
core6_operational_positive_weighted,16,bootstrap_refit,19,,0.367346384793841
core6_operational_positive_weighted,16,bootstrap_refit,20,,0.602381684804572
core6_operational_positive_weighted,16,bootstrap_refit,21,,0.41364481958258975
core6_operational_positive_weighted,16,bootstrap_refit,22,,0.35896550513970327
core6_operational_positive_weighted,16,bootstrap_refit,23,,0.40704334063582864
core6_operational_positive_weighted,16,bootstrap_refit,24,,0.4262893441236901
core6_operational_positive_weighted,16,bootstrap_refit,25,,0.446441880191761
core6_operational_positive_weighted,16,bootstrap_refit,26,,0.40529785567238574
core6_operational_positive_weighted,16,bootstrap_refit,27,,0.4960419050082896
core6_operational_positive_weighted,16,bootstrap_refit,28,,0.38634994892713187
core6_operational_positive_weighted,16,bootstrap_refit,29,,0.4120134368768847
core6_operational_positive_weighted,16,bootstrap_refit,30,,0.4334912587912519
core6_operational_positive_weighted,16,leave_cycle_out,1,2009-2010,0.5438154027732536
core6_operational_positive_weighted,16,leave_cycle_out,2,2011-2012,0.4316574425279515
core6_operational_positive_weighted,16,leave_cycle_out,3,2013-2014,0.3818223600611827
core6_operational_positive_weighted,16,leave_cycle_out,4,2015-2016,0.48379389709703763
core6_operational_positive_weighted,16,leave_cycle_out,5,2017-2018,0.44972543604674003
core6_operational_positive_weighted,16,leave_cycle_out,6,2021-2023,0.5601218211544589
core6_operational_positive_weighted,17,bootstrap_refit,1,,0.4947008309356922
core6_operational_positive_weighted,17,bootstrap_refit,2,,0.43533783389919484
core6_operational_positive_weighted,17,bootstrap_refit,3,,0.4191746399157923
core6_operational_positive_weighted,17,bootstrap_refit,4,,0.44452849915408116
core6_operational_positive_weighted,17,bootstrap_refit,5,,0.3233213563373518
core6_operational_positive_weighted,17,bootstrap_refit,6,,0.5087021008775978
core6_operational_positive_weighted,17,bootstrap_refit,7,,0.4673236043824417
core6_operational_positive_weighted,17,bootstrap_refit,8,,0.37793782112669094
core6_operational_positive_weighted,17,bootstrap_refit,9,,0.4110303581265808
core6_operational_positive_weighted,17,bootstrap_refit,10,,0.45235298793502665
core6_operational_positive_weighted,17,bootstrap_refit,11,,0.39315337449315985
core6_operational_positive_weighted,17,bootstrap_refit,12,,0.444243113904803
core6_operational_positive_weighted,17,bootstrap_refit,13,,0.48290900031736306
core6_operational_positive_weighted,17,bootstrap_refit,14,,0.4201361597355331
core6_operational_positive_weighted,17,bootstrap_refit,15,,0.5066529767983389
core6_operational_positive_weighted,17,bootstrap_refit,16,,0.5365784476393084
core6_operational_positive_weighted,17,bootstrap_refit,17,,0.49906423190557153
core6_operational_positive_weighted,17,bootstrap_refit,18,,0.5975608027851623
core6_operational_positive_weighted,17,bootstrap_refit,19,,0.3819218619697317
core6_operational_positive_weighted,17,bootstrap_refit,20,,0.4131795986495919
core6_operational_positive_weighted,17,bootstrap_refit,21,,0.444392411022805
core6_operational_positive_weighted,17,bootstrap_refit,22,,0.41432178526307756
core6_operational_positive_weighted,17,bootstrap_refit,23,,0.3574169294538135
core6_operational_positive_weighted,17,bootstrap_refit,24,,0.3902642854518597
core6_operational_positive_weighted,17,bootstrap_refit,25,,0.5195799363795559
core6_operational_positive_weighted,17,bootstrap_refit,26,,0.43902705502401307
core6_operational_positive_weighted,17,bootstrap_refit,27,,0.3749038057891213
core6_operational_positive_weighted,17,bootstrap_refit,28,,0.4354323620761316
core6_operational_positive_weighted,17,bootstrap_refit,29,,0.39405856628421904
core6_operational_positive_weighted,17,bootstrap_refit,30,,0.41915572546635144
core6_operational_positive_weighted,17,leave_cycle_out,1,2009-2010,0.5354556854496177
core6_operational_positive_weighted,17,leave_cycle_out,2,2011-2012,0.5528292113991653
core6_operational_positive_weighted,17,leave_cycle_out,3,2013-2014,0.5342724016267607
core6_operational_positive_weighted,17,leave_cycle_out,4,2015-2016,0.4001216315934569
core6_operational_positive_weighted,17,leave_cycle_out,5,2017-2018,0.3596584070963659
core6_operational_positive_weighted,17,leave_cycle_out,6,2021-2023,0.4206665754031912
core6_operational_positive_weighted,18,bootstrap_refit,1,,0.397311411769868
core6_operational_positive_weighted,18,bootstrap_refit,2,,0.5655322559831483
core6_operational_positive_weighted,18,bootstrap_refit,3,,0.41088204840893294
core6_operational_positive_weighted,18,bootstrap_refit,4,,0.41819215221447614
core6_operational_positive_weighted,18,bootstrap_refit,5,,0.41544800269422527
core6_operational_positive_weighted,18,bootstrap_refit,6,,0.5091484974410817
core6_operational_positive_weighted,18,bootstrap_refit,7,,0.5236971839017498
core6_operational_positive_weighted,18,bootstrap_refit,8,,0.4948092038662726
core6_operational_positive_weighted,18,bootstrap_refit,9,,0.46355992107504473
core6_operational_positive_weighted,18,bootstrap_refit,10,,0.47588453931623526
core6_operational_positive_weighted,18,bootstrap_refit,11,,0.4373435778978031
core6_operational_positive_weighted,18,bootstrap_refit,12,,0.3432604765264105
core6_operational_positive_weighted,18,bootstrap_refit,13,,0.40890440730752103
core6_operational_positive_weighted,18,bootstrap_refit,14,,0.3908116859197787
core6_operational_positive_weighted,18,bootstrap_refit,15,,0.4495773971397901
core6_operational_positive_weighted,18,bootstrap_refit,16,,0.4776486048450299
core6_operational_positive_weighted,18,bootstrap_refit,17,,0.3414832739692921
core6_operational_positive_weighted,18,bootstrap_refit,18,,0.5516980052102258
core6_operational_positive_weighted,18,bootstrap_refit,19,,0.4680370106215852
core6_operational_positive_weighted,18,bootstrap_refit,20,,0.36745351059427434
core6_operational_positive_weighted,18,bootstrap_refit,21,,0.3678041650005404
core6_operational_positive_weighted,18,bootstrap_refit,22,,0.46432437804401705
core6_operational_positive_weighted,18,bootstrap_refit,23,,0.5061352179451806
core6_operational_positive_weighted,18,bootstrap_refit,24,,0.4204048525444101
core6_operational_positive_weighted,18,bootstrap_refit,25,,0.4616690930589877
core6_operational_positive_weighted,18,bootstrap_refit,26,,0.42865469135701006
core6_operational_positive_weighted,18,bootstrap_refit,27,,0.4363867194811245
core6_operational_positive_weighted,18,bootstrap_refit,28,,0.4012291584418106
core6_operational_positive_weighted,18,bootstrap_refit,29,,0.3276566576465147
core6_operational_positive_weighted,18,bootstrap_refit,30,,0.3612496726334837
core6_operational_positive_weighted,18,leave_cycle_out,1,2009-2010,0.5118024549565717
core6_operational_positive_weighted,18,leave_cycle_out,2,2011-2012,0.5984357567601762
core6_operational_positive_weighted,18,leave_cycle_out,3,2013-2014,0.5653683343518346
core6_operational_positive_weighted,18,leave_cycle_out,4,2015-2016,0.4647721158564251
core6_operational_positive_weighted,18,leave_cycle_out,5,2017-2018,0.48111912546484636
core6_operational_positive_weighted,18,leave_cycle_out,6,2021-2023,0.5078745349315132
core6_operational_positive_weighted,19,bootstrap_refit,1,,0.44333362807994564
core6_operational_positive_weighted,19,bootstrap_refit,2,,0.5663569462801669
core6_operational_positive_weighted,19,bootstrap_refit,3,,0.36399388408958405
core6_operational_positive_weighted,19,bootstrap_refit,4,,0.43575076491149883
core6_operational_positive_weighted,19,bootstrap_refit,5,,0.46383654614465036
core6_operational_positive_weighted,19,bootstrap_refit,6,,0.41750889153450504
core6_operational_positive_weighted,19,bootstrap_refit,7,,0.41706153948284225
core6_operational_positive_weighted,19,bootstrap_refit,8,,0.37167574398963676
core6_operational_positive_weighted,19,bootstrap_refit,9,,0.3901841115921022
core6_operational_positive_weighted,19,bootstrap_refit,10,,0.35043306082569714
core6_operational_positive_weighted,19,bootstrap_refit,11,,0.3786618874011642
core6_operational_positive_weighted,19,bootstrap_refit,12,,0.39826369730028033
core6_operational_positive_weighted,19,bootstrap_refit,13,,0.41052512508920874
core6_operational_positive_weighted,19,bootstrap_refit,14,,0.5846419372252857
core6_operational_positive_weighted,19,bootstrap_refit,15,,0.3803327524754104
core6_operational_positive_weighted,19,bootstrap_refit,16,,0.3983538952363429
core6_operational_positive_weighted,19,bootstrap_refit,17,,0.508446717944288
core6_operational_positive_weighted,19,bootstrap_refit,18,,0.4404096310259816
core6_operational_positive_weighted,19,bootstrap_refit,19,,0.41682128927176026
core6_operational_positive_weighted,19,bootstrap_refit,20,,0.4883910008955689
core6_operational_positive_weighted,19,bootstrap_refit,21,,0.5173433102106738
core6_operational_positive_weighted,19,bootstrap_refit,22,,0.4224914111272045
core6_operational_positive_weighted,19,bootstrap_refit,23,,0.40116406521582315
core6_operational_positive_weighted,19,bootstrap_refit,24,,0.4814531995796885
core6_operational_positive_weighted,19,bootstrap_refit,25,,0.4888209067846629
core6_operational_positive_weighted,19,bootstrap_refit,26,,0.410056725507329
core6_operational_positive_weighted,19,bootstrap_refit,27,,0.38024211963607757
core6_operational_positive_weighted,19,bootstrap_refit,28,,0.42296985370921336
core6_operational_positive_weighted,19,bootstrap_refit,29,,0.3465657340797686
core6_operational_positive_weighted,19,bootstrap_refit,30,,0.47626929677873214
core6_operational_positive_weighted,19,leave_cycle_out,1,2009-2010,0.5055755175968283
core6_operational_positive_weighted,19,leave_cycle_out,2,2011-2012,0.46244365652044606
core6_operational_positive_weighted,19,leave_cycle_out,3,2013-2014,0.4939309170632026
core6_operational_positive_weighted,19,leave_cycle_out,4,2015-2016,0.37847941502979543
core6_operational_positive_weighted,19,leave_cycle_out,5,2017-2018,0.3583188402707582
core6_operational_positive_weighted,19,leave_cycle_out,6,2021-2023,0.3571496090448679
core6_operational_positive_weighted,20,bootstrap_refit,1,,0.3680560021749775
core6_operational_positive_weighted,20,bootstrap_refit,2,,0.4589697593890685
core6_operational_positive_weighted,20,bootstrap_refit,3,,0.41582795307411996
core6_operational_positive_weighted,20,bootstrap_refit,4,,0.43859386919056303
core6_operational_positive_weighted,20,bootstrap_refit,5,,0.42746842212666347
core6_operational_positive_weighted,20,bootstrap_refit,6,,0.4539476265087464
core6_operational_positive_weighted,20,bootstrap_refit,7,,0.3088106771707896
core6_operational_positive_weighted,20,bootstrap_refit,8,,0.44801286327351764
core6_operational_positive_weighted,20,bootstrap_refit,9,,0.41307936890958047
core6_operational_positive_weighted,20,bootstrap_refit,10,,0.47566382682192504
core6_operational_positive_weighted,20,bootstrap_refit,11,,0.3915772054787123
core6_operational_positive_weighted,20,bootstrap_refit,12,,0.3959113292543225
core6_operational_positive_weighted,20,bootstrap_refit,13,,0.3605888334484847
core6_operational_positive_weighted,20,bootstrap_refit,14,,0.3324448084912247
core6_operational_positive_weighted,20,bootstrap_refit,15,,0.35508170218869567
core6_operational_positive_weighted,20,bootstrap_refit,16,,0.3654424763264456
core6_operational_positive_weighted,20,bootstrap_refit,17,,0.591015550095164
core6_operational_positive_weighted,20,bootstrap_refit,18,,0.4559039132051439
core6_operational_positive_weighted,20,bootstrap_refit,19,,0.492718149205661
core6_operational_positive_weighted,20,bootstrap_refit,20,,0.44416483937137635
core6_operational_positive_weighted,20,bootstrap_refit,21,,0.3865567065097752
core6_operational_positive_weighted,20,bootstrap_refit,22,,0.37682622367962715
core6_operational_positive_weighted,20,bootstrap_refit,23,,0.39685362430839394
core6_operational_positive_weighted,20,bootstrap_refit,24,,0.3937440168261714
core6_operational_positive_weighted,20,bootstrap_refit,25,,0.346986982342101
core6_operational_positive_weighted,20,bootstrap_refit,26,,0.3866210731178633
core6_operational_positive_weighted,20,bootstrap_refit,27,,0.43196107072791085
core6_operational_positive_weighted,20,bootstrap_refit,28,,0.3692288050960236
core6_operational_positive_weighted,20,bootstrap_refit,29,,0.3740897880059064
core6_operational_positive_weighted,20,bootstrap_refit,30,,0.43044133456226796
core6_operational_positive_weighted,20,leave_cycle_out,1,2009-2010,0.48906076258944053
core6_operational_positive_weighted,20,leave_cycle_out,2,2011-2012,0.49186379471026254
core6_operational_positive_weighted,20,leave_cycle_out,3,2013-2014,0.507994149600138
core6_operational_positive_weighted,20,leave_cycle_out,4,2015-2016,0.4389530890529087
core6_operational_positive_weighted,20,leave_cycle_out,5,2017-2018,0.456744709178606
core6_operational_positive_weighted,20,leave_cycle_out,6,2021-2023,0.3937273270173861
expanded8_recent_equal,2,bootstrap_refit,1,,0.9510935308308671
expanded8_recent_equal,2,bootstrap_refit,2,,0.9564671382782131
expanded8_recent_equal,2,bootstrap_refit,3,,0.8671726418883607
expanded8_recent_equal,2,bootstrap_refit,4,,0.8981893455533628
expanded8_recent_equal,2,bootstrap_refit,5,,0.9564671382782131
expanded8_recent_equal,2,bootstrap_refit,6,,0.8723042852994041
expanded8_recent_equal,2,bootstrap_refit,7,,0.9510935593026447
expanded8_recent_equal,2,bootstrap_refit,8,,0.9403917574745159
expanded8_recent_equal,2,bootstrap_refit,9,,0.9191695873519883
expanded8_recent_equal,2,bootstrap_refit,10,,0.9191694663485992
expanded8_recent_equal,2,bootstrap_refit,11,,0.8266639679307843
expanded8_recent_equal,2,bootstrap_refit,12,,0.8417412843654438
expanded8_recent_equal,2,bootstrap_refit,13,,0.9139018453358954
expanded8_recent_equal,2,bootstrap_refit,14,,0.7533195279558893
expanded8_recent_equal,2,bootstrap_refit,15,,0.9297504326361377
expanded8_recent_equal,2,bootstrap_refit,16,,0.935063505567541
expanded8_recent_equal,2,bootstrap_refit,17,,0.8723042852994041
expanded8_recent_equal,2,bootstrap_refit,18,,0.821668447179642
expanded8_recent_equal,2,bootstrap_refit,19,,0.8266639679307843
expanded8_recent_equal,2,bootstrap_refit,20,,0.9403917574745159
expanded8_recent_equal,2,bootstrap_refit,21,,0.9890260842626369
expanded8_recent_equal,2,bootstrap_refit,22,,0.9781126336013913
expanded8_recent_equal,2,bootstrap_refit,23,,0.9350635352706206
expanded8_recent_equal,2,bootstrap_refit,24,,0.9510935593026447
expanded8_recent_equal,2,bootstrap_refit,25,,0.9139018453358954
expanded8_recent_equal,2,bootstrap_refit,26,,0.8671726418883607
expanded8_recent_equal,2,bootstrap_refit,27,,0.9086492241563612
expanded8_recent_equal,2,bootstrap_refit,28,,0.97267858351933
expanded8_recent_equal,2,bootstrap_refit,29,,0.8981893455533628
expanded8_recent_equal,2,bootstrap_refit,30,,0.9350635352706206
expanded8_recent_equal,2,leave_cycle_out,1,2015-2016,0.9480572973250764
expanded8_recent_equal,2,leave_cycle_out,2,2017-2018,0.9829057893442034
expanded8_recent_equal,2,leave_cycle_out,3,2021-2023,0.8542031563317579
expanded8_recent_equal,3,bootstrap_refit,1,,0.7846953175293386
expanded8_recent_equal,3,bootstrap_refit,2,,0.9070106207094023
expanded8_recent_equal,3,bootstrap_refit,3,,0.8287332698259443
expanded8_recent_equal,3,bootstrap_refit,4,,0.7444412394494778
expanded8_recent_equal,3,bootstrap_refit,5,,0.7878312712046509
expanded8_recent_equal,3,bootstrap_refit,6,,0.8493213846574297
expanded8_recent_equal,3,bootstrap_refit,7,,0.8442620090996995
expanded8_recent_equal,3,bootstrap_refit,8,,0.6149310721061011
expanded8_recent_equal,3,bootstrap_refit,9,,0.9517057156030257
expanded8_recent_equal,3,bootstrap_refit,10,,0.9012514638495429
expanded8_recent_equal,3,bootstrap_refit,11,,0.9539977060320071
expanded8_recent_equal,3,bootstrap_refit,12,,0.895371009885722
expanded8_recent_equal,3,bootstrap_refit,13,,0.9056240763081015
expanded8_recent_equal,3,bootstrap_refit,14,,0.8997715775588101
expanded8_recent_equal,3,bootstrap_refit,15,,0.77934647980967
expanded8_recent_equal,3,bootstrap_refit,16,,0.7876218568628891
expanded8_recent_equal,3,bootstrap_refit,17,,0.9626554704697862
expanded8_recent_equal,3,bootstrap_refit,18,,0.9198500698199892
expanded8_recent_equal,3,bootstrap_refit,19,,0.928145326269132
expanded8_recent_equal,3,bootstrap_refit,20,,0.8522572337312302
expanded8_recent_equal,3,bootstrap_refit,21,,0.9111069968008526
expanded8_recent_equal,3,bootstrap_refit,22,,0.6064623917604922
expanded8_recent_equal,3,bootstrap_refit,23,,0.7900044981519477
expanded8_recent_equal,3,bootstrap_refit,24,,0.8044340209588049
expanded8_recent_equal,3,bootstrap_refit,25,,0.9525813850703105
expanded8_recent_equal,3,bootstrap_refit,26,,0.8518297894401666
expanded8_recent_equal,3,bootstrap_refit,27,,0.873766071401876
expanded8_recent_equal,3,bootstrap_refit,28,,0.966259891463887
expanded8_recent_equal,3,bootstrap_refit,29,,0.7982257832979552
expanded8_recent_equal,3,bootstrap_refit,30,,0.7339410625418651
expanded8_recent_equal,3,leave_cycle_out,1,2015-2016,0.9726296325035925
expanded8_recent_equal,3,leave_cycle_out,2,2017-2018,0.9863719251925195
expanded8_recent_equal,3,leave_cycle_out,3,2021-2023,0.9563749596345168
expanded8_recent_equal,4,bootstrap_refit,1,,0.745382067362921
expanded8_recent_equal,4,bootstrap_refit,2,,0.38966563594200254
expanded8_recent_equal,4,bootstrap_refit,3,,0.6555291831898269
expanded8_recent_equal,4,bootstrap_refit,4,,0.3210898555640089
expanded8_recent_equal,4,bootstrap_refit,5,,0.3457030714702574
expanded8_recent_equal,4,bootstrap_refit,6,,0.4081986773033041
expanded8_recent_equal,4,bootstrap_refit,7,,0.6103630956239239
expanded8_recent_equal,4,bootstrap_refit,8,,0.575631134469078
expanded8_recent_equal,4,bootstrap_refit,9,,0.3334160779437446
expanded8_recent_equal,4,bootstrap_refit,10,,0.5002553024620896
expanded8_recent_equal,4,bootstrap_refit,11,,0.6145261568086213
expanded8_recent_equal,4,bootstrap_refit,12,,0.5255956900072861
expanded8_recent_equal,4,bootstrap_refit,13,,0.32741167715514824
expanded8_recent_equal,4,bootstrap_refit,14,,0.5610381035046657
expanded8_recent_equal,4,bootstrap_refit,15,,0.7853478519385702
expanded8_recent_equal,4,bootstrap_refit,16,,0.29847821504249966
expanded8_recent_equal,4,bootstrap_refit,17,,0.8293174636876706
expanded8_recent_equal,4,bootstrap_refit,18,,0.6600867431191507
expanded8_recent_equal,4,bootstrap_refit,19,,0.4148959682423054
expanded8_recent_equal,4,bootstrap_refit,20,,0.5389355438448041
expanded8_recent_equal,4,bootstrap_refit,21,,0.4172776777934913
expanded8_recent_equal,4,bootstrap_refit,22,,0.3847672804736917
expanded8_recent_equal,4,bootstrap_refit,23,,0.6935711419354985
expanded8_recent_equal,4,bootstrap_refit,24,,0.4201829581258649
expanded8_recent_equal,4,bootstrap_refit,25,,0.853297259943288
expanded8_recent_equal,4,bootstrap_refit,26,,0.559379176880236
expanded8_recent_equal,4,bootstrap_refit,27,,0.695856984896816
expanded8_recent_equal,4,bootstrap_refit,28,,0.36088274520917213
expanded8_recent_equal,4,bootstrap_refit,29,,0.3805011664274368
expanded8_recent_equal,4,bootstrap_refit,30,,0.44208824563637555
expanded8_recent_equal,4,leave_cycle_out,1,2015-2016,0.462128961838343
expanded8_recent_equal,4,leave_cycle_out,2,2017-2018,0.9337474413031187
expanded8_recent_equal,4,leave_cycle_out,3,2021-2023,0.6916128753419425
expanded8_recent_equal,5,bootstrap_refit,1,,0.510403935144495
expanded8_recent_equal,5,bootstrap_refit,2,,0.3244603981626156
expanded8_recent_equal,5,bootstrap_refit,3,,0.39596015480732133
expanded8_recent_equal,5,bootstrap_refit,4,,0.7444897584391541
expanded8_recent_equal,5,bootstrap_refit,5,,0.41537251907674155
expanded8_recent_equal,5,bootstrap_refit,6,,0.3945305216951015
expanded8_recent_equal,5,bootstrap_refit,7,,0.7256991436383189
expanded8_recent_equal,5,bootstrap_refit,8,,0.677100665152116
expanded8_recent_equal,5,bootstrap_refit,9,,0.5204125916510047
expanded8_recent_equal,5,bootstrap_refit,10,,0.6539268320289363
expanded8_recent_equal,5,bootstrap_refit,11,,0.5172903701714069
expanded8_recent_equal,5,bootstrap_refit,12,,0.7739106317749881
expanded8_recent_equal,5,bootstrap_refit,13,,0.506317941840421
expanded8_recent_equal,5,bootstrap_refit,14,,0.3689186951041427
expanded8_recent_equal,5,bootstrap_refit,15,,0.6857719526890705
expanded8_recent_equal,5,bootstrap_refit,16,,0.4314626952943644
expanded8_recent_equal,5,bootstrap_refit,17,,0.6368871268346986
expanded8_recent_equal,5,bootstrap_refit,18,,0.5266144337256318
expanded8_recent_equal,5,bootstrap_refit,19,,0.3756310565320471
expanded8_recent_equal,5,bootstrap_refit,20,,0.8397888449284135
expanded8_recent_equal,5,bootstrap_refit,21,,0.6146562965399764
expanded8_recent_equal,5,bootstrap_refit,22,,0.5136580466346605
expanded8_recent_equal,5,bootstrap_refit,23,,0.7266629623682123
expanded8_recent_equal,5,bootstrap_refit,24,,0.7106412848672349
expanded8_recent_equal,5,bootstrap_refit,25,,0.48996560435691144
expanded8_recent_equal,5,bootstrap_refit,26,,0.6012328111127043
expanded8_recent_equal,5,bootstrap_refit,27,,0.4620972008641475
expanded8_recent_equal,5,bootstrap_refit,28,,0.7417456861708638
expanded8_recent_equal,5,bootstrap_refit,29,,0.526076816041614
expanded8_recent_equal,5,bootstrap_refit,30,,0.7044893028272871
expanded8_recent_equal,5,leave_cycle_out,1,2015-2016,0.4102856609317677
expanded8_recent_equal,5,leave_cycle_out,2,2017-2018,0.6465831075027046
expanded8_recent_equal,5,leave_cycle_out,3,2021-2023,0.7947497803519418
expanded8_recent_equal,6,bootstrap_refit,1,,0.8820889734284285
expanded8_recent_equal,6,bootstrap_refit,2,,0.4440006567195332
expanded8_recent_equal,6,bootstrap_refit,3,,0.49271771518510465
expanded8_recent_equal,6,bootstrap_refit,4,,0.7352227593822493
expanded8_recent_equal,6,bootstrap_refit,5,,0.4826294865187188
expanded8_recent_equal,6,bootstrap_refit,6,,0.4882893100741874
expanded8_recent_equal,6,bootstrap_refit,7,,0.43580033388434586
expanded8_recent_equal,6,bootstrap_refit,8,,0.4689916416997789
expanded8_recent_equal,6,bootstrap_refit,9,,0.42601343459188346
expanded8_recent_equal,6,bootstrap_refit,10,,0.5984718269324606
expanded8_recent_equal,6,bootstrap_refit,11,,0.8419664207332371
expanded8_recent_equal,6,bootstrap_refit,12,,0.49772932276592496
expanded8_recent_equal,6,bootstrap_refit,13,,0.38922448381206015
expanded8_recent_equal,6,bootstrap_refit,14,,0.4756157621967789
expanded8_recent_equal,6,bootstrap_refit,15,,0.7515670756193059
expanded8_recent_equal,6,bootstrap_refit,16,,0.5247552354647638
expanded8_recent_equal,6,bootstrap_refit,17,,0.6916613335643714
expanded8_recent_equal,6,bootstrap_refit,18,,0.5013187042724617
expanded8_recent_equal,6,bootstrap_refit,19,,0.4962527620874721
expanded8_recent_equal,6,bootstrap_refit,20,,0.45727778058886986
expanded8_recent_equal,6,bootstrap_refit,21,,0.39804761713967707
expanded8_recent_equal,6,bootstrap_refit,22,,0.42893507608277426
expanded8_recent_equal,6,bootstrap_refit,23,,0.3778294892310433
expanded8_recent_equal,6,bootstrap_refit,24,,0.710015506815278
expanded8_recent_equal,6,bootstrap_refit,25,,0.5416984135681667
expanded8_recent_equal,6,bootstrap_refit,26,,0.4905868435241213
expanded8_recent_equal,6,bootstrap_refit,27,,0.44937296670532983
expanded8_recent_equal,6,bootstrap_refit,28,,0.4316545105323281
expanded8_recent_equal,6,bootstrap_refit,29,,0.5102957498430175
expanded8_recent_equal,6,bootstrap_refit,30,,0.6638750086002807
expanded8_recent_equal,6,leave_cycle_out,1,2015-2016,0.6084088103048305
expanded8_recent_equal,6,leave_cycle_out,2,2017-2018,0.9074948428683125
expanded8_recent_equal,6,leave_cycle_out,3,2021-2023,0.38497291884244506
expanded8_recent_equal,7,bootstrap_refit,1,,0.38956954355831874
expanded8_recent_equal,7,bootstrap_refit,2,,0.5233298670426522
expanded8_recent_equal,7,bootstrap_refit,3,,0.5764397205471253
expanded8_recent_equal,7,bootstrap_refit,4,,0.5809943605349237
expanded8_recent_equal,7,bootstrap_refit,5,,0.810158285963122
expanded8_recent_equal,7,bootstrap_refit,6,,0.5207528927223751
expanded8_recent_equal,7,bootstrap_refit,7,,0.507840984568345
expanded8_recent_equal,7,bootstrap_refit,8,,0.7216749798763934
expanded8_recent_equal,7,bootstrap_refit,9,,0.5608722174392592
expanded8_recent_equal,7,bootstrap_refit,10,,0.6421591387739782
expanded8_recent_equal,7,bootstrap_refit,11,,0.6052981391536804
expanded8_recent_equal,7,bootstrap_refit,12,,0.6610895833834853
expanded8_recent_equal,7,bootstrap_refit,13,,0.5840077028491101
expanded8_recent_equal,7,bootstrap_refit,14,,0.5211104529058854
expanded8_recent_equal,7,bootstrap_refit,15,,0.7466056135078303
expanded8_recent_equal,7,bootstrap_refit,16,,0.6897569678531486
expanded8_recent_equal,7,bootstrap_refit,17,,0.5355925108918338
expanded8_recent_equal,7,bootstrap_refit,18,,0.7971177358251438
expanded8_recent_equal,7,bootstrap_refit,19,,0.5728172670738853
expanded8_recent_equal,7,bootstrap_refit,20,,0.5960846992249262
expanded8_recent_equal,7,bootstrap_refit,21,,0.7921184760562122
expanded8_recent_equal,7,bootstrap_refit,22,,0.5111297314948003
expanded8_recent_equal,7,bootstrap_refit,23,,0.8486736030125446
expanded8_recent_equal,7,bootstrap_refit,24,,0.7428082504391679
expanded8_recent_equal,7,bootstrap_refit,25,,0.698851396778421
expanded8_recent_equal,7,bootstrap_refit,26,,0.46608798393934686
expanded8_recent_equal,7,bootstrap_refit,27,,0.7464336865335635
expanded8_recent_equal,7,bootstrap_refit,28,,0.5510849694461624
expanded8_recent_equal,7,bootstrap_refit,29,,0.44498708839214074
expanded8_recent_equal,7,bootstrap_refit,30,,0.5495931674957967
expanded8_recent_equal,7,leave_cycle_out,1,2015-2016,0.864354695613139
expanded8_recent_equal,7,leave_cycle_out,2,2017-2018,0.9515149441682726
expanded8_recent_equal,7,leave_cycle_out,3,2021-2023,0.2819503099707529
expanded8_recent_equal,8,bootstrap_refit,1,,0.5974757168665776
expanded8_recent_equal,8,bootstrap_refit,2,,0.7082898760278253
expanded8_recent_equal,8,bootstrap_refit,3,,0.6668498907371506
expanded8_recent_equal,8,bootstrap_refit,4,,0.4365270960707528
expanded8_recent_equal,8,bootstrap_refit,5,,0.7393866336415932
expanded8_recent_equal,8,bootstrap_refit,6,,0.7150739623411647
expanded8_recent_equal,8,bootstrap_refit,7,,0.6521732604206144
expanded8_recent_equal,8,bootstrap_refit,8,,0.6241642164276325
expanded8_recent_equal,8,bootstrap_refit,9,,0.4040308174899414
expanded8_recent_equal,8,bootstrap_refit,10,,0.7321997572190071
expanded8_recent_equal,8,bootstrap_refit,11,,0.5319869826527697
expanded8_recent_equal,8,bootstrap_refit,12,,0.6039267046817378
expanded8_recent_equal,8,bootstrap_refit,13,,0.5682700867087195
expanded8_recent_equal,8,bootstrap_refit,14,,0.8558378185911073
expanded8_recent_equal,8,bootstrap_refit,15,,0.6787578203542729
expanded8_recent_equal,8,bootstrap_refit,16,,0.6570345941202762
expanded8_recent_equal,8,bootstrap_refit,17,,0.6440115292920524
expanded8_recent_equal,8,bootstrap_refit,18,,0.6621409418758131
expanded8_recent_equal,8,bootstrap_refit,19,,0.5624352251660609
expanded8_recent_equal,8,bootstrap_refit,20,,0.574443200507582
expanded8_recent_equal,8,bootstrap_refit,21,,0.6477633586983235
expanded8_recent_equal,8,bootstrap_refit,22,,0.48854349610826364
expanded8_recent_equal,8,bootstrap_refit,23,,0.5520001234025187
expanded8_recent_equal,8,bootstrap_refit,24,,0.42874170092877867
expanded8_recent_equal,8,bootstrap_refit,25,,0.6350697164750733
expanded8_recent_equal,8,bootstrap_refit,26,,0.48254880084128304
expanded8_recent_equal,8,bootstrap_refit,27,,0.4867587663153074
expanded8_recent_equal,8,bootstrap_refit,28,,0.5175094744613206
expanded8_recent_equal,8,bootstrap_refit,29,,0.5520287673160401
expanded8_recent_equal,8,bootstrap_refit,30,,0.600766522111973
expanded8_recent_equal,8,leave_cycle_out,1,2015-2016,0.7865337752460583
expanded8_recent_equal,8,leave_cycle_out,2,2017-2018,0.7407936053486515
expanded8_recent_equal,8,leave_cycle_out,3,2021-2023,0.3139430644363987
expanded8_recent_equal,9,bootstrap_refit,1,,0.493161558565998
expanded8_recent_equal,9,bootstrap_refit,2,,0.4321506101758574
expanded8_recent_equal,9,bootstrap_refit,3,,0.6141560060391423
expanded8_recent_equal,9,bootstrap_refit,4,,0.6143769868428082
expanded8_recent_equal,9,bootstrap_refit,5,,0.506543158825393
expanded8_recent_equal,9,bootstrap_refit,6,,0.5191085090942404
expanded8_recent_equal,9,bootstrap_refit,7,,0.5273582521425358
expanded8_recent_equal,9,bootstrap_refit,8,,0.5142176463321829
expanded8_recent_equal,9,bootstrap_refit,9,,0.5145650144627713
expanded8_recent_equal,9,bootstrap_refit,10,,0.5283222128786419
expanded8_recent_equal,9,bootstrap_refit,11,,0.4998505860730704
expanded8_recent_equal,9,bootstrap_refit,12,,0.5689513953352994
expanded8_recent_equal,9,bootstrap_refit,13,,0.5851928772122136
expanded8_recent_equal,9,bootstrap_refit,14,,0.6097895979054381
expanded8_recent_equal,9,bootstrap_refit,15,,0.49564076103198157
expanded8_recent_equal,9,bootstrap_refit,16,,0.41520969722576656
expanded8_recent_equal,9,bootstrap_refit,17,,0.5991858880993747
expanded8_recent_equal,9,bootstrap_refit,18,,0.4809617229257087
expanded8_recent_equal,9,bootstrap_refit,19,,0.5368954634121548
expanded8_recent_equal,9,bootstrap_refit,20,,0.5443116427602114
expanded8_recent_equal,9,bootstrap_refit,21,,0.5012385601857194
expanded8_recent_equal,9,bootstrap_refit,22,,0.38180948867535003
expanded8_recent_equal,9,bootstrap_refit,23,,0.46107734950219686
expanded8_recent_equal,9,bootstrap_refit,24,,0.49291518384679056
expanded8_recent_equal,9,bootstrap_refit,25,,0.5458420533383745
expanded8_recent_equal,9,bootstrap_refit,26,,0.4907116793507147
expanded8_recent_equal,9,bootstrap_refit,27,,0.49663039284564026
expanded8_recent_equal,9,bootstrap_refit,28,,0.45754435003962884
expanded8_recent_equal,9,bootstrap_refit,29,,0.5031747281466336
expanded8_recent_equal,9,bootstrap_refit,30,,0.6023175532722443
expanded8_recent_equal,9,leave_cycle_out,1,2015-2016,0.6155902737477801
expanded8_recent_equal,9,leave_cycle_out,2,2017-2018,0.6676970002849246
expanded8_recent_equal,9,leave_cycle_out,3,2021-2023,0.5930234162864483
expanded8_recent_equal,10,bootstrap_refit,1,,0.5882527493953139
expanded8_recent_equal,10,bootstrap_refit,2,,0.47144465391076756
expanded8_recent_equal,10,bootstrap_refit,3,,0.4791366514545403
expanded8_recent_equal,10,bootstrap_refit,4,,0.5167332087189633
expanded8_recent_equal,10,bootstrap_refit,5,,0.44640153648969166
expanded8_recent_equal,10,bootstrap_refit,6,,0.527726282728811
expanded8_recent_equal,10,bootstrap_refit,7,,0.4048649866367506
expanded8_recent_equal,10,bootstrap_refit,8,,0.535562299115752
expanded8_recent_equal,10,bootstrap_refit,9,,0.5569898933314681
expanded8_recent_equal,10,bootstrap_refit,10,,0.5133613289669683
expanded8_recent_equal,10,bootstrap_refit,11,,0.5289370648298872
expanded8_recent_equal,10,bootstrap_refit,12,,0.43531811605624776
expanded8_recent_equal,10,bootstrap_refit,13,,0.5301803699386217
expanded8_recent_equal,10,bootstrap_refit,14,,0.6087537257264531
expanded8_recent_equal,10,bootstrap_refit,15,,0.7022068286712918
expanded8_recent_equal,10,bootstrap_refit,16,,0.4890275282526741
expanded8_recent_equal,10,bootstrap_refit,17,,0.5297122935952102
expanded8_recent_equal,10,bootstrap_refit,18,,0.5627577986656166
expanded8_recent_equal,10,bootstrap_refit,19,,0.5602266405498559
expanded8_recent_equal,10,bootstrap_refit,20,,0.6130286865248374
expanded8_recent_equal,10,bootstrap_refit,21,,0.4320466638149327
expanded8_recent_equal,10,bootstrap_refit,22,,0.5338604344065834
expanded8_recent_equal,10,bootstrap_refit,23,,0.48182672992593234
expanded8_recent_equal,10,bootstrap_refit,24,,0.546348058860049
expanded8_recent_equal,10,bootstrap_refit,25,,0.49669623283660636
expanded8_recent_equal,10,bootstrap_refit,26,,0.5301673534927244
expanded8_recent_equal,10,bootstrap_refit,27,,0.42747187590850455
expanded8_recent_equal,10,bootstrap_refit,28,,0.39425538532121196
expanded8_recent_equal,10,bootstrap_refit,29,,0.3140433788198542
expanded8_recent_equal,10,bootstrap_refit,30,,0.46598429153174925
expanded8_recent_equal,10,leave_cycle_out,1,2015-2016,0.7633746186164342
expanded8_recent_equal,10,leave_cycle_out,2,2017-2018,0.674378600967674
expanded8_recent_equal,10,leave_cycle_out,3,2021-2023,0.419671460015011
expanded8_recent_equal,11,bootstrap_refit,1,,0.47207342749766323
expanded8_recent_equal,11,bootstrap_refit,2,,0.4966062871564119
expanded8_recent_equal,11,bootstrap_refit,3,,0.4560582538915175
expanded8_recent_equal,11,bootstrap_refit,4,,0.5724182969112591
expanded8_recent_equal,11,bootstrap_refit,5,,0.5246087935203834
expanded8_recent_equal,11,bootstrap_refit,6,,0.4316553651586346
expanded8_recent_equal,11,bootstrap_refit,7,,0.4287326951513675
expanded8_recent_equal,11,bootstrap_refit,8,,0.4548161213281537
expanded8_recent_equal,11,bootstrap_refit,9,,0.4314481175891095
expanded8_recent_equal,11,bootstrap_refit,10,,0.44271715493067526
expanded8_recent_equal,11,bootstrap_refit,11,,0.4947207531836579
expanded8_recent_equal,11,bootstrap_refit,12,,0.48852817955528505
expanded8_recent_equal,11,bootstrap_refit,13,,0.4893528529714448
expanded8_recent_equal,11,bootstrap_refit,14,,0.6291731349302475
expanded8_recent_equal,11,bootstrap_refit,15,,0.5785638222284348
expanded8_recent_equal,11,bootstrap_refit,16,,0.501612040410322
expanded8_recent_equal,11,bootstrap_refit,17,,0.6059074088535378
expanded8_recent_equal,11,bootstrap_refit,18,,0.48572193940508845
expanded8_recent_equal,11,bootstrap_refit,19,,0.39577119956042794
expanded8_recent_equal,11,bootstrap_refit,20,,0.5294495330637703
expanded8_recent_equal,11,bootstrap_refit,21,,0.593557118473056
expanded8_recent_equal,11,bootstrap_refit,22,,0.5185914547628849
expanded8_recent_equal,11,bootstrap_refit,23,,0.42403642788281076
expanded8_recent_equal,11,bootstrap_refit,24,,0.6459091509740407
expanded8_recent_equal,11,bootstrap_refit,25,,0.5166315911623438
expanded8_recent_equal,11,bootstrap_refit,26,,0.43721942871189273
expanded8_recent_equal,11,bootstrap_refit,27,,0.40508997889549697
expanded8_recent_equal,11,bootstrap_refit,28,,0.6157466154768738
expanded8_recent_equal,11,bootstrap_refit,29,,0.4926096944247576
expanded8_recent_equal,11,bootstrap_refit,30,,0.49247774882791995
expanded8_recent_equal,11,leave_cycle_out,1,2015-2016,0.597253608967382
expanded8_recent_equal,11,leave_cycle_out,2,2017-2018,0.6414977638080969
expanded8_recent_equal,11,leave_cycle_out,3,2021-2023,0.42425577147107296
expanded8_recent_equal,12,bootstrap_refit,1,,0.6161425875036696
expanded8_recent_equal,12,bootstrap_refit,2,,0.4168357349780354
expanded8_recent_equal,12,bootstrap_refit,3,,0.4538566703896542
expanded8_recent_equal,12,bootstrap_refit,4,,0.39934268273809465
expanded8_recent_equal,12,bootstrap_refit,5,,0.5246125390891367
expanded8_recent_equal,12,bootstrap_refit,6,,0.3473254575578549
expanded8_recent_equal,12,bootstrap_refit,7,,0.46711012536142876
expanded8_recent_equal,12,bootstrap_refit,8,,0.6115465989553317
expanded8_recent_equal,12,bootstrap_refit,9,,0.4440693574780317
expanded8_recent_equal,12,bootstrap_refit,10,,0.4866570925391236
expanded8_recent_equal,12,bootstrap_refit,11,,0.4438994756530771
expanded8_recent_equal,12,bootstrap_refit,12,,0.5769609408647499
expanded8_recent_equal,12,bootstrap_refit,13,,0.5160326734036101
expanded8_recent_equal,12,bootstrap_refit,14,,0.37335523162922013
expanded8_recent_equal,12,bootstrap_refit,15,,0.6085058774324065
expanded8_recent_equal,12,bootstrap_refit,16,,0.5053391257189552
expanded8_recent_equal,12,bootstrap_refit,17,,0.4394882867030896
expanded8_recent_equal,12,bootstrap_refit,18,,0.5021171448489637
expanded8_recent_equal,12,bootstrap_refit,19,,0.5712034778193588
expanded8_recent_equal,12,bootstrap_refit,20,,0.5186033539469422
expanded8_recent_equal,12,bootstrap_refit,21,,0.41745554861048817
expanded8_recent_equal,12,bootstrap_refit,22,,0.4810706889512553
expanded8_recent_equal,12,bootstrap_refit,23,,0.4800146390966902
expanded8_recent_equal,12,bootstrap_refit,24,,0.570947436239539
expanded8_recent_equal,12,bootstrap_refit,25,,0.5907965027945622
expanded8_recent_equal,12,bootstrap_refit,26,,0.6910783596111667
expanded8_recent_equal,12,bootstrap_refit,27,,0.5226339516713427
expanded8_recent_equal,12,bootstrap_refit,28,,0.3844905001698831
expanded8_recent_equal,12,bootstrap_refit,29,,0.4692746042201149
expanded8_recent_equal,12,bootstrap_refit,30,,0.4016870637879865
expanded8_recent_equal,12,leave_cycle_out,1,2015-2016,0.5942368809101136
expanded8_recent_equal,12,leave_cycle_out,2,2017-2018,0.4276184871331671
expanded8_recent_equal,12,leave_cycle_out,3,2021-2023,0.44414658656670564
expanded8_recent_equal,13,bootstrap_refit,1,,0.383033335824087
expanded8_recent_equal,13,bootstrap_refit,2,,0.42288692060379374
expanded8_recent_equal,13,bootstrap_refit,3,,0.5420243596799497
expanded8_recent_equal,13,bootstrap_refit,4,,0.4015064995512728
expanded8_recent_equal,13,bootstrap_refit,5,,0.4885053351920985
expanded8_recent_equal,13,bootstrap_refit,6,,0.38984495885289117
expanded8_recent_equal,13,bootstrap_refit,7,,0.4190707683609246
expanded8_recent_equal,13,bootstrap_refit,8,,0.4643528149358394
expanded8_recent_equal,13,bootstrap_refit,9,,0.4644400159389822
expanded8_recent_equal,13,bootstrap_refit,10,,0.4605885911126059
expanded8_recent_equal,13,bootstrap_refit,11,,0.5033082477212084
expanded8_recent_equal,13,bootstrap_refit,12,,0.4981037165770007
expanded8_recent_equal,13,bootstrap_refit,13,,0.4261357663229407
expanded8_recent_equal,13,bootstrap_refit,14,,0.4578679788731063
expanded8_recent_equal,13,bootstrap_refit,15,,0.389766555104801
expanded8_recent_equal,13,bootstrap_refit,16,,0.4101514212332027
expanded8_recent_equal,13,bootstrap_refit,17,,0.43016194595845103
expanded8_recent_equal,13,bootstrap_refit,18,,0.4813844286611532
expanded8_recent_equal,13,bootstrap_refit,19,,0.42920034811463725
expanded8_recent_equal,13,bootstrap_refit,20,,0.4530394902756751
expanded8_recent_equal,13,bootstrap_refit,21,,0.34333087151732167
expanded8_recent_equal,13,bootstrap_refit,22,,0.4721374413689091
expanded8_recent_equal,13,bootstrap_refit,23,,0.3669025119257972
expanded8_recent_equal,13,bootstrap_refit,24,,0.3216847332394549
expanded8_recent_equal,13,bootstrap_refit,25,,0.46166389461424956
expanded8_recent_equal,13,bootstrap_refit,26,,0.32897743412381986
expanded8_recent_equal,13,bootstrap_refit,27,,0.3992350067114725
expanded8_recent_equal,13,bootstrap_refit,28,,0.36960670667951023
expanded8_recent_equal,13,bootstrap_refit,29,,0.3391199031077091
expanded8_recent_equal,13,bootstrap_refit,30,,0.4231591159461532
expanded8_recent_equal,13,leave_cycle_out,1,2015-2016,0.4566949518476667
expanded8_recent_equal,13,leave_cycle_out,2,2017-2018,0.569997895537634
expanded8_recent_equal,13,leave_cycle_out,3,2021-2023,0.37579615709912206
expanded8_recent_equal,14,bootstrap_refit,1,,0.46144233526369466
expanded8_recent_equal,14,bootstrap_refit,2,,0.3700692528230198
expanded8_recent_equal,14,bootstrap_refit,3,,0.5830708619603013
expanded8_recent_equal,14,bootstrap_refit,4,,0.4104848097495653
expanded8_recent_equal,14,bootstrap_refit,5,,0.47724128807558586
expanded8_recent_equal,14,bootstrap_refit,6,,0.6121293102080437
expanded8_recent_equal,14,bootstrap_refit,7,,0.3772520828143919
expanded8_recent_equal,14,bootstrap_refit,8,,0.41971610995623027
expanded8_recent_equal,14,bootstrap_refit,9,,0.4121717467460256
expanded8_recent_equal,14,bootstrap_refit,10,,0.318137488209588
expanded8_recent_equal,14,bootstrap_refit,11,,0.4967927763193892
expanded8_recent_equal,14,bootstrap_refit,12,,0.501173802139626
expanded8_recent_equal,14,bootstrap_refit,13,,0.4880584333486205
expanded8_recent_equal,14,bootstrap_refit,14,,0.5221094528377465
expanded8_recent_equal,14,bootstrap_refit,15,,0.440263285805836
expanded8_recent_equal,14,bootstrap_refit,16,,0.40215541316663217
expanded8_recent_equal,14,bootstrap_refit,17,,0.4359504485066053
expanded8_recent_equal,14,bootstrap_refit,18,,0.42606831485871205
expanded8_recent_equal,14,bootstrap_refit,19,,0.4524602153126331
expanded8_recent_equal,14,bootstrap_refit,20,,0.49760408897084546
expanded8_recent_equal,14,bootstrap_refit,21,,0.40683657986422306
expanded8_recent_equal,14,bootstrap_refit,22,,0.4114052802180384
expanded8_recent_equal,14,bootstrap_refit,23,,0.4122403150003558
expanded8_recent_equal,14,bootstrap_refit,24,,0.4494250004041174
expanded8_recent_equal,14,bootstrap_refit,25,,0.37641062579700063
expanded8_recent_equal,14,bootstrap_refit,26,,0.4410215722444838
expanded8_recent_equal,14,bootstrap_refit,27,,0.5369686353737314
expanded8_recent_equal,14,bootstrap_refit,28,,0.5904979268468966
expanded8_recent_equal,14,bootstrap_refit,29,,0.39251095854716805
expanded8_recent_equal,14,bootstrap_refit,30,,0.378861581182927
expanded8_recent_equal,14,leave_cycle_out,1,2015-2016,0.4356257827881613
expanded8_recent_equal,14,leave_cycle_out,2,2017-2018,0.5280311522334501
expanded8_recent_equal,14,leave_cycle_out,3,2021-2023,0.4550880464843578
expanded8_recent_equal,15,bootstrap_refit,1,,0.43730469921581366
expanded8_recent_equal,15,bootstrap_refit,2,,0.4646593820736798
expanded8_recent_equal,15,bootstrap_refit,3,,0.5619055253274456
expanded8_recent_equal,15,bootstrap_refit,4,,0.4862547118688692
expanded8_recent_equal,15,bootstrap_refit,5,,0.48613460956714183
expanded8_recent_equal,15,bootstrap_refit,6,,0.41986454058129846
expanded8_recent_equal,15,bootstrap_refit,7,,0.43389511822323984
expanded8_recent_equal,15,bootstrap_refit,8,,0.3228234998013653
expanded8_recent_equal,15,bootstrap_refit,9,,0.49262053699664393
expanded8_recent_equal,15,bootstrap_refit,10,,0.4157170330335656
expanded8_recent_equal,15,bootstrap_refit,11,,0.4550078599611105
expanded8_recent_equal,15,bootstrap_refit,12,,0.34695158308750457
expanded8_recent_equal,15,bootstrap_refit,13,,0.5151470000365607
expanded8_recent_equal,15,bootstrap_refit,14,,0.4017678464264174
expanded8_recent_equal,15,bootstrap_refit,15,,0.5082038143297563
expanded8_recent_equal,15,bootstrap_refit,16,,0.4283596923697375
expanded8_recent_equal,15,bootstrap_refit,17,,0.4424818485806708
expanded8_recent_equal,15,bootstrap_refit,18,,0.4060913508894492
expanded8_recent_equal,15,bootstrap_refit,19,,0.5241987132739608
expanded8_recent_equal,15,bootstrap_refit,20,,0.34646322381083255
expanded8_recent_equal,15,bootstrap_refit,21,,0.48341360915105963
expanded8_recent_equal,15,bootstrap_refit,22,,0.3734701443552655
expanded8_recent_equal,15,bootstrap_refit,23,,0.4824009260189543
expanded8_recent_equal,15,bootstrap_refit,24,,0.508904975244256
expanded8_recent_equal,15,bootstrap_refit,25,,0.4632816686772269
expanded8_recent_equal,15,bootstrap_refit,26,,0.3652270428394903
expanded8_recent_equal,15,bootstrap_refit,27,,0.34957784326802216
expanded8_recent_equal,15,bootstrap_refit,28,,0.44763028476665445
expanded8_recent_equal,15,bootstrap_refit,29,,0.600634790823754
expanded8_recent_equal,15,bootstrap_refit,30,,0.46477530268202305
expanded8_recent_equal,15,leave_cycle_out,1,2015-2016,0.48472245064537156
expanded8_recent_equal,15,leave_cycle_out,2,2017-2018,0.47681278311906156
expanded8_recent_equal,15,leave_cycle_out,3,2021-2023,0.40926439729540687
