feature,importance
fbs,0.5354562000566541
hba1c,0.36887785264645984
triglycerides,0.038158704232736956
bmi,0.021630118964626383
hdl,0.02128617244218094
ldl,0.014590951657341873
