{
  "dataset_size": 1063,
  "n_clusters": 4,
  "silhouette_score": 0.1871,
  "random_forest": {
    "train_accuracy": 1.0,
    "test_accuracy": 0.9906103286384976,
    "cv_score": 0.989653645141288
  },
  "xgboost": {
    "train_accuracy": 1.0,
    "test_accuracy": 0.9859154929577465,
    "cv_score": 0.990597041367703
  }
}